"var_main_effect","var_inter_effect","cov_main_inter_effect","var_total_effect","GCTA_main","GCTA_interaction","prop_main","prop_interaction","sub_GCTA_main","sub_GCTA_interaction","sub_prop_main","sub_prop_interaction","x_dist","structure","p","n","main_fixed_var","main_random_var","inter_fixed_var","inter_random_var","interaction_m","combine","pro","n_sub","inter_std","i"
44.6152435885829,0,0,44.6152435885829,59.1397104443679,0,45.5630321790988,0,54.016492363731,0,47.0228017344098,0,"normal","un",33,1500,0.5,0,0,0,0,FALSE,0.5,500,TRUE,4
44.6152435885829,0,0,44.6152435885829,59.1397104443679,0,45.5630321790988,0,60.1398770918013,0,46.889946025363,0,"normal","un",33,1500,0.5,0,0,0,0,FALSE,0.5,500,TRUE,4
44.6152435885829,0,0,44.6152435885829,59.1397104443679,0,45.5630321790988,0,57.8245195514728,0,47.4906022844167,0,"normal","un",33,1500,0.5,0,0,0,0,FALSE,0.5,500,TRUE,4
44.6152435885829,0,0,44.6152435885829,59.1397104443679,0,45.5630321790988,0,69.5256608823204,0,45.6780494576638,0,"normal","un",33,1500,0.5,0,0,0,0,FALSE,0.5,500,TRUE,4
44.6152435885829,0,0,44.6152435885829,59.1397104443679,0,45.5630321790988,0,55.3668643913942,0,44.8264494478946,0,"normal","un",33,1500,0.5,0,0,0,0,FALSE,0.5,500,TRUE,4
44.6152435885829,0,0,44.6152435885829,59.1397104443679,0,45.5630321790988,0,59.2631053071685,0,48.018899380133,0,"normal","un",33,1500,0.5,0,0,0,0,FALSE,0.5,500,TRUE,4
44.6152435885829,0,0,44.6152435885829,59.1397104443679,0,45.5630321790988,0,48.7537546952555,0,44.7556595948855,0,"normal","un",33,1500,0.5,0,0,0,0,FALSE,0.5,500,TRUE,4
44.6152435885829,0,0,44.6152435885829,59.1397104443679,0,45.5630321790988,0,46.575518013232,0,42.7100380146072,0,"normal","un",33,1500,0.5,0,0,0,0,FALSE,0.5,500,TRUE,4
44.6152435885829,0,0,44.6152435885829,59.1397104443679,0,45.5630321790988,0,42.8004759177407,0,44.4532979501558,0,"normal","un",33,1500,0.5,0,0,0,0,FALSE,0.5,500,TRUE,4
44.6152435885829,0,0,44.6152435885829,59.1397104443679,0,45.5630321790988,0,48.0032516072412,0,40.7475539023072,0,"normal","un",33,1500,0.5,0,0,0,0,FALSE,0.5,500,TRUE,4
44.6152435885829,0,0,44.6152435885829,59.1397104443679,0,45.5630321790988,0,53.466385820899,0,49.316720854646,0,"normal","un",33,1500,0.5,0,0,0,0,FALSE,0.5,500,TRUE,4
44.6152435885829,0,0,44.6152435885829,59.1397104443679,0,45.5630321790988,0,52.4465877908839,0,47.7106055296107,0,"normal","un",33,1500,0.5,0,0,0,0,FALSE,0.5,500,TRUE,4
44.6152435885829,0,0,44.6152435885829,59.1397104443679,0,45.5630321790988,0,46.8323774851392,0,45.3924823650759,0,"normal","un",33,1500,0.5,0,0,0,0,FALSE,0.5,500,TRUE,4
44.6152435885829,0,0,44.6152435885829,59.1397104443679,0,45.5630321790988,0,55.8649930904111,0,44.5536215841177,0,"normal","un",33,1500,0.5,0,0,0,0,FALSE,0.5,500,TRUE,4
44.6152435885829,0,0,44.6152435885829,59.1397104443679,0,45.5630321790988,0,67.2079031484622,0,45.1558477574575,0,"normal","un",33,1500,0.5,0,0,0,0,FALSE,0.5,500,TRUE,4
44.6152435885829,0,0,44.6152435885829,59.1397104443679,0,45.5630321790988,0,53.6466477039455,0,45.3481021455926,0,"normal","un",33,1500,0.5,0,0,0,0,FALSE,0.5,500,TRUE,4
44.6152435885829,0,0,44.6152435885829,59.1397104443679,0,45.5630321790988,0,52.9261912907607,0,47.1188546867066,0,"normal","un",33,1500,0.5,0,0,0,0,FALSE,0.5,500,TRUE,4
44.6152435885829,0,0,44.6152435885829,59.1397104443679,0,45.5630321790988,0,54.7311047994276,0,48.6391092280326,0,"normal","un",33,1500,0.5,0,0,0,0,FALSE,0.5,500,TRUE,4
44.6152435885829,0,0,44.6152435885829,59.1397104443679,0,45.5630321790988,0,39.9175673715214,0,42.8241913622829,0,"normal","un",33,1500,0.5,0,0,0,0,FALSE,0.5,500,TRUE,4
44.6152435885829,0,0,44.6152435885829,59.1397104443679,0,45.5630321790988,0,51.848176558646,0,46.1115335640355,0,"normal","un",33,1500,0.5,0,0,0,0,FALSE,0.5,500,TRUE,4
44.6152435885829,0,0,44.6152435885829,59.1397104443679,0,45.5630321790988,0,59.2699269173133,0,51.5300851272636,0,"normal","un",33,1500,0.5,0,0,0,0,FALSE,0.5,500,TRUE,4
44.6152435885829,0,0,44.6152435885829,59.1397104443679,0,45.5630321790988,0,69.0705834556129,0,48.9335889270469,0,"normal","un",33,1500,0.5,0,0,0,0,FALSE,0.5,500,TRUE,4
44.6152435885829,0,0,44.6152435885829,59.1397104443679,0,45.5630321790988,0,56.5178754480834,0,49.2797347597844,0,"normal","un",33,1500,0.5,0,0,0,0,FALSE,0.5,500,TRUE,4
44.6152435885829,0,0,44.6152435885829,59.1397104443679,0,45.5630321790988,0,51.9374740796776,0,48.1318554725983,0,"normal","un",33,1500,0.5,0,0,0,0,FALSE,0.5,500,TRUE,4
44.6152435885829,0,0,44.6152435885829,59.1397104443679,0,45.5630321790988,0,56.0325592222247,0,46.8269529559225,0,"normal","un",33,1500,0.5,0,0,0,0,FALSE,0.5,500,TRUE,4
44.6152435885829,0,0,44.6152435885829,59.1397104443679,0,45.5630321790988,0,50.572480628669,0,44.7671855037631,0,"normal","un",33,1500,0.5,0,0,0,0,FALSE,0.5,500,TRUE,4
44.6152435885829,0,0,44.6152435885829,59.1397104443679,0,45.5630321790988,0,52.0420600955869,0,49.0648685505514,0,"normal","un",33,1500,0.5,0,0,0,0,FALSE,0.5,500,TRUE,4
44.6152435885829,0,0,44.6152435885829,59.1397104443679,0,45.5630321790988,0,54.2358417698284,0,42.3721210422097,0,"normal","un",33,1500,0.5,0,0,0,0,FALSE,0.5,500,TRUE,4
44.6152435885829,0,0,44.6152435885829,59.1397104443679,0,45.5630321790988,0,52.5854917205111,0,50.4253285449658,0,"normal","un",33,1500,0.5,0,0,0,0,FALSE,0.5,500,TRUE,4
44.6152435885829,0,0,44.6152435885829,59.1397104443679,0,45.5630321790988,0,47.0507553872614,0,43.8529941559265,0,"normal","un",33,1500,0.5,0,0,0,0,FALSE,0.5,500,TRUE,4
44.6152435885829,0,0,44.6152435885829,59.1397104443679,0,45.5630321790988,0,50.8126581838293,0,45.7716082382371,0,"normal","un",33,1500,0.5,0,0,0,0,FALSE,0.5,500,TRUE,4
44.6152435885829,0,0,44.6152435885829,59.1397104443679,0,45.5630321790988,0,69.3830774058209,0,47.7002041295724,0,"normal","un",33,1500,0.5,0,0,0,0,FALSE,0.5,500,TRUE,4
44.6152435885829,0,0,44.6152435885829,59.1397104443679,0,45.5630321790988,0,52.368018777985,0,47.5276003117167,0,"normal","un",33,1500,0.5,0,0,0,0,FALSE,0.5,500,TRUE,4
44.6152435885829,0,0,44.6152435885829,59.1397104443679,0,45.5630321790988,0,64.5759912860976,0,45.0890809909931,0,"normal","un",33,1500,0.5,0,0,0,0,FALSE,0.5,500,TRUE,4
44.6152435885829,0,0,44.6152435885829,59.1397104443679,0,45.5630321790988,0,47.9691592478032,0,43.447605534318,0,"normal","un",33,1500,0.5,0,0,0,0,FALSE,0.5,500,TRUE,4
44.6152435885829,0,0,44.6152435885829,59.1397104443679,0,45.5630321790988,0,62.3622913087068,0,44.9100879795688,0,"normal","un",33,1500,0.5,0,0,0,0,FALSE,0.5,500,TRUE,4
44.6152435885829,0,0,44.6152435885829,59.1397104443679,0,45.5630321790988,0,54.1251248767731,0,42.6673080840662,0,"normal","un",33,1500,0.5,0,0,0,0,FALSE,0.5,500,TRUE,4
44.6152435885829,0,0,44.6152435885829,59.1397104443679,0,45.5630321790988,0,63.4833644759846,0,47.1698045154004,0,"normal","un",33,1500,0.5,0,0,0,0,FALSE,0.5,500,TRUE,4
44.6152435885829,0,0,44.6152435885829,59.1397104443679,0,45.5630321790988,0,40.5004336708144,0,46.1818603781123,0,"normal","un",33,1500,0.5,0,0,0,0,FALSE,0.5,500,TRUE,4
44.6152435885829,0,0,44.6152435885829,59.1397104443679,0,45.5630321790988,0,46.8161096384701,0,47.1954424901441,0,"normal","un",33,1500,0.5,0,0,0,0,FALSE,0.5,500,TRUE,4
44.6152435885829,0,0,44.6152435885829,59.1397104443679,0,45.5630321790988,0,46.6079230177762,0,43.9972562848377,0,"normal","un",33,1500,0.5,0,0,0,0,FALSE,0.5,500,TRUE,4
44.6152435885829,0,0,44.6152435885829,59.1397104443679,0,45.5630321790988,0,52.0742790589003,0,45.3002150365969,0,"normal","un",33,1500,0.5,0,0,0,0,FALSE,0.5,500,TRUE,4
44.6152435885829,0,0,44.6152435885829,59.1397104443679,0,45.5630321790988,0,51.4705090157351,0,48.644154804746,0,"normal","un",33,1500,0.5,0,0,0,0,FALSE,0.5,500,TRUE,4
44.6152435885829,0,0,44.6152435885829,59.1397104443679,0,45.5630321790988,0,48.1038822875476,0,45.6526861964683,0,"normal","un",33,1500,0.5,0,0,0,0,FALSE,0.5,500,TRUE,4
44.6152435885829,0,0,44.6152435885829,59.1397104443679,0,45.5630321790988,0,58.3127607619326,0,46.8491801517016,0,"normal","un",33,1500,0.5,0,0,0,0,FALSE,0.5,500,TRUE,4
44.6152435885829,0,0,44.6152435885829,59.1397104443679,0,45.5630321790988,0,49.2719703510137,0,45.5595363865554,0,"normal","un",33,1500,0.5,0,0,0,0,FALSE,0.5,500,TRUE,4
44.6152435885829,0,0,44.6152435885829,59.1397104443679,0,45.5630321790988,0,68.7683799327961,0,43.2862329754268,0,"normal","un",33,1500,0.5,0,0,0,0,FALSE,0.5,500,TRUE,4
44.6152435885829,0,0,44.6152435885829,59.1397104443679,0,45.5630321790988,0,50.69392627216,0,44.9166749798258,0,"normal","un",33,1500,0.5,0,0,0,0,FALSE,0.5,500,TRUE,4
44.6152435885829,0,0,44.6152435885829,59.1397104443679,0,45.5630321790988,0,47.6489889573399,0,46.6013531424639,0,"normal","un",33,1500,0.5,0,0,0,0,FALSE,0.5,500,TRUE,4
44.6152435885829,0,0,44.6152435885829,59.1397104443679,0,45.5630321790988,0,47.9840158377839,0,45.9140908563726,0,"normal","un",33,1500,0.5,0,0,0,0,FALSE,0.5,500,TRUE,4
44.6152435885829,0,0,44.6152435885829,59.1397104443679,0,45.5630321790988,0,49.1383096845039,0,41.2445076830331,0,"normal","un",33,1500,0.5,0,0,0,0,FALSE,0.5,500,TRUE,4
44.6152435885829,0,0,44.6152435885829,59.1397104443679,0,45.5630321790988,0,51.5612289703655,0,48.4734271329421,0,"normal","un",33,1500,0.5,0,0,0,0,FALSE,0.5,500,TRUE,4
44.6152435885829,0,0,44.6152435885829,59.1397104443679,0,45.5630321790988,0,56.9854328407533,0,45.5483933167353,0,"normal","un",33,1500,0.5,0,0,0,0,FALSE,0.5,500,TRUE,4
44.6152435885829,0,0,44.6152435885829,59.1397104443679,0,45.5630321790988,0,63.5124479155019,0,44.2766875884767,0,"normal","un",33,1500,0.5,0,0,0,0,FALSE,0.5,500,TRUE,4
44.6152435885829,0,0,44.6152435885829,59.1397104443679,0,45.5630321790988,0,53.7591072861034,0,45.9540391581426,0,"normal","un",33,1500,0.5,0,0,0,0,FALSE,0.5,500,TRUE,4
44.6152435885829,0,0,44.6152435885829,59.1397104443679,0,45.5630321790988,0,49.7188761984074,0,45.63223772674,0,"normal","un",33,1500,0.5,0,0,0,0,FALSE,0.5,500,TRUE,4
44.6152435885829,0,0,44.6152435885829,59.1397104443679,0,45.5630321790988,0,61.910733801657,0,45.9094058096749,0,"normal","un",33,1500,0.5,0,0,0,0,FALSE,0.5,500,TRUE,4
44.6152435885829,0,0,44.6152435885829,59.1397104443679,0,45.5630321790988,0,50.3577980358993,0,44.0253428568808,0,"normal","un",33,1500,0.5,0,0,0,0,FALSE,0.5,500,TRUE,4
44.6152435885829,0,0,44.6152435885829,59.1397104443679,0,45.5630321790988,0,67.1676781264032,0,44.2411243914431,0,"normal","un",33,1500,0.5,0,0,0,0,FALSE,0.5,500,TRUE,4
44.6152435885829,0,0,44.6152435885829,59.1397104443679,0,45.5630321790988,0,62.8723666778977,0,50.3425841842545,0,"normal","un",33,1500,0.5,0,0,0,0,FALSE,0.5,500,TRUE,4
44.6152435885829,0,0,44.6152435885829,59.1397104443679,0,45.5630321790988,0,52.2750176553398,0,46.8178682223104,0,"normal","un",33,1500,0.5,0,0,0,0,FALSE,0.5,500,TRUE,4
44.6152435885829,0,0,44.6152435885829,59.1397104443679,0,45.5630321790988,0,49.1180123000554,0,45.4964307568648,0,"normal","un",33,1500,0.5,0,0,0,0,FALSE,0.5,500,TRUE,4
44.6152435885829,0,0,44.6152435885829,59.1397104443679,0,45.5630321790988,0,57.0878620031619,0,48.5808171699298,0,"normal","un",33,1500,0.5,0,0,0,0,FALSE,0.5,500,TRUE,4
44.6152435885829,0,0,44.6152435885829,59.1397104443679,0,45.5630321790988,0,42.7218197614353,0,46.0675729183254,0,"normal","un",33,1500,0.5,0,0,0,0,FALSE,0.5,500,TRUE,4
44.6152435885829,0,0,44.6152435885829,59.1397104443679,0,45.5630321790988,0,53.5122075468943,0,48.5761012612035,0,"normal","un",33,1500,0.5,0,0,0,0,FALSE,0.5,500,TRUE,4
44.6152435885829,0,0,44.6152435885829,59.1397104443679,0,45.5630321790988,0,51.3600928810691,0,41.8625633426767,0,"normal","un",33,1500,0.5,0,0,0,0,FALSE,0.5,500,TRUE,4
44.6152435885829,0,0,44.6152435885829,59.1397104443679,0,45.5630321790988,0,38.4402062584134,0,42.2605937494255,0,"normal","un",33,1500,0.5,0,0,0,0,FALSE,0.5,500,TRUE,4
44.6152435885829,0,0,44.6152435885829,59.1397104443679,0,45.5630321790988,0,40.324558079531,0,41.6025998293793,0,"normal","un",33,1500,0.5,0,0,0,0,FALSE,0.5,500,TRUE,4
44.6152435885829,0,0,44.6152435885829,59.1397104443679,0,45.5630321790988,0,49.3402813921557,0,44.9450049383117,0,"normal","un",33,1500,0.5,0,0,0,0,FALSE,0.5,500,TRUE,4
44.6152435885829,0,0,44.6152435885829,59.1397104443679,0,45.5630321790988,0,62.3973926137238,0,47.3988264309917,0,"normal","un",33,1500,0.5,0,0,0,0,FALSE,0.5,500,TRUE,4
44.6152435885829,0,0,44.6152435885829,59.1397104443679,0,45.5630321790988,0,43.8044243875468,0,43.40890835532,0,"normal","un",33,1500,0.5,0,0,0,0,FALSE,0.5,500,TRUE,4
44.6152435885829,0,0,44.6152435885829,59.1397104443679,0,45.5630321790988,0,51.7301975112056,0,45.879119757667,0,"normal","un",33,1500,0.5,0,0,0,0,FALSE,0.5,500,TRUE,4
44.6152435885829,0,0,44.6152435885829,59.1397104443679,0,45.5630321790988,0,55.1019769598501,0,48.7100919225102,0,"normal","un",33,1500,0.5,0,0,0,0,FALSE,0.5,500,TRUE,4
44.6152435885829,0,0,44.6152435885829,59.1397104443679,0,45.5630321790988,0,45.8365722155118,0,45.3569387081663,0,"normal","un",33,1500,0.5,0,0,0,0,FALSE,0.5,500,TRUE,4
44.6152435885829,0,0,44.6152435885829,59.1397104443679,0,45.5630321790988,0,51.3310592830062,0,42.7971509310368,0,"normal","un",33,1500,0.5,0,0,0,0,FALSE,0.5,500,TRUE,4
44.6152435885829,0,0,44.6152435885829,59.1397104443679,0,45.5630321790988,0,46.3524790923582,0,45.7484377877064,0,"normal","un",33,1500,0.5,0,0,0,0,FALSE,0.5,500,TRUE,4
44.6152435885829,0,0,44.6152435885829,59.1397104443679,0,45.5630321790988,0,44.759816648447,0,41.8421491686846,0,"normal","un",33,1500,0.5,0,0,0,0,FALSE,0.5,500,TRUE,4
44.6152435885829,0,0,44.6152435885829,59.1397104443679,0,45.5630321790988,0,55.4081315561629,0,42.5086760861387,0,"normal","un",33,1500,0.5,0,0,0,0,FALSE,0.5,500,TRUE,4
44.6152435885829,0,0,44.6152435885829,59.1397104443679,0,45.5630321790988,0,61.6209568385771,0,43.7731038093196,0,"normal","un",33,1500,0.5,0,0,0,0,FALSE,0.5,500,TRUE,4
44.6152435885829,0,0,44.6152435885829,59.1397104443679,0,45.5630321790988,0,53.4735871380556,0,47.5384106140528,0,"normal","un",33,1500,0.5,0,0,0,0,FALSE,0.5,500,TRUE,4
44.6152435885829,0,0,44.6152435885829,59.1397104443679,0,45.5630321790988,0,49.2636456823254,0,44.3694205156697,0,"normal","un",33,1500,0.5,0,0,0,0,FALSE,0.5,500,TRUE,4
44.6152435885829,0,0,44.6152435885829,59.1397104443679,0,45.5630321790988,0,50.154740370122,0,50.2445576424707,0,"normal","un",33,1500,0.5,0,0,0,0,FALSE,0.5,500,TRUE,4
44.6152435885829,0,0,44.6152435885829,59.1397104443679,0,45.5630321790988,0,52.9696569905712,0,42.3532698731692,0,"normal","un",33,1500,0.5,0,0,0,0,FALSE,0.5,500,TRUE,4
44.6152435885829,0,0,44.6152435885829,59.1397104443679,0,45.5630321790988,0,35.643418313234,0,44.0632060577181,0,"normal","un",33,1500,0.5,0,0,0,0,FALSE,0.5,500,TRUE,4
44.6152435885829,0,0,44.6152435885829,59.1397104443679,0,45.5630321790988,0,54.8922919475591,0,47.9046982521034,0,"normal","un",33,1500,0.5,0,0,0,0,FALSE,0.5,500,TRUE,4
44.6152435885829,0,0,44.6152435885829,59.1397104443679,0,45.5630321790988,0,53.9649525793923,0,49.0916762419007,0,"normal","un",33,1500,0.5,0,0,0,0,FALSE,0.5,500,TRUE,4
44.6152435885829,0,0,44.6152435885829,59.1397104443679,0,45.5630321790988,0,51.5950742884205,0,44.2282418760032,0,"normal","un",33,1500,0.5,0,0,0,0,FALSE,0.5,500,TRUE,4
44.6152435885829,0,0,44.6152435885829,59.1397104443679,0,45.5630321790988,0,58.51453011151,0,46.2995723985819,0,"normal","un",33,1500,0.5,0,0,0,0,FALSE,0.5,500,TRUE,4
44.6152435885829,0,0,44.6152435885829,59.1397104443679,0,45.5630321790988,0,53.5836648742116,0,42.9682734450391,0,"normal","un",33,1500,0.5,0,0,0,0,FALSE,0.5,500,TRUE,4
44.6152435885829,0,0,44.6152435885829,59.1397104443679,0,45.5630321790988,0,58.3361563522287,0,45.7734633653533,0,"normal","un",33,1500,0.5,0,0,0,0,FALSE,0.5,500,TRUE,4
44.6152435885829,0,0,44.6152435885829,59.1397104443679,0,45.5630321790988,0,66.0908174722025,0,47.085240869343,0,"normal","un",33,1500,0.5,0,0,0,0,FALSE,0.5,500,TRUE,4
44.6152435885829,0,0,44.6152435885829,59.1397104443679,0,45.5630321790988,0,64.5543836673592,0,45.7634728708935,0,"normal","un",33,1500,0.5,0,0,0,0,FALSE,0.5,500,TRUE,4
44.6152435885829,0,0,44.6152435885829,59.1397104443679,0,45.5630321790988,0,62.4246072252838,0,44.830228185881,0,"normal","un",33,1500,0.5,0,0,0,0,FALSE,0.5,500,TRUE,4
44.6152435885829,0,0,44.6152435885829,59.1397104443679,0,45.5630321790988,0,50.2233338845731,0,50.9607616431522,0,"normal","un",33,1500,0.5,0,0,0,0,FALSE,0.5,500,TRUE,4
44.6152435885829,0,0,44.6152435885829,59.1397104443679,0,45.5630321790988,0,49.1078450878284,0,43.2614392058135,0,"normal","un",33,1500,0.5,0,0,0,0,FALSE,0.5,500,TRUE,4
44.6152435885829,0,0,44.6152435885829,59.1397104443679,0,45.5630321790988,0,68.6590897752598,0,44.1654766131732,0,"normal","un",33,1500,0.5,0,0,0,0,FALSE,0.5,500,TRUE,4
44.6152435885829,0,0,44.6152435885829,59.1397104443679,0,45.5630321790988,0,41.1303757783783,0,45.6328868471604,0,"normal","un",33,1500,0.5,0,0,0,0,FALSE,0.5,500,TRUE,4
44.6152435885829,0,0,44.6152435885829,59.1397104443679,0,45.5630321790988,0,52.6021032127136,0,43.052286401142,0,"normal","un",33,1500,0.5,0,0,0,0,FALSE,0.5,500,TRUE,4
44.6152435885829,0,0,44.6152435885829,59.1397104443679,0,45.5630321790988,0,47.4269656522568,0,40.7176999690001,0,"normal","un",33,1500,0.5,0,0,0,0,FALSE,0.5,500,TRUE,4
44.6152435885829,0,0,44.6152435885829,59.1397104443679,0,45.5630321790988,0,51.1726554198917,0,44.2960479529569,0,"normal","un",33,1500,0.5,0,0,0,0,FALSE,0.5,500,TRUE,4
44.6152435885829,0,0,44.6152435885829,59.1397104443679,0,45.5630321790988,0,45.235628485882,0,43.6104298638662,0,"normal","un",33,1500,0.5,0,0,0,0,FALSE,0.5,500,TRUE,4
44.6152435885829,0,0,44.6152435885829,59.1397104443679,0,45.5630321790988,0,63.5567921771755,0,45.3787442201395,0,"normal","un",33,1500,0.5,0,0,0,0,FALSE,0.5,500,TRUE,4
44.6152435885829,0,0,44.6152435885829,59.1397104443679,0,45.5630321790988,0,50.2879346767498,0,44.6242127051916,0,"normal","un",33,1500,0.5,0,0,0,0,FALSE,0.5,500,TRUE,4
44.6152435885829,0,0,44.6152435885829,59.1397104443679,0,45.5630321790988,0,53.4791576305297,0,44.3111957228748,0,"normal","un",33,1500,0.5,0,0,0,0,FALSE,0.5,500,TRUE,4
44.6152435885829,0,0,44.6152435885829,59.1397104443679,0,45.5630321790988,0,47.3577638747369,0,45.0555526520109,0,"normal","un",33,1500,0.5,0,0,0,0,FALSE,0.5,500,TRUE,4
44.6152435885829,0,0,44.6152435885829,59.1397104443679,0,45.5630321790988,0,56.022465873701,0,46.0845620975188,0,"normal","un",33,1500,0.5,0,0,0,0,FALSE,0.5,500,TRUE,4
44.6152435885829,0,0,44.6152435885829,59.1397104443679,0,45.5630321790988,0,47.4913580652664,0,44.7299680946353,0,"normal","un",33,1500,0.5,0,0,0,0,FALSE,0.5,500,TRUE,4
44.6152435885829,0,0,44.6152435885829,59.1397104443679,0,45.5630321790988,0,49.9242532352994,0,44.8836760055816,0,"normal","un",33,1500,0.5,0,0,0,0,FALSE,0.5,500,TRUE,4
44.6152435885829,0,0,44.6152435885829,59.1397104443679,0,45.5630321790988,0,57.6390587063698,0,49.2134740740228,0,"normal","un",33,1500,0.5,0,0,0,0,FALSE,0.5,500,TRUE,4
44.6152435885829,0,0,44.6152435885829,59.1397104443679,0,45.5630321790988,0,52.2204124744891,0,41.5458516495895,0,"normal","un",33,1500,0.5,0,0,0,0,FALSE,0.5,500,TRUE,4
44.6152435885829,0,0,44.6152435885829,59.1397104443679,0,45.5630321790988,0,45.7789788456522,0,44.6482105152077,0,"normal","un",33,1500,0.5,0,0,0,0,FALSE,0.5,500,TRUE,4
44.6152435885829,0,0,44.6152435885829,59.1397104443679,0,45.5630321790988,0,56.5413937866307,0,43.9360673181648,0,"normal","un",33,1500,0.5,0,0,0,0,FALSE,0.5,500,TRUE,4
44.6152435885829,0,0,44.6152435885829,59.1397104443679,0,45.5630321790988,0,64.5398133157148,0,43.7670493666204,0,"normal","un",33,1500,0.5,0,0,0,0,FALSE,0.5,500,TRUE,4
44.6152435885829,0,0,44.6152435885829,59.1397104443679,0,45.5630321790988,0,43.6611629481382,0,47.3300878469084,0,"normal","un",33,1500,0.5,0,0,0,0,FALSE,0.5,500,TRUE,4
44.6152435885829,0,0,44.6152435885829,59.1397104443679,0,45.5630321790988,0,51.6751681371351,0,49.666186283761,0,"normal","un",33,1500,0.5,0,0,0,0,FALSE,0.5,500,TRUE,4
44.6152435885829,0,0,44.6152435885829,59.1397104443679,0,45.5630321790988,0,47.9609954768865,0,46.0729557415106,0,"normal","un",33,1500,0.5,0,0,0,0,FALSE,0.5,500,TRUE,4
44.6152435885829,0,0,44.6152435885829,59.1397104443679,0,45.5630321790988,0,49.8148037388841,0,48.6547819964184,0,"normal","un",33,1500,0.5,0,0,0,0,FALSE,0.5,500,TRUE,4
44.6152435885829,0,0,44.6152435885829,59.1397104443679,0,45.5630321790988,0,40.7756296522586,0,49.3941569253444,0,"normal","un",33,1500,0.5,0,0,0,0,FALSE,0.5,500,TRUE,4
44.6152435885829,0,0,44.6152435885829,59.1397104443679,0,45.5630321790988,0,45.6194310814305,0,42.8692653645422,0,"normal","un",33,1500,0.5,0,0,0,0,FALSE,0.5,500,TRUE,4
44.6152435885829,0,0,44.6152435885829,59.1397104443679,0,45.5630321790988,0,54.4562089213853,0,44.8185960184164,0,"normal","un",33,1500,0.5,0,0,0,0,FALSE,0.5,500,TRUE,4
44.6152435885829,0,0,44.6152435885829,59.1397104443679,0,45.5630321790988,0,51.1368291991734,0,45.4086263086585,0,"normal","un",33,1500,0.5,0,0,0,0,FALSE,0.5,500,TRUE,4
44.6152435885829,0,0,44.6152435885829,59.1397104443679,0,45.5630321790988,0,57.2684477509689,0,49.08160248846,0,"normal","un",33,1500,0.5,0,0,0,0,FALSE,0.5,500,TRUE,4
44.6152435885829,0,0,44.6152435885829,59.1397104443679,0,45.5630321790988,0,51.6953346057152,0,41.1220866255735,0,"normal","un",33,1500,0.5,0,0,0,0,FALSE,0.5,500,TRUE,4
44.6152435885829,0,0,44.6152435885829,59.1397104443679,0,45.5630321790988,0,45.7786952632091,0,45.1266568490803,0,"normal","un",33,1500,0.5,0,0,0,0,FALSE,0.5,500,TRUE,4
44.6152435885829,0,0,44.6152435885829,59.1397104443679,0,45.5630321790988,0,51.1065679433899,0,48.9394378028786,0,"normal","un",33,1500,0.5,0,0,0,0,FALSE,0.5,500,TRUE,4
44.6152435885829,0,0,44.6152435885829,59.1397104443679,0,45.5630321790988,0,57.5496544187255,0,46.8560782129037,0,"normal","un",33,1500,0.5,0,0,0,0,FALSE,0.5,500,TRUE,4
44.6152435885829,0,0,44.6152435885829,59.1397104443679,0,45.5630321790988,0,59.2089954732735,0,47.4334405394042,0,"normal","un",33,1500,0.5,0,0,0,0,FALSE,0.5,500,TRUE,4
44.6152435885829,0,0,44.6152435885829,59.1397104443679,0,45.5630321790988,0,43.0550650150057,0,46.5846760297464,0,"normal","un",33,1500,0.5,0,0,0,0,FALSE,0.5,500,TRUE,4
44.6152435885829,0,0,44.6152435885829,59.1397104443679,0,45.5630321790988,0,53.0419035581647,0,46.857998344572,0,"normal","un",33,1500,0.5,0,0,0,0,FALSE,0.5,500,TRUE,4
44.6152435885829,0,0,44.6152435885829,59.1397104443679,0,45.5630321790988,0,58.933597845447,0,44.8974885649647,0,"normal","un",33,1500,0.5,0,0,0,0,FALSE,0.5,500,TRUE,4
44.6152435885829,0,0,44.6152435885829,59.1397104443679,0,45.5630321790988,0,38.1580997575878,0,44.2647810225087,0,"normal","un",33,1500,0.5,0,0,0,0,FALSE,0.5,500,TRUE,4
44.6152435885829,0,0,44.6152435885829,59.1397104443679,0,45.5630321790988,0,64.8503287634475,0,47.7342741173558,0,"normal","un",33,1500,0.5,0,0,0,0,FALSE,0.5,500,TRUE,4
44.6152435885829,0,0,44.6152435885829,59.1397104443679,0,45.5630321790988,0,68.0472417389631,0,47.9097921041039,0,"normal","un",33,1500,0.5,0,0,0,0,FALSE,0.5,500,TRUE,4
44.6152435885829,0,0,44.6152435885829,59.1397104443679,0,45.5630321790988,0,38.9581455321988,0,47.7179923910599,0,"normal","un",33,1500,0.5,0,0,0,0,FALSE,0.5,500,TRUE,4
44.6152435885829,0,0,44.6152435885829,59.1397104443679,0,45.5630321790988,0,50.0332897876146,0,45.7492998404441,0,"normal","un",33,1500,0.5,0,0,0,0,FALSE,0.5,500,TRUE,4
44.6152435885829,0,0,44.6152435885829,59.1397104443679,0,45.5630321790988,0,62.2981689711968,0,44.7776084515014,0,"normal","un",33,1500,0.5,0,0,0,0,FALSE,0.5,500,TRUE,4
44.6152435885829,0,0,44.6152435885829,59.1397104443679,0,45.5630321790988,0,67.1258230247226,0,46.1225425305487,0,"normal","un",33,1500,0.5,0,0,0,0,FALSE,0.5,500,TRUE,4
44.6152435885829,0,0,44.6152435885829,59.1397104443679,0,45.5630321790988,0,47.0027186899842,0,44.2443116580539,0,"normal","un",33,1500,0.5,0,0,0,0,FALSE,0.5,500,TRUE,4
44.6152435885829,0,0,44.6152435885829,59.1397104443679,0,45.5630321790988,0,49.0948464128501,0,47.589455325349,0,"normal","un",33,1500,0.5,0,0,0,0,FALSE,0.5,500,TRUE,4
44.6152435885829,0,0,44.6152435885829,59.1397104443679,0,45.5630321790988,0,73.946989572462,0,48.1997220167503,0,"normal","un",33,1500,0.5,0,0,0,0,FALSE,0.5,500,TRUE,4
44.6152435885829,0,0,44.6152435885829,59.1397104443679,0,45.5630321790988,0,47.9964400983381,0,46.9613871260974,0,"normal","un",33,1500,0.5,0,0,0,0,FALSE,0.5,500,TRUE,4
44.6152435885829,0,0,44.6152435885829,59.1397104443679,0,45.5630321790988,0,39.8388192324703,0,43.1725974026905,0,"normal","un",33,1500,0.5,0,0,0,0,FALSE,0.5,500,TRUE,4
44.6152435885829,0,0,44.6152435885829,59.1397104443679,0,45.5630321790988,0,56.5757684728636,0,43.4676376945671,0,"normal","un",33,1500,0.5,0,0,0,0,FALSE,0.5,500,TRUE,4
44.6152435885829,0,0,44.6152435885829,59.1397104443679,0,45.5630321790988,0,46.1629234314746,0,49.0561291811358,0,"normal","un",33,1500,0.5,0,0,0,0,FALSE,0.5,500,TRUE,4
44.6152435885829,0,0,44.6152435885829,59.1397104443679,0,45.5630321790988,0,40.6592854713399,0,46.3969437217349,0,"normal","un",33,1500,0.5,0,0,0,0,FALSE,0.5,500,TRUE,4
44.6152435885829,0,0,44.6152435885829,59.1397104443679,0,45.5630321790988,0,48.6509200007824,0,44.7748915885413,0,"normal","un",33,1500,0.5,0,0,0,0,FALSE,0.5,500,TRUE,4
44.6152435885829,0,0,44.6152435885829,59.1397104443679,0,45.5630321790988,0,63.0831892626787,0,47.5950096776567,0,"normal","un",33,1500,0.5,0,0,0,0,FALSE,0.5,500,TRUE,4
44.6152435885829,0,0,44.6152435885829,59.1397104443679,0,45.5630321790988,0,52.0179678801045,0,48.9535345423447,0,"normal","un",33,1500,0.5,0,0,0,0,FALSE,0.5,500,TRUE,4
44.6152435885829,0,0,44.6152435885829,59.1397104443679,0,45.5630321790988,0,58.1481436391012,0,47.7234532508887,0,"normal","un",33,1500,0.5,0,0,0,0,FALSE,0.5,500,TRUE,4
44.6152435885829,0,0,44.6152435885829,59.1397104443679,0,45.5630321790988,0,56.7113744011827,0,46.8930142792614,0,"normal","un",33,1500,0.5,0,0,0,0,FALSE,0.5,500,TRUE,4
44.6152435885829,0,0,44.6152435885829,59.1397104443679,0,45.5630321790988,0,55.512541568435,0,43.2391642933726,0,"normal","un",33,1500,0.5,0,0,0,0,FALSE,0.5,500,TRUE,4
44.6152435885829,0,0,44.6152435885829,59.1397104443679,0,45.5630321790988,0,44.0214272031285,0,42.5431359087891,0,"normal","un",33,1500,0.5,0,0,0,0,FALSE,0.5,500,TRUE,4
44.6152435885829,0,0,44.6152435885829,59.1397104443679,0,45.5630321790988,0,56.3014155896477,0,46.4744876824726,0,"normal","un",33,1500,0.5,0,0,0,0,FALSE,0.5,500,TRUE,4
44.6152435885829,0,0,44.6152435885829,59.1397104443679,0,45.5630321790988,0,66.9113727925706,0,49.1355182503558,0,"normal","un",33,1500,0.5,0,0,0,0,FALSE,0.5,500,TRUE,4
44.6152435885829,0,0,44.6152435885829,59.1397104443679,0,45.5630321790988,0,59.2781724852604,0,44.3443850689293,0,"normal","un",33,1500,0.5,0,0,0,0,FALSE,0.5,500,TRUE,4
44.6152435885829,0,0,44.6152435885829,59.1397104443679,0,45.5630321790988,0,58.8060180697413,0,41.5968722668581,0,"normal","un",33,1500,0.5,0,0,0,0,FALSE,0.5,500,TRUE,4
44.6152435885829,0,0,44.6152435885829,59.1397104443679,0,45.5630321790988,0,62.606341136093,0,44.0967425208104,0,"normal","un",33,1500,0.5,0,0,0,0,FALSE,0.5,500,TRUE,4
44.6152435885829,0,0,44.6152435885829,59.1397104443679,0,45.5630321790988,0,48.1665051789585,0,42.5928280349268,0,"normal","un",33,1500,0.5,0,0,0,0,FALSE,0.5,500,TRUE,4
44.6152435885829,0,0,44.6152435885829,59.1397104443679,0,45.5630321790988,0,45.6509194670923,0,46.9269702420901,0,"normal","un",33,1500,0.5,0,0,0,0,FALSE,0.5,500,TRUE,4
44.6152435885829,0,0,44.6152435885829,59.1397104443679,0,45.5630321790988,0,65.0626688488865,0,47.5956739110137,0,"normal","un",33,1500,0.5,0,0,0,0,FALSE,0.5,500,TRUE,4
44.6152435885829,0,0,44.6152435885829,59.1397104443679,0,45.5630321790988,0,53.3239704313079,0,43.3590515176442,0,"normal","un",33,1500,0.5,0,0,0,0,FALSE,0.5,500,TRUE,4
44.6152435885829,0,0,44.6152435885829,59.1397104443679,0,45.5630321790988,0,54.0856105559106,0,43.3017999182615,0,"normal","un",33,1500,0.5,0,0,0,0,FALSE,0.5,500,TRUE,4
44.6152435885829,0,0,44.6152435885829,59.1397104443679,0,45.5630321790988,0,45.0270028599603,0,45.030257359196,0,"normal","un",33,1500,0.5,0,0,0,0,FALSE,0.5,500,TRUE,4
44.6152435885829,0,0,44.6152435885829,59.1397104443679,0,45.5630321790988,0,48.7506079932766,0,45.7572838032277,0,"normal","un",33,1500,0.5,0,0,0,0,FALSE,0.5,500,TRUE,4
44.6152435885829,0,0,44.6152435885829,59.1397104443679,0,45.5630321790988,0,52.6869024249038,0,43.5702400539218,0,"normal","un",33,1500,0.5,0,0,0,0,FALSE,0.5,500,TRUE,4
44.6152435885829,0,0,44.6152435885829,59.1397104443679,0,45.5630321790988,0,45.5360610243638,0,43.1096915579917,0,"normal","un",33,1500,0.5,0,0,0,0,FALSE,0.5,500,TRUE,4
44.6152435885829,0,0,44.6152435885829,59.1397104443679,0,45.5630321790988,0,46.6624700978835,0,44.2077690607196,0,"normal","un",33,1500,0.5,0,0,0,0,FALSE,0.5,500,TRUE,4
44.6152435885829,0,0,44.6152435885829,59.1397104443679,0,45.5630321790988,0,45.4177224977991,0,45.5895145926078,0,"normal","un",33,1500,0.5,0,0,0,0,FALSE,0.5,500,TRUE,4
44.6152435885829,0,0,44.6152435885829,59.1397104443679,0,45.5630321790988,0,58.2662102417852,0,44.9339516534296,0,"normal","un",33,1500,0.5,0,0,0,0,FALSE,0.5,500,TRUE,4
44.6152435885829,0,0,44.6152435885829,59.1397104443679,0,45.5630321790988,0,49.3306288167989,0,48.4057717419719,0,"normal","un",33,1500,0.5,0,0,0,0,FALSE,0.5,500,TRUE,4
44.6152435885829,0,0,44.6152435885829,59.1397104443679,0,45.5630321790988,0,46.8636385088678,0,45.4589663062994,0,"normal","un",33,1500,0.5,0,0,0,0,FALSE,0.5,500,TRUE,4
44.6152435885829,0,0,44.6152435885829,59.1397104443679,0,45.5630321790988,0,59.7161762695699,0,47.2181611236536,0,"normal","un",33,1500,0.5,0,0,0,0,FALSE,0.5,500,TRUE,4
44.6152435885829,0,0,44.6152435885829,59.1397104443679,0,45.5630321790988,0,48.4336872638234,0,46.5975483013702,0,"normal","un",33,1500,0.5,0,0,0,0,FALSE,0.5,500,TRUE,4
44.6152435885829,0,0,44.6152435885829,59.1397104443679,0,45.5630321790988,0,42.3794260583272,0,46.3745788099399,0,"normal","un",33,1500,0.5,0,0,0,0,FALSE,0.5,500,TRUE,4
44.6152435885829,0,0,44.6152435885829,59.1397104443679,0,45.5630321790988,0,53.7477830411994,0,41.8368625955949,0,"normal","un",33,1500,0.5,0,0,0,0,FALSE,0.5,500,TRUE,4
44.6152435885829,0,0,44.6152435885829,59.1397104443679,0,45.5630321790988,0,60.7839380880348,0,49.4809761703498,0,"normal","un",33,1500,0.5,0,0,0,0,FALSE,0.5,500,TRUE,4
44.6152435885829,0,0,44.6152435885829,59.1397104443679,0,45.5630321790988,0,66.708049283668,0,49.1079527184236,0,"normal","un",33,1500,0.5,0,0,0,0,FALSE,0.5,500,TRUE,4
44.6152435885829,0,0,44.6152435885829,59.1397104443679,0,45.5630321790988,0,68.9830709785424,0,46.0342221922291,0,"normal","un",33,1500,0.5,0,0,0,0,FALSE,0.5,500,TRUE,4
44.6152435885829,0,0,44.6152435885829,59.1397104443679,0,45.5630321790988,0,57.5406486794294,0,44.6424746019903,0,"normal","un",33,1500,0.5,0,0,0,0,FALSE,0.5,500,TRUE,4
44.6152435885829,0,0,44.6152435885829,59.1397104443679,0,45.5630321790988,0,39.4281273967058,0,44.4930696954853,0,"normal","un",33,1500,0.5,0,0,0,0,FALSE,0.5,500,TRUE,4
44.6152435885829,0,0,44.6152435885829,59.1397104443679,0,45.5630321790988,0,51.2178418551251,0,45.2033567059264,0,"normal","un",33,1500,0.5,0,0,0,0,FALSE,0.5,500,TRUE,4
44.6152435885829,0,0,44.6152435885829,59.1397104443679,0,45.5630321790988,0,42.0724010826837,0,44.7280365141412,0,"normal","un",33,1500,0.5,0,0,0,0,FALSE,0.5,500,TRUE,4
44.6152435885829,0,0,44.6152435885829,59.1397104443679,0,45.5630321790988,0,49.4675772820252,0,46.4231502116807,0,"normal","un",33,1500,0.5,0,0,0,0,FALSE,0.5,500,TRUE,4
44.6152435885829,0,0,44.6152435885829,59.1397104443679,0,45.5630321790988,0,52.1973649623232,0,41.9701397532103,0,"normal","un",33,1500,0.5,0,0,0,0,FALSE,0.5,500,TRUE,4
44.6152435885829,0,0,44.6152435885829,59.1397104443679,0,45.5630321790988,0,57.0647363687982,0,42.2316876821076,0,"normal","un",33,1500,0.5,0,0,0,0,FALSE,0.5,500,TRUE,4
44.6152435885829,0,0,44.6152435885829,59.1397104443679,0,45.5630321790988,0,60.5914035620141,0,42.7577102659019,0,"normal","un",33,1500,0.5,0,0,0,0,FALSE,0.5,500,TRUE,4
44.6152435885829,0,0,44.6152435885829,59.1397104443679,0,45.5630321790988,0,47.6018980927929,0,47.7653255195644,0,"normal","un",33,1500,0.5,0,0,0,0,FALSE,0.5,500,TRUE,4
44.6152435885829,0,0,44.6152435885829,59.1397104443679,0,45.5630321790988,0,48.5596984709281,0,49.3358991009583,0,"normal","un",33,1500,0.5,0,0,0,0,FALSE,0.5,500,TRUE,4
44.6152435885829,0,0,44.6152435885829,59.1397104443679,0,45.5630321790988,0,40.6594074376358,0,44.8206069954164,0,"normal","un",33,1500,0.5,0,0,0,0,FALSE,0.5,500,TRUE,4
44.6152435885829,0,0,44.6152435885829,59.1397104443679,0,45.5630321790988,0,52.3819474822415,0,46.1311619844087,0,"normal","un",33,1500,0.5,0,0,0,0,FALSE,0.5,500,TRUE,4
44.6152435885829,0,0,44.6152435885829,59.1397104443679,0,45.5630321790988,0,48.1928677370106,0,47.9872770906548,0,"normal","un",33,1500,0.5,0,0,0,0,FALSE,0.5,500,TRUE,4
44.6152435885829,0,0,44.6152435885829,59.1397104443679,0,45.5630321790988,0,53.0087927869391,0,44.2974127924431,0,"normal","un",33,1500,0.5,0,0,0,0,FALSE,0.5,500,TRUE,4
44.6152435885829,0,0,44.6152435885829,59.1397104443679,0,45.5630321790988,0,60.0745653364345,0,46.7143753628933,0,"normal","un",33,1500,0.5,0,0,0,0,FALSE,0.5,500,TRUE,4
44.6152435885829,0,0,44.6152435885829,59.1397104443679,0,45.5630321790988,0,56.0443234036459,0,46.7567373176482,0,"normal","un",33,1500,0.5,0,0,0,0,FALSE,0.5,500,TRUE,4
44.6152435885829,0,0,44.6152435885829,59.1397104443679,0,45.5630321790988,0,45.2549542844484,0,47.8547451739335,0,"normal","un",33,1500,0.5,0,0,0,0,FALSE,0.5,500,TRUE,4
44.6152435885829,0,0,44.6152435885829,59.1397104443679,0,45.5630321790988,0,47.7104346014419,0,48.1998569691843,0,"normal","un",33,1500,0.5,0,0,0,0,FALSE,0.5,500,TRUE,4
44.6152435885829,0,0,44.6152435885829,59.1397104443679,0,45.5630321790988,0,52.2144587904965,0,43.6013524134496,0,"normal","un",33,1500,0.5,0,0,0,0,FALSE,0.5,500,TRUE,4
44.6152435885829,0,0,44.6152435885829,59.1397104443679,0,45.5630321790988,0,47.7371269669033,0,40.6756539015979,0,"normal","un",33,1500,0.5,0,0,0,0,FALSE,0.5,500,TRUE,4
44.6152435885829,0,0,44.6152435885829,59.1397104443679,0,45.5630321790988,0,58.4371827864319,0,46.3637542088714,0,"normal","un",33,1500,0.5,0,0,0,0,FALSE,0.5,500,TRUE,4
44.6152435885829,0,0,44.6152435885829,59.1397104443679,0,45.5630321790988,0,49.0046165257497,0,43.931958844494,0,"normal","un",33,1500,0.5,0,0,0,0,FALSE,0.5,500,TRUE,4
44.6152435885829,0,0,44.6152435885829,59.1397104443679,0,45.5630321790988,0,43.4182205138957,0,49.138609582546,0,"normal","un",33,1500,0.5,0,0,0,0,FALSE,0.5,500,TRUE,4
44.6152435885829,0,0,44.6152435885829,59.1397104443679,0,45.5630321790988,0,45.4990994123397,0,47.8731941044241,0,"normal","un",33,1500,0.5,0,0,0,0,FALSE,0.5,500,TRUE,4
44.6152435885829,0,0,44.6152435885829,59.1397104443679,0,45.5630321790988,0,56.0152693805796,0,51.2928229291075,0,"normal","un",33,1500,0.5,0,0,0,0,FALSE,0.5,500,TRUE,4
44.6152435885829,0,0,44.6152435885829,59.1397104443679,0,45.5630321790988,0,51.5495869604037,0,50.0823906804499,0,"normal","un",33,1500,0.5,0,0,0,0,FALSE,0.5,500,TRUE,4
44.6152435885829,0,0,44.6152435885829,59.1397104443679,0,45.5630321790988,0,46.2567335439171,0,46.8110180674979,0,"normal","un",33,1500,0.5,0,0,0,0,FALSE,0.5,500,TRUE,4
44.6152435885829,0,0,44.6152435885829,59.1397104443679,0,45.5630321790988,0,46.0380458469262,0,47.8867661756027,0,"normal","un",33,1500,0.5,0,0,0,0,FALSE,0.5,500,TRUE,4
44.6152435885829,0,0,44.6152435885829,59.1397104443679,0,45.5630321790988,0,54.0516357117763,0,45.8852790696588,0,"normal","un",33,1500,0.5,0,0,0,0,FALSE,0.5,500,TRUE,4
44.6152435885829,0,0,44.6152435885829,59.1397104443679,0,45.5630321790988,0,65.9984079110379,0,45.0950953309193,0,"normal","un",33,1500,0.5,0,0,0,0,FALSE,0.5,500,TRUE,4
44.6152435885829,0,0,44.6152435885829,59.1397104443679,0,45.5630321790988,0,60.0219181175281,0,51.0149759407064,0,"normal","un",33,1500,0.5,0,0,0,0,FALSE,0.5,500,TRUE,4
44.6152435885829,0,0,44.6152435885829,59.1397104443679,0,45.5630321790988,0,49.1833793574455,0,49.1547402851546,0,"normal","un",33,1500,0.5,0,0,0,0,FALSE,0.5,500,TRUE,4
44.6152435885829,0,0,44.6152435885829,59.1397104443679,0,45.5630321790988,0,60.6121415138377,0,43.6337268700738,0,"normal","un",33,1500,0.5,0,0,0,0,FALSE,0.5,500,TRUE,4
44.6152435885829,0,0,44.6152435885829,59.1397104443679,0,45.5630321790988,0,52.5901768584198,0,45.3761669727951,0,"normal","un",33,1500,0.5,0,0,0,0,FALSE,0.5,500,TRUE,4
44.6152435885829,0,0,44.6152435885829,59.1397104443679,0,45.5630321790988,0,48.3644869022718,0,43.9711394712462,0,"normal","un",33,1500,0.5,0,0,0,0,FALSE,0.5,500,TRUE,4
44.6152435885829,0,0,44.6152435885829,59.1397104443679,0,45.5630321790988,0,51.2438599500403,0,45.395090849754,0,"normal","un",33,1500,0.5,0,0,0,0,FALSE,0.5,500,TRUE,4
44.6152435885829,0,0,44.6152435885829,59.1397104443679,0,45.5630321790988,0,63.6821716959216,0,43.9160046723038,0,"normal","un",33,1500,0.5,0,0,0,0,FALSE,0.5,500,TRUE,4
44.6152435885829,0,0,44.6152435885829,59.1397104443679,0,45.5630321790988,0,59.4023220988512,0,42.8599627051144,0,"normal","un",33,1500,0.5,0,0,0,0,FALSE,0.5,500,TRUE,4
44.6152435885829,0,0,44.6152435885829,59.1397104443679,0,45.5630321790988,0,62.5482871287144,0,43.6718582905958,0,"normal","un",33,1500,0.5,0,0,0,0,FALSE,0.5,500,TRUE,4
44.6152435885829,0,0,44.6152435885829,59.1397104443679,0,45.5630321790988,0,60.043258839607,0,50.4960906205689,0,"normal","un",33,1500,0.5,0,0,0,0,FALSE,0.5,500,TRUE,4
44.6152435885829,0,0,44.6152435885829,59.1397104443679,0,45.5630321790988,0,55.3160821076033,0,44.2711704275953,0,"normal","un",33,1500,0.5,0,0,0,0,FALSE,0.5,500,TRUE,4
44.6152435885829,0,0,44.6152435885829,59.1397104443679,0,45.5630321790988,0,55.9406580514016,0,46.6748494087111,0,"normal","un",33,1500,0.5,0,0,0,0,FALSE,0.5,500,TRUE,4
44.6152435885829,0,0,44.6152435885829,59.1397104443679,0,45.5630321790988,0,46.806635628606,0,39.0725306925721,0,"normal","un",33,1500,0.5,0,0,0,0,FALSE,0.5,500,TRUE,4
44.6152435885829,0,0,44.6152435885829,59.1397104443679,0,45.5630321790988,0,48.6102738453695,0,46.8965701947739,0,"normal","un",33,1500,0.5,0,0,0,0,FALSE,0.5,500,TRUE,4
44.6152435885829,0,0,44.6152435885829,59.1397104443679,0,45.5630321790988,0,56.4027451621346,0,45.4163969973421,0,"normal","un",33,1500,0.5,0,0,0,0,FALSE,0.5,500,TRUE,4
44.6152435885829,0,0,44.6152435885829,59.1397104443679,0,45.5630321790988,0,52.5588236815927,0,47.627551249821,0,"normal","un",33,1500,0.5,0,0,0,0,FALSE,0.5,500,TRUE,4
44.6152435885829,0,0,44.6152435885829,59.1397104443679,0,45.5630321790988,0,50.6179781967754,0,46.4718016583358,0,"normal","un",33,1500,0.5,0,0,0,0,FALSE,0.5,500,TRUE,4
44.6152435885829,0,0,44.6152435885829,59.1397104443679,0,45.5630321790988,0,47.4452814787702,0,44.6529701261195,0,"normal","un",33,1500,0.5,0,0,0,0,FALSE,0.5,500,TRUE,4
44.6152435885829,0,0,44.6152435885829,59.1397104443679,0,45.5630321790988,0,55.524918425559,0,45.6158236736486,0,"normal","un",33,1500,0.5,0,0,0,0,FALSE,0.5,500,TRUE,4
44.6152435885829,0,0,44.6152435885829,59.1397104443679,0,45.5630321790988,0,54.0758619205653,0,47.8404422944318,0,"normal","un",33,1500,0.5,0,0,0,0,FALSE,0.5,500,TRUE,4
44.6152435885829,0,0,44.6152435885829,59.1397104443679,0,45.5630321790988,0,56.9897952516169,0,47.0608016330558,0,"normal","un",33,1500,0.5,0,0,0,0,FALSE,0.5,500,TRUE,4
44.6152435885829,0,0,44.6152435885829,59.1397104443679,0,45.5630321790988,0,48.8979939556878,0,43.2488476238368,0,"normal","un",33,1500,0.5,0,0,0,0,FALSE,0.5,500,TRUE,4
44.6152435885829,0,0,44.6152435885829,59.1397104443679,0,45.5630321790988,0,48.5123455894184,0,48.1655370556071,0,"normal","un",33,1500,0.5,0,0,0,0,FALSE,0.5,500,TRUE,4
44.6152435885829,0,0,44.6152435885829,59.1397104443679,0,45.5630321790988,0,44.2651843999837,0,44.8118606084764,0,"normal","un",33,1500,0.5,0,0,0,0,FALSE,0.5,500,TRUE,4
44.6152435885829,0,0,44.6152435885829,59.1397104443679,0,45.5630321790988,0,46.3838623278165,0,48.1640150488427,0,"normal","un",33,1500,0.5,0,0,0,0,FALSE,0.5,500,TRUE,4
44.6152435885829,0,0,44.6152435885829,59.1397104443679,0,45.5630321790988,0,57.4580976339516,0,42.1941771574568,0,"normal","un",33,1500,0.5,0,0,0,0,FALSE,0.5,500,TRUE,4
44.6152435885829,0,0,44.6152435885829,59.1397104443679,0,45.5630321790988,0,53.5992893023053,0,44.2295738937031,0,"normal","un",33,1500,0.5,0,0,0,0,FALSE,0.5,500,TRUE,4
44.6152435885829,0,0,44.6152435885829,59.1397104443679,0,45.5630321790988,0,42.5180745793698,0,45.9522226704141,0,"normal","un",33,1500,0.5,0,0,0,0,FALSE,0.5,500,TRUE,4
44.6152435885829,0,0,44.6152435885829,59.1397104443679,0,45.5630321790988,0,48.2011720851636,0,42.1384589128325,0,"normal","un",33,1500,0.5,0,0,0,0,FALSE,0.5,500,TRUE,4
44.6152435885829,0,0,44.6152435885829,59.1397104443679,0,45.5630321790988,0,60.6061020330034,0,47.6871271883404,0,"normal","un",33,1500,0.5,0,0,0,0,FALSE,0.5,500,TRUE,4
44.6152435885829,0,0,44.6152435885829,59.1397104443679,0,45.5630321790988,0,45.422865687647,0,42.5390404604799,0,"normal","un",33,1500,0.5,0,0,0,0,FALSE,0.5,500,TRUE,4
44.6152435885829,0,0,44.6152435885829,59.1397104443679,0,45.5630321790988,0,52.6382407364549,0,46.878041278519,0,"normal","un",33,1500,0.5,0,0,0,0,FALSE,0.5,500,TRUE,4
44.6152435885829,0,0,44.6152435885829,59.1397104443679,0,45.5630321790988,0,55.031422184857,0,44.4215159704533,0,"normal","un",33,1500,0.5,0,0,0,0,FALSE,0.5,500,TRUE,4
44.6152435885829,0,0,44.6152435885829,59.1397104443679,0,45.5630321790988,0,52.0818815563829,0,44.9115041320547,0,"normal","un",33,1500,0.5,0,0,0,0,FALSE,0.5,500,TRUE,4
44.6152435885829,0,0,44.6152435885829,59.1397104443679,0,45.5630321790988,0,59.4218348249343,0,44.8163201168729,0,"normal","un",33,1500,0.5,0,0,0,0,FALSE,0.5,500,TRUE,4
44.6152435885829,0,0,44.6152435885829,59.1397104443679,0,45.5630321790988,0,61.8123632585578,0,42.2010525782062,0,"normal","un",33,1500,0.5,0,0,0,0,FALSE,0.5,500,TRUE,4
44.6152435885829,0,0,44.6152435885829,59.1397104443679,0,45.5630321790988,0,56.4699554302346,0,47.1947378044379,0,"normal","un",33,1500,0.5,0,0,0,0,FALSE,0.5,500,TRUE,4
44.6152435885829,0,0,44.6152435885829,59.1397104443679,0,45.5630321790988,0,59.0073123984149,0,43.0962537801731,0,"normal","un",33,1500,0.5,0,0,0,0,FALSE,0.5,500,TRUE,4
44.6152435885829,0,0,44.6152435885829,59.1397104443679,0,45.5630321790988,0,51.7397789042264,0,42.3468431667292,0,"normal","un",33,1500,0.5,0,0,0,0,FALSE,0.5,500,TRUE,4
44.6152435885829,0,0,44.6152435885829,59.1397104443679,0,45.5630321790988,0,49.6753199618546,0,46.4873319861799,0,"normal","un",33,1500,0.5,0,0,0,0,FALSE,0.5,500,TRUE,4
44.6152435885829,0,0,44.6152435885829,59.1397104443679,0,45.5630321790988,0,60.6078284468447,0,49.8983062784672,0,"normal","un",33,1500,0.5,0,0,0,0,FALSE,0.5,500,TRUE,4
44.6152435885829,0,0,44.6152435885829,59.1397104443679,0,45.5630321790988,0,62.8624372276529,0,48.0685793037371,0,"normal","un",33,1500,0.5,0,0,0,0,FALSE,0.5,500,TRUE,4
44.6152435885829,0,0,44.6152435885829,59.1397104443679,0,45.5630321790988,0,48.1907840430673,0,45.791375375322,0,"normal","un",33,1500,0.5,0,0,0,0,FALSE,0.5,500,TRUE,4
44.6152435885829,0,0,44.6152435885829,59.1397104443679,0,45.5630321790988,0,56.5269344271688,0,43.4615001917764,0,"normal","un",33,1500,0.5,0,0,0,0,FALSE,0.5,500,TRUE,4
44.6152435885829,0,0,44.6152435885829,59.1397104443679,0,45.5630321790988,0,51.5624134273804,0,49.0131027861156,0,"normal","un",33,1500,0.5,0,0,0,0,FALSE,0.5,500,TRUE,4
44.6152435885829,0,0,44.6152435885829,59.1397104443679,0,45.5630321790988,0,57.9678456298793,0,45.8617260968955,0,"normal","un",33,1500,0.5,0,0,0,0,FALSE,0.5,500,TRUE,4
44.6152435885829,0,0,44.6152435885829,59.1397104443679,0,45.5630321790988,0,44.3156872869218,0,46.4886752538442,0,"normal","un",33,1500,0.5,0,0,0,0,FALSE,0.5,500,TRUE,4
44.6152435885829,0,0,44.6152435885829,59.1397104443679,0,45.5630321790988,0,59.5710964362709,0,46.4520948262236,0,"normal","un",33,1500,0.5,0,0,0,0,FALSE,0.5,500,TRUE,4
44.6152435885829,0,0,44.6152435885829,59.1397104443679,0,45.5630321790988,0,59.7420469673873,0,46.7575899461134,0,"normal","un",33,1500,0.5,0,0,0,0,FALSE,0.5,500,TRUE,4
44.6152435885829,0,0,44.6152435885829,59.1397104443679,0,45.5630321790988,0,49.8515713062401,0,48.6165604510042,0,"normal","un",33,1500,0.5,0,0,0,0,FALSE,0.5,500,TRUE,4
44.6152435885829,0,0,44.6152435885829,59.1397104443679,0,45.5630321790988,0,43.8161378699976,0,43.8958461795458,0,"normal","un",33,1500,0.5,0,0,0,0,FALSE,0.5,500,TRUE,4
44.6152435885829,0,0,44.6152435885829,59.1397104443679,0,45.5630321790988,0,58.6614697748449,0,46.3102092432363,0,"normal","un",33,1500,0.5,0,0,0,0,FALSE,0.5,500,TRUE,4
44.6152435885829,0,0,44.6152435885829,59.1397104443679,0,45.5630321790988,0,57.5718807676413,0,43.8085554508569,0,"normal","un",33,1500,0.5,0,0,0,0,FALSE,0.5,500,TRUE,4
44.6152435885829,0,0,44.6152435885829,59.1397104443679,0,45.5630321790988,0,56.9142103208669,0,46.3305243143667,0,"normal","un",33,1500,0.5,0,0,0,0,FALSE,0.5,500,TRUE,4
44.6152435885829,0,0,44.6152435885829,59.1397104443679,0,45.5630321790988,0,55.6678988757195,0,49.4178616829733,0,"normal","un",33,1500,0.5,0,0,0,0,FALSE,0.5,500,TRUE,4
44.6152435885829,0,0,44.6152435885829,59.1397104443679,0,45.5630321790988,0,55.4969141592186,0,47.0631680905142,0,"normal","un",33,1500,0.5,0,0,0,0,FALSE,0.5,500,TRUE,4
44.6152435885829,0,0,44.6152435885829,59.1397104443679,0,45.5630321790988,0,54.4631122842325,0,45.1784087082197,0,"normal","un",33,1500,0.5,0,0,0,0,FALSE,0.5,500,TRUE,4
44.6152435885829,0,0,44.6152435885829,59.1397104443679,0,45.5630321790988,0,52.8494741000998,0,49.2067475650706,0,"normal","un",33,1500,0.5,0,0,0,0,FALSE,0.5,500,TRUE,4
44.6152435885829,0,0,44.6152435885829,59.1397104443679,0,45.5630321790988,0,63.2816462764209,0,46.3188647329038,0,"normal","un",33,1500,0.5,0,0,0,0,FALSE,0.5,500,TRUE,4
44.6152435885829,0,0,44.6152435885829,59.1397104443679,0,45.5630321790988,0,55.2195905006481,0,47.2734301680817,0,"normal","un",33,1500,0.5,0,0,0,0,FALSE,0.5,500,TRUE,4
44.6152435885829,0,0,44.6152435885829,59.1397104443679,0,45.5630321790988,0,40.6188811723541,0,39.0152350692959,0,"normal","un",33,1500,0.5,0,0,0,0,FALSE,0.5,500,TRUE,4
44.6152435885829,0,0,44.6152435885829,59.1397104443679,0,45.5630321790988,0,55.6209410260392,0,43.0206904367874,0,"normal","un",33,1500,0.5,0,0,0,0,FALSE,0.5,500,TRUE,4
44.6152435885829,0,0,44.6152435885829,59.1397104443679,0,45.5630321790988,0,53.422536694398,0,44.2481847327575,0,"normal","un",33,1500,0.5,0,0,0,0,FALSE,0.5,500,TRUE,4
44.6152435885829,0,0,44.6152435885829,59.1397104443679,0,45.5630321790988,0,43.3177890507249,0,45.4855446801438,0,"normal","un",33,1500,0.5,0,0,0,0,FALSE,0.5,500,TRUE,4
44.6152435885829,0,0,44.6152435885829,59.1397104443679,0,45.5630321790988,0,44.7504227001555,0,45.1792305703474,0,"normal","un",33,1500,0.5,0,0,0,0,FALSE,0.5,500,TRUE,4
44.6152435885829,0,0,44.6152435885829,59.1397104443679,0,45.5630321790988,0,46.7491239590179,0,44.8579108486601,0,"normal","un",33,1500,0.5,0,0,0,0,FALSE,0.5,500,TRUE,4
44.6152435885829,0,0,44.6152435885829,59.1397104443679,0,45.5630321790988,0,61.0857581101663,0,45.7995828061296,0,"normal","un",33,1500,0.5,0,0,0,0,FALSE,0.5,500,TRUE,4
44.6152435885829,0,0,44.6152435885829,59.1397104443679,0,45.5630321790988,0,61.6672781712576,0,51.7243418289236,0,"normal","un",33,1500,0.5,0,0,0,0,FALSE,0.5,500,TRUE,4
44.6152435885829,0,0,44.6152435885829,59.1397104443679,0,45.5630321790988,0,51.2482938558751,0,44.1853996882424,0,"normal","un",33,1500,0.5,0,0,0,0,FALSE,0.5,500,TRUE,4
44.6152435885829,0,0,44.6152435885829,59.1397104443679,0,45.5630321790988,0,56.2795506519478,0,44.4284431673521,0,"normal","un",33,1500,0.5,0,0,0,0,FALSE,0.5,500,TRUE,4
44.6152435885829,0,0,44.6152435885829,59.1397104443679,0,45.5630321790988,0,58.4025496485811,0,46.7140738447308,0,"normal","un",33,1500,0.5,0,0,0,0,FALSE,0.5,500,TRUE,4
44.6152435885829,0,0,44.6152435885829,59.1397104443679,0,45.5630321790988,0,54.334213826289,0,48.4728176086346,0,"normal","un",33,1500,0.5,0,0,0,0,FALSE,0.5,500,TRUE,4
44.6152435885829,0,0,44.6152435885829,59.1397104443679,0,45.5630321790988,0,47.1386333356119,0,43.5051570744145,0,"normal","un",33,1500,0.5,0,0,0,0,FALSE,0.5,500,TRUE,4
44.6152435885829,0,0,44.6152435885829,59.1397104443679,0,45.5630321790988,0,42.5357393438463,0,42.9056570225201,0,"normal","un",33,1500,0.5,0,0,0,0,FALSE,0.5,500,TRUE,4
44.6152435885829,0,0,44.6152435885829,59.1397104443679,0,45.5630321790988,0,65.9896998318206,0,47.9186310248136,0,"normal","un",33,1500,0.5,0,0,0,0,FALSE,0.5,500,TRUE,4
44.6152435885829,0,0,44.6152435885829,59.1397104443679,0,45.5630321790988,0,65.2357830722218,0,45.9619361227647,0,"normal","un",33,1500,0.5,0,0,0,0,FALSE,0.5,500,TRUE,4
44.6152435885829,0,0,44.6152435885829,59.1397104443679,0,45.5630321790988,0,54.7255899014847,0,46.5011393934239,0,"normal","un",33,1500,0.5,0,0,0,0,FALSE,0.5,500,TRUE,4
44.6152435885829,0,0,44.6152435885829,59.1397104443679,0,45.5630321790988,0,50.522891687563,0,44.9881431593592,0,"normal","un",33,1500,0.5,0,0,0,0,FALSE,0.5,500,TRUE,4
44.6152435885829,0,0,44.6152435885829,59.1397104443679,0,45.5630321790988,0,54.583474927273,0,44.6752660477607,0,"normal","un",33,1500,0.5,0,0,0,0,FALSE,0.5,500,TRUE,4
44.6152435885829,0,0,44.6152435885829,59.1397104443679,0,45.5630321790988,0,42.8422030837057,0,47.9232218653803,0,"normal","un",33,1500,0.5,0,0,0,0,FALSE,0.5,500,TRUE,4
44.6152435885829,0,0,44.6152435885829,59.1397104443679,0,45.5630321790988,0,45.7718350132706,0,46.7331095504263,0,"normal","un",33,1500,0.5,0,0,0,0,FALSE,0.5,500,TRUE,4
44.6152435885829,0,0,44.6152435885829,59.1397104443679,0,45.5630321790988,0,49.3943053571348,0,40.6871168908905,0,"normal","un",33,1500,0.5,0,0,0,0,FALSE,0.5,500,TRUE,4
44.6152435885829,0,0,44.6152435885829,59.1397104443679,0,45.5630321790988,0,55.3269820357094,0,43.153694595809,0,"normal","un",33,1500,0.5,0,0,0,0,FALSE,0.5,500,TRUE,4
44.6152435885829,0,0,44.6152435885829,59.1397104443679,0,45.5630321790988,0,58.8483856619886,0,45.8085605412806,0,"normal","un",33,1500,0.5,0,0,0,0,FALSE,0.5,500,TRUE,4
44.6152435885829,0,0,44.6152435885829,59.1397104443679,0,45.5630321790988,0,54.7953298676484,0,44.7180143178602,0,"normal","un",33,1500,0.5,0,0,0,0,FALSE,0.5,500,TRUE,4
44.6152435885829,0,0,44.6152435885829,59.1397104443679,0,45.5630321790988,0,44.4568183280417,0,42.4368479967028,0,"normal","un",33,1500,0.5,0,0,0,0,FALSE,0.5,500,TRUE,4
44.6152435885829,0,0,44.6152435885829,59.1397104443679,0,45.5630321790988,0,59.6039085962313,0,45.68251693095,0,"normal","un",33,1500,0.5,0,0,0,0,FALSE,0.5,500,TRUE,4
44.6152435885829,0,0,44.6152435885829,59.1397104443679,0,45.5630321790988,0,64.7115961162183,0,49.7426512343582,0,"normal","un",33,1500,0.5,0,0,0,0,FALSE,0.5,500,TRUE,4
44.6152435885829,0,0,44.6152435885829,59.1397104443679,0,45.5630321790988,0,56.1219935515353,0,46.7757774397104,0,"normal","un",33,1500,0.5,0,0,0,0,FALSE,0.5,500,TRUE,4
44.6152435885829,0,0,44.6152435885829,59.1397104443679,0,45.5630321790988,0,61.5983945634946,0,45.8623283609029,0,"normal","un",33,1500,0.5,0,0,0,0,FALSE,0.5,500,TRUE,4
44.6152435885829,0,0,44.6152435885829,59.1397104443679,0,45.5630321790988,0,52.5048413406888,0,48.0500902077649,0,"normal","un",33,1500,0.5,0,0,0,0,FALSE,0.5,500,TRUE,4
44.6152435885829,0,0,44.6152435885829,59.1397104443679,0,45.5630321790988,0,51.1663277003597,0,46.4667245386654,0,"normal","un",33,1500,0.5,0,0,0,0,FALSE,0.5,500,TRUE,4
44.6152435885829,0,0,44.6152435885829,59.1397104443679,0,45.5630321790988,0,62.3722627645414,0,44.856766011341,0,"normal","un",33,1500,0.5,0,0,0,0,FALSE,0.5,500,TRUE,4
44.6152435885829,0,0,44.6152435885829,59.1397104443679,0,45.5630321790988,0,64.5023986524311,0,43.0471083220655,0,"normal","un",33,1500,0.5,0,0,0,0,FALSE,0.5,500,TRUE,4
44.6152435885829,0,0,44.6152435885829,59.1397104443679,0,45.5630321790988,0,66.4152665600235,0,43.9403929904912,0,"normal","un",33,1500,0.5,0,0,0,0,FALSE,0.5,500,TRUE,4
44.6152435885829,0,0,44.6152435885829,59.1397104443679,0,45.5630321790988,0,54.9897906123925,0,48.3341940647865,0,"normal","un",33,1500,0.5,0,0,0,0,FALSE,0.5,500,TRUE,4
44.6152435885829,0,0,44.6152435885829,59.1397104443679,0,45.5630321790988,0,50.3351162915848,0,47.9253534926251,0,"normal","un",33,1500,0.5,0,0,0,0,FALSE,0.5,500,TRUE,4
44.6152435885829,0,0,44.6152435885829,59.1397104443679,0,45.5630321790988,0,47.422528855672,0,46.5068339170527,0,"normal","un",33,1500,0.5,0,0,0,0,FALSE,0.5,500,TRUE,4
44.6152435885829,0,0,44.6152435885829,59.1397104443679,0,45.5630321790988,0,48.883842976467,0,49.6209408662613,0,"normal","un",33,1500,0.5,0,0,0,0,FALSE,0.5,500,TRUE,4
44.6152435885829,0,0,44.6152435885829,59.1397104443679,0,45.5630321790988,0,43.5134225846339,0,48.2344427222529,0,"normal","un",33,1500,0.5,0,0,0,0,FALSE,0.5,500,TRUE,4
44.6152435885829,0,0,44.6152435885829,59.1397104443679,0,45.5630321790988,0,39.2017816069703,0,44.6736369687285,0,"normal","un",33,1500,0.5,0,0,0,0,FALSE,0.5,500,TRUE,4
44.6152435885829,0,0,44.6152435885829,59.1397104443679,0,45.5630321790988,0,49.9101590047699,0,40.3654253599613,0,"normal","un",33,1500,0.5,0,0,0,0,FALSE,0.5,500,TRUE,4
44.6152435885829,0,0,44.6152435885829,59.1397104443679,0,45.5630321790988,0,62.4307619782206,0,43.185534309664,0,"normal","un",33,1500,0.5,0,0,0,0,FALSE,0.5,500,TRUE,4
44.6152435885829,0,0,44.6152435885829,59.1397104443679,0,45.5630321790988,0,65.0867792956312,0,48.2752568069453,0,"normal","un",33,1500,0.5,0,0,0,0,FALSE,0.5,500,TRUE,4
44.6152435885829,0,0,44.6152435885829,59.1397104443679,0,45.5630321790988,0,42.7873000165137,0,43.3310674739581,0,"normal","un",33,1500,0.5,0,0,0,0,FALSE,0.5,500,TRUE,4
44.6152435885829,0,0,44.6152435885829,59.1397104443679,0,45.5630321790988,0,55.5100794519236,0,44.059180217925,0,"normal","un",33,1500,0.5,0,0,0,0,FALSE,0.5,500,TRUE,4
44.6152435885829,0,0,44.6152435885829,59.1397104443679,0,45.5630321790988,0,56.4168715675314,0,45.2491942309898,0,"normal","un",33,1500,0.5,0,0,0,0,FALSE,0.5,500,TRUE,4
44.6152435885829,0,0,44.6152435885829,59.1397104443679,0,45.5630321790988,0,45.5478561208901,0,45.6472755627812,0,"normal","un",33,1500,0.5,0,0,0,0,FALSE,0.5,500,TRUE,4
44.6152435885829,0,0,44.6152435885829,59.1397104443679,0,45.5630321790988,0,50.9243931226323,0,47.7293638688187,0,"normal","un",33,1500,0.5,0,0,0,0,FALSE,0.5,500,TRUE,4
44.6152435885829,0,0,44.6152435885829,59.1397104443679,0,45.5630321790988,0,57.2173836008695,0,44.1159293493979,0,"normal","un",33,1500,0.5,0,0,0,0,FALSE,0.5,500,TRUE,4
44.6152435885829,0,0,44.6152435885829,59.1397104443679,0,45.5630321790988,0,42.4429743568343,0,41.8165080206994,0,"normal","un",33,1500,0.5,0,0,0,0,FALSE,0.5,500,TRUE,4
44.6152435885829,0,0,44.6152435885829,59.1397104443679,0,45.5630321790988,0,64.2943613269578,0,47.8291228792609,0,"normal","un",33,1500,0.5,0,0,0,0,FALSE,0.5,500,TRUE,4
44.6152435885829,0,0,44.6152435885829,59.1397104443679,0,45.5630321790988,0,53.6920836744586,0,41.5567121411511,0,"normal","un",33,1500,0.5,0,0,0,0,FALSE,0.5,500,TRUE,4
44.6152435885829,0,0,44.6152435885829,59.1397104443679,0,45.5630321790988,0,59.4521619195092,0,46.947221136206,0,"normal","un",33,1500,0.5,0,0,0,0,FALSE,0.5,500,TRUE,4
44.6152435885829,0,0,44.6152435885829,59.1397104443679,0,45.5630321790988,0,52.2161015207711,0,46.6376022055975,0,"normal","un",33,1500,0.5,0,0,0,0,FALSE,0.5,500,TRUE,4
44.6152435885829,0,0,44.6152435885829,59.1397104443679,0,45.5630321790988,0,56.264385495646,0,44.4987110701118,0,"normal","un",33,1500,0.5,0,0,0,0,FALSE,0.5,500,TRUE,4
44.6152435885829,0,0,44.6152435885829,59.1397104443679,0,45.5630321790988,0,38.0312068743669,0,46.5751545022498,0,"normal","un",33,1500,0.5,0,0,0,0,FALSE,0.5,500,TRUE,4
44.6152435885829,0,0,44.6152435885829,59.1397104443679,0,45.5630321790988,0,50.9874742282318,0,44.6745475291365,0,"normal","un",33,1500,0.5,0,0,0,0,FALSE,0.5,500,TRUE,4
44.6152435885829,0,0,44.6152435885829,59.1397104443679,0,45.5630321790988,0,60.5462354650867,0,46.1902753392604,0,"normal","un",33,1500,0.5,0,0,0,0,FALSE,0.5,500,TRUE,4
44.6152435885829,0,0,44.6152435885829,59.1397104443679,0,45.5630321790988,0,48.5466949175514,0,46.4313919239926,0,"normal","un",33,1500,0.5,0,0,0,0,FALSE,0.5,500,TRUE,4
44.6152435885829,0,0,44.6152435885829,59.1397104443679,0,45.5630321790988,0,49.0468900816051,0,42.5700203548495,0,"normal","un",33,1500,0.5,0,0,0,0,FALSE,0.5,500,TRUE,4
44.6152435885829,0,0,44.6152435885829,59.1397104443679,0,45.5630321790988,0,49.6782754831574,0,44.8374650532218,0,"normal","un",33,1500,0.5,0,0,0,0,FALSE,0.5,500,TRUE,4
44.6152435885829,0,0,44.6152435885829,59.1397104443679,0,45.5630321790988,0,54.350775965566,0,44.6962913387832,0,"normal","un",33,1500,0.5,0,0,0,0,FALSE,0.5,500,TRUE,4
44.6152435885829,0,0,44.6152435885829,59.1397104443679,0,45.5630321790988,0,42.0180869705562,0,42.8583743849447,0,"normal","un",33,1500,0.5,0,0,0,0,FALSE,0.5,500,TRUE,4
44.6152435885829,0,0,44.6152435885829,59.1397104443679,0,45.5630321790988,0,56.8948731765759,0,46.6548027138037,0,"normal","un",33,1500,0.5,0,0,0,0,FALSE,0.5,500,TRUE,4
44.6152435885829,0,0,44.6152435885829,59.1397104443679,0,45.5630321790988,0,40.917531918508,0,46.3697793772821,0,"normal","un",33,1500,0.5,0,0,0,0,FALSE,0.5,500,TRUE,4
44.6152435885829,0,0,44.6152435885829,59.1397104443679,0,45.5630321790988,0,50.9966342716407,0,42.6019270687282,0,"normal","un",33,1500,0.5,0,0,0,0,FALSE,0.5,500,TRUE,4
44.6152435885829,0,0,44.6152435885829,59.1397104443679,0,45.5630321790988,0,51.1205468312229,0,45.2032607367727,0,"normal","un",33,1500,0.5,0,0,0,0,FALSE,0.5,500,TRUE,4
44.6152435885829,0,0,44.6152435885829,59.1397104443679,0,45.5630321790988,0,52.2444661273076,0,44.4570668730009,0,"normal","un",33,1500,0.5,0,0,0,0,FALSE,0.5,500,TRUE,4
44.6152435885829,0,0,44.6152435885829,59.1397104443679,0,45.5630321790988,0,53.3599170135435,0,43.8722421937656,0,"normal","un",33,1500,0.5,0,0,0,0,FALSE,0.5,500,TRUE,4
44.6152435885829,0,0,44.6152435885829,59.1397104443679,0,45.5630321790988,0,48.7121212844588,0,42.9301941342175,0,"normal","un",33,1500,0.5,0,0,0,0,FALSE,0.5,500,TRUE,4
44.6152435885829,0,0,44.6152435885829,59.1397104443679,0,45.5630321790988,0,44.7308378609553,0,48.0476566040852,0,"normal","un",33,1500,0.5,0,0,0,0,FALSE,0.5,500,TRUE,4
44.6152435885829,0,0,44.6152435885829,59.1397104443679,0,45.5630321790988,0,48.3722978866139,0,43.457064154429,0,"normal","un",33,1500,0.5,0,0,0,0,FALSE,0.5,500,TRUE,4
44.6152435885829,0,0,44.6152435885829,59.1397104443679,0,45.5630321790988,0,59.8527381533743,0,45.0552909416712,0,"normal","un",33,1500,0.5,0,0,0,0,FALSE,0.5,500,TRUE,4
44.6152435885829,0,0,44.6152435885829,59.1397104443679,0,45.5630321790988,0,62.6808287940756,0,42.1897803008344,0,"normal","un",33,1500,0.5,0,0,0,0,FALSE,0.5,500,TRUE,4
44.6152435885829,0,0,44.6152435885829,59.1397104443679,0,45.5630321790988,0,53.7381781823073,0,41.159077099227,0,"normal","un",33,1500,0.5,0,0,0,0,FALSE,0.5,500,TRUE,4
44.6152435885829,0,0,44.6152435885829,59.1397104443679,0,45.5630321790988,0,56.9021959378974,0,46.3156707743964,0,"normal","un",33,1500,0.5,0,0,0,0,FALSE,0.5,500,TRUE,4
44.6152435885829,0,0,44.6152435885829,59.1397104443679,0,45.5630321790988,0,43.9215835600855,0,39.8687934233674,0,"normal","un",33,1500,0.5,0,0,0,0,FALSE,0.5,500,TRUE,4
44.6152435885829,0,0,44.6152435885829,59.1397104443679,0,45.5630321790988,0,52.1130108226335,0,43.8169502850332,0,"normal","un",33,1500,0.5,0,0,0,0,FALSE,0.5,500,TRUE,4
44.6152435885829,0,0,44.6152435885829,59.1397104443679,0,45.5630321790988,0,48.7492020347516,0,44.5935318081254,0,"normal","un",33,1500,0.5,0,0,0,0,FALSE,0.5,500,TRUE,4
44.6152435885829,0,0,44.6152435885829,59.1397104443679,0,45.5630321790988,0,42.7831801076447,0,47.196371021022,0,"normal","un",33,1500,0.5,0,0,0,0,FALSE,0.5,500,TRUE,4
44.6152435885829,0,0,44.6152435885829,59.1397104443679,0,45.5630321790988,0,59.0248286117906,0,45.1197554241784,0,"normal","un",33,1500,0.5,0,0,0,0,FALSE,0.5,500,TRUE,4
44.6152435885829,0,0,44.6152435885829,59.1397104443679,0,45.5630321790988,0,52.5696917264482,0,46.8661883722206,0,"normal","un",33,1500,0.5,0,0,0,0,FALSE,0.5,500,TRUE,4
44.6152435885829,0,0,44.6152435885829,59.1397104443679,0,45.5630321790988,0,48.1231486120001,0,46.8749431093534,0,"normal","un",33,1500,0.5,0,0,0,0,FALSE,0.5,500,TRUE,4
44.6152435885829,0,0,44.6152435885829,59.1397104443679,0,45.5630321790988,0,37.8862004264973,0,45.3660968349064,0,"normal","un",33,1500,0.5,0,0,0,0,FALSE,0.5,500,TRUE,4
44.6152435885829,0,0,44.6152435885829,59.1397104443679,0,45.5630321790988,0,44.4684528041651,0,42.6442613990326,0,"normal","un",33,1500,0.5,0,0,0,0,FALSE,0.5,500,TRUE,4
44.6152435885829,0,0,44.6152435885829,59.1397104443679,0,45.5630321790988,0,51.5382627971575,0,46.7636755145032,0,"normal","un",33,1500,0.5,0,0,0,0,FALSE,0.5,500,TRUE,4
44.6152435885829,0,0,44.6152435885829,59.1397104443679,0,45.5630321790988,0,36.4314009901805,0,43.5237249041158,0,"normal","un",33,1500,0.5,0,0,0,0,FALSE,0.5,500,TRUE,4
44.6152435885829,0,0,44.6152435885829,59.1397104443679,0,45.5630321790988,0,46.5873840310938,0,46.131946373734,0,"normal","un",33,1500,0.5,0,0,0,0,FALSE,0.5,500,TRUE,4
44.6152435885829,0,0,44.6152435885829,59.1397104443679,0,45.5630321790988,0,48.7191453943488,0,42.0827267970569,0,"normal","un",33,1500,0.5,0,0,0,0,FALSE,0.5,500,TRUE,4
44.6152435885829,0,0,44.6152435885829,59.1397104443679,0,45.5630321790988,0,59.0984417874474,0,47.1133014314554,0,"normal","un",33,1500,0.5,0,0,0,0,FALSE,0.5,500,TRUE,4
44.6152435885829,0,0,44.6152435885829,59.1397104443679,0,45.5630321790988,0,67.7778622368206,0,47.6536487994636,0,"normal","un",33,1500,0.5,0,0,0,0,FALSE,0.5,500,TRUE,4
44.6152435885829,0,0,44.6152435885829,59.1397104443679,0,45.5630321790988,0,57.3788696919092,0,44.805360285874,0,"normal","un",33,1500,0.5,0,0,0,0,FALSE,0.5,500,TRUE,4
44.6152435885829,0,0,44.6152435885829,59.1397104443679,0,45.5630321790988,0,47.5321226826448,0,47.6123543994013,0,"normal","un",33,1500,0.5,0,0,0,0,FALSE,0.5,500,TRUE,4
44.6152435885829,0,0,44.6152435885829,59.1397104443679,0,45.5630321790988,0,47.8793963655498,0,45.898519532903,0,"normal","un",33,1500,0.5,0,0,0,0,FALSE,0.5,500,TRUE,4
44.6152435885829,0,0,44.6152435885829,59.1397104443679,0,45.5630321790988,0,72.7639466771152,0,45.3791397118559,0,"normal","un",33,1500,0.5,0,0,0,0,FALSE,0.5,500,TRUE,4
44.6152435885829,0,0,44.6152435885829,59.1397104443679,0,45.5630321790988,0,61.9103217477248,0,44.3431565937928,0,"normal","un",33,1500,0.5,0,0,0,0,FALSE,0.5,500,TRUE,4
44.6152435885829,0,0,44.6152435885829,59.1397104443679,0,45.5630321790988,0,44.8292350908289,0,45.0279521117907,0,"normal","un",33,1500,0.5,0,0,0,0,FALSE,0.5,500,TRUE,4
44.6152435885829,0,0,44.6152435885829,59.1397104443679,0,45.5630321790988,0,58.236126729601,0,47.6121133123051,0,"normal","un",33,1500,0.5,0,0,0,0,FALSE,0.5,500,TRUE,4
44.6152435885829,0,0,44.6152435885829,59.1397104443679,0,45.5630321790988,0,50.8970377214553,0,46.7310350709338,0,"normal","un",33,1500,0.5,0,0,0,0,FALSE,0.5,500,TRUE,4
44.6152435885829,0,0,44.6152435885829,59.1397104443679,0,45.5630321790988,0,60.3104909128837,0,43.1955395839115,0,"normal","un",33,1500,0.5,0,0,0,0,FALSE,0.5,500,TRUE,4
44.6152435885829,0,0,44.6152435885829,59.1397104443679,0,45.5630321790988,0,61.2110021634217,0,44.9515313070513,0,"normal","un",33,1500,0.5,0,0,0,0,FALSE,0.5,500,TRUE,4
44.6152435885829,0,0,44.6152435885829,59.1397104443679,0,45.5630321790988,0,58.3477340563412,0,44.9656922121346,0,"normal","un",33,1500,0.5,0,0,0,0,FALSE,0.5,500,TRUE,4
44.6152435885829,0,0,44.6152435885829,59.1397104443679,0,45.5630321790988,0,47.845377851479,0,41.8379180971253,0,"normal","un",33,1500,0.5,0,0,0,0,FALSE,0.5,500,TRUE,4
44.6152435885829,0,0,44.6152435885829,59.1397104443679,0,45.5630321790988,0,48.224235416456,0,45.3371984876574,0,"normal","un",33,1500,0.5,0,0,0,0,FALSE,0.5,500,TRUE,4
44.6152435885829,0,0,44.6152435885829,59.1397104443679,0,45.5630321790988,0,45.3967834365771,0,46.7612104647283,0,"normal","un",33,1500,0.5,0,0,0,0,FALSE,0.5,500,TRUE,4
44.6152435885829,0,0,44.6152435885829,59.1397104443679,0,45.5630321790988,0,55.3027499279799,0,44.4355841185577,0,"normal","un",33,1500,0.5,0,0,0,0,FALSE,0.5,500,TRUE,4
44.6152435885829,0,0,44.6152435885829,59.1397104443679,0,45.5630321790988,0,47.1488255154555,0,46.9583991916054,0,"normal","un",33,1500,0.5,0,0,0,0,FALSE,0.5,500,TRUE,4
44.6152435885829,0,0,44.6152435885829,59.1397104443679,0,45.5630321790988,0,59.6506752764407,0,48.4001085291104,0,"normal","un",33,1500,0.5,0,0,0,0,FALSE,0.5,500,TRUE,4
44.6152435885829,0,0,44.6152435885829,59.1397104443679,0,45.5630321790988,0,52.1535303751096,0,46.5047294955103,0,"normal","un",33,1500,0.5,0,0,0,0,FALSE,0.5,500,TRUE,4
44.6152435885829,0,0,44.6152435885829,59.1397104443679,0,45.5630321790988,0,53.1460852617366,0,44.1170547772983,0,"normal","un",33,1500,0.5,0,0,0,0,FALSE,0.5,500,TRUE,4
44.6152435885829,0,0,44.6152435885829,59.1397104443679,0,45.5630321790988,0,44.4171549448456,0,49.5774300493766,0,"normal","un",33,1500,0.5,0,0,0,0,FALSE,0.5,500,TRUE,4
44.6152435885829,0,0,44.6152435885829,59.1397104443679,0,45.5630321790988,0,56.220654893925,0,49.0074604474734,0,"normal","un",33,1500,0.5,0,0,0,0,FALSE,0.5,500,TRUE,4
44.6152435885829,0,0,44.6152435885829,59.1397104443679,0,45.5630321790988,0,74.5086336472409,0,47.6567327490806,0,"normal","un",33,1500,0.5,0,0,0,0,FALSE,0.5,500,TRUE,4
44.6152435885829,0,0,44.6152435885829,59.1397104443679,0,45.5630321790988,0,51.0422519727104,0,43.1942019775159,0,"normal","un",33,1500,0.5,0,0,0,0,FALSE,0.5,500,TRUE,4
44.6152435885829,0,0,44.6152435885829,59.1397104443679,0,45.5630321790988,0,41.9040873440953,0,42.999692308171,0,"normal","un",33,1500,0.5,0,0,0,0,FALSE,0.5,500,TRUE,4
44.6152435885829,0,0,44.6152435885829,59.1397104443679,0,45.5630321790988,0,44.2285990076414,0,46.1339785346059,0,"normal","un",33,1500,0.5,0,0,0,0,FALSE,0.5,500,TRUE,4
44.6152435885829,0,0,44.6152435885829,59.1397104443679,0,45.5630321790988,0,53.4739335105448,0,41.4430530153777,0,"normal","un",33,1500,0.5,0,0,0,0,FALSE,0.5,500,TRUE,4
44.6152435885829,0,0,44.6152435885829,59.1397104443679,0,45.5630321790988,0,50.4992852230291,0,46.4932429631073,0,"normal","un",33,1500,0.5,0,0,0,0,FALSE,0.5,500,TRUE,4
44.6152435885829,0,0,44.6152435885829,59.1397104443679,0,45.5630321790988,0,55.8488523738335,0,44.2704515436699,0,"normal","un",33,1500,0.5,0,0,0,0,FALSE,0.5,500,TRUE,4
44.6152435885829,0,0,44.6152435885829,59.1397104443679,0,45.5630321790988,0,72.0597636176444,0,44.2342750065362,0,"normal","un",33,1500,0.5,0,0,0,0,FALSE,0.5,500,TRUE,4
44.6152435885829,0,0,44.6152435885829,59.1397104443679,0,45.5630321790988,0,53.480565006848,0,49.219837743959,0,"normal","un",33,1500,0.5,0,0,0,0,FALSE,0.5,500,TRUE,4
44.6152435885829,0,0,44.6152435885829,59.1397104443679,0,45.5630321790988,0,40.4241436111268,0,44.5237756732918,0,"normal","un",33,1500,0.5,0,0,0,0,FALSE,0.5,500,TRUE,4
44.6152435885829,0,0,44.6152435885829,59.1397104443679,0,45.5630321790988,0,55.8538154743672,0,47.8670789574891,0,"normal","un",33,1500,0.5,0,0,0,0,FALSE,0.5,500,TRUE,4
44.6152435885829,0,0,44.6152435885829,59.1397104443679,0,45.5630321790988,0,52.4417313192749,0,44.489258307218,0,"normal","un",33,1500,0.5,0,0,0,0,FALSE,0.5,500,TRUE,4
44.6152435885829,0,0,44.6152435885829,59.1397104443679,0,45.5630321790988,0,56.6587466967892,0,41.0543647541919,0,"normal","un",33,1500,0.5,0,0,0,0,FALSE,0.5,500,TRUE,4
44.6152435885829,0,0,44.6152435885829,59.1397104443679,0,45.5630321790988,0,47.723984208878,0,46.1229550361215,0,"normal","un",33,1500,0.5,0,0,0,0,FALSE,0.5,500,TRUE,4
44.6152435885829,0,0,44.6152435885829,59.1397104443679,0,45.5630321790988,0,54.9269880276232,0,44.3635416083384,0,"normal","un",33,1500,0.5,0,0,0,0,FALSE,0.5,500,TRUE,4
44.6152435885829,0,0,44.6152435885829,59.1397104443679,0,45.5630321790988,0,66.1939819971632,0,43.1258117028596,0,"normal","un",33,1500,0.5,0,0,0,0,FALSE,0.5,500,TRUE,4
44.6152435885829,0,0,44.6152435885829,59.1397104443679,0,45.5630321790988,0,56.3339199668174,0,47.8936281389568,0,"normal","un",33,1500,0.5,0,0,0,0,FALSE,0.5,500,TRUE,4
44.6152435885829,0,0,44.6152435885829,59.1397104443679,0,45.5630321790988,0,56.1791992545123,0,49.6307160781814,0,"normal","un",33,1500,0.5,0,0,0,0,FALSE,0.5,500,TRUE,4
44.6152435885829,0,0,44.6152435885829,59.1397104443679,0,45.5630321790988,0,48.4316563362957,0,45.771418210521,0,"normal","un",33,1500,0.5,0,0,0,0,FALSE,0.5,500,TRUE,4
44.6152435885829,0,0,44.6152435885829,59.1397104443679,0,45.5630321790988,0,51.0204889527892,0,46.6254349400004,0,"normal","un",33,1500,0.5,0,0,0,0,FALSE,0.5,500,TRUE,4
44.6152435885829,0,0,44.6152435885829,59.1397104443679,0,45.5630321790988,0,37.4527056667183,0,45.8436667352289,0,"normal","un",33,1500,0.5,0,0,0,0,FALSE,0.5,500,TRUE,4
44.6152435885829,0,0,44.6152435885829,59.1397104443679,0,45.5630321790988,0,44.6001852723641,0,47.3471926142133,0,"normal","un",33,1500,0.5,0,0,0,0,FALSE,0.5,500,TRUE,4
44.6152435885829,0,0,44.6152435885829,59.1397104443679,0,45.5630321790988,0,79.416193449142,0,49.5656227555466,0,"normal","un",33,1500,0.5,0,0,0,0,FALSE,0.5,500,TRUE,4
44.6152435885829,0,0,44.6152435885829,59.1397104443679,0,45.5630321790988,0,52.7195121673017,0,48.2622855448978,0,"normal","un",33,1500,0.5,0,0,0,0,FALSE,0.5,500,TRUE,4
44.6152435885829,0,0,44.6152435885829,59.1397104443679,0,45.5630321790988,0,55.0013985634335,0,43.5855336943944,0,"normal","un",33,1500,0.5,0,0,0,0,FALSE,0.5,500,TRUE,4
44.6152435885829,0,0,44.6152435885829,59.1397104443679,0,45.5630321790988,0,42.7716423138431,0,42.4736855329906,0,"normal","un",33,1500,0.5,0,0,0,0,FALSE,0.5,500,TRUE,4
44.6152435885829,0,0,44.6152435885829,59.1397104443679,0,45.5630321790988,0,55.2570703303127,0,45.1341033654076,0,"normal","un",33,1500,0.5,0,0,0,0,FALSE,0.5,500,TRUE,4
44.6152435885829,0,0,44.6152435885829,59.1397104443679,0,45.5630321790988,0,61.1513266859033,0,45.1965529601862,0,"normal","un",33,1500,0.5,0,0,0,0,FALSE,0.5,500,TRUE,4
44.6152435885829,0,0,44.6152435885829,59.1397104443679,0,45.5630321790988,0,47.3938591807527,0,44.8880165891294,0,"normal","un",33,1500,0.5,0,0,0,0,FALSE,0.5,500,TRUE,4
44.6152435885829,0,0,44.6152435885829,59.1397104443679,0,45.5630321790988,0,72.8929146284656,0,44.136489516703,0,"normal","un",33,1500,0.5,0,0,0,0,FALSE,0.5,500,TRUE,4
44.6152435885829,0,0,44.6152435885829,59.1397104443679,0,45.5630321790988,0,54.1554517385359,0,44.1784210300321,0,"normal","un",33,1500,0.5,0,0,0,0,FALSE,0.5,500,TRUE,4
44.6152435885829,0,0,44.6152435885829,59.1397104443679,0,45.5630321790988,0,68.6938220568736,0,46.7977707294791,0,"normal","un",33,1500,0.5,0,0,0,0,FALSE,0.5,500,TRUE,4
44.6152435885829,0,0,44.6152435885829,59.1397104443679,0,45.5630321790988,0,42.1632123903326,0,42.1431517264802,0,"normal","un",33,1500,0.5,0,0,0,0,FALSE,0.5,500,TRUE,4
44.6152435885829,0,0,44.6152435885829,59.1397104443679,0,45.5630321790988,0,63.0405215685641,0,45.5611368709425,0,"normal","un",33,1500,0.5,0,0,0,0,FALSE,0.5,500,TRUE,4
44.6152435885829,0,0,44.6152435885829,59.1397104443679,0,45.5630321790988,0,57.7718374702441,0,45.5821021873507,0,"normal","un",33,1500,0.5,0,0,0,0,FALSE,0.5,500,TRUE,4
44.6152435885829,0,0,44.6152435885829,59.1397104443679,0,45.5630321790988,0,49.0788896909334,0,41.3004565943561,0,"normal","un",33,1500,0.5,0,0,0,0,FALSE,0.5,500,TRUE,4
44.6152435885829,0,0,44.6152435885829,59.1397104443679,0,45.5630321790988,0,42.4633576357898,0,46.2251558992986,0,"normal","un",33,1500,0.5,0,0,0,0,FALSE,0.5,500,TRUE,4
44.6152435885829,0,0,44.6152435885829,59.1397104443679,0,45.5630321790988,0,45.6977386863876,0,49.1246826856279,0,"normal","un",33,1500,0.5,0,0,0,0,FALSE,0.5,500,TRUE,4
44.6152435885829,0,0,44.6152435885829,59.1397104443679,0,45.5630321790988,0,47.8407088318979,0,44.1068904415861,0,"normal","un",33,1500,0.5,0,0,0,0,FALSE,0.5,500,TRUE,4
44.6152435885829,0,0,44.6152435885829,59.1397104443679,0,45.5630321790988,0,46.8205560029982,0,44.0249247176165,0,"normal","un",33,1500,0.5,0,0,0,0,FALSE,0.5,500,TRUE,4
44.6152435885829,0,0,44.6152435885829,59.1397104443679,0,45.5630321790988,0,55.6314952226326,0,49.6246969003919,0,"normal","un",33,1500,0.5,0,0,0,0,FALSE,0.5,500,TRUE,4
44.6152435885829,0,0,44.6152435885829,59.1397104443679,0,45.5630321790988,0,52.4256922221125,0,45.1661147687929,0,"normal","un",33,1500,0.5,0,0,0,0,FALSE,0.5,500,TRUE,4
44.6152435885829,0,0,44.6152435885829,59.1397104443679,0,45.5630321790988,0,54.1351751047457,0,48.4801246086358,0,"normal","un",33,1500,0.5,0,0,0,0,FALSE,0.5,500,TRUE,4
44.6152435885829,0,0,44.6152435885829,59.1397104443679,0,45.5630321790988,0,58.4998180228164,0,43.6115138574249,0,"normal","un",33,1500,0.5,0,0,0,0,FALSE,0.5,500,TRUE,4
44.6152435885829,0,0,44.6152435885829,59.1397104443679,0,45.5630321790988,0,51.3367491989733,0,48.6004706139515,0,"normal","un",33,1500,0.5,0,0,0,0,FALSE,0.5,500,TRUE,4
44.6152435885829,0,0,44.6152435885829,59.1397104443679,0,45.5630321790988,0,51.3391706292246,0,41.5764697348483,0,"normal","un",33,1500,0.5,0,0,0,0,FALSE,0.5,500,TRUE,4
44.6152435885829,0,0,44.6152435885829,59.1397104443679,0,45.5630321790988,0,53.9371938909469,0,46.0344806849325,0,"normal","un",33,1500,0.5,0,0,0,0,FALSE,0.5,500,TRUE,4
44.6152435885829,0,0,44.6152435885829,59.1397104443679,0,45.5630321790988,0,48.9222154464537,0,44.9436399397654,0,"normal","un",33,1500,0.5,0,0,0,0,FALSE,0.5,500,TRUE,4
44.6152435885829,0,0,44.6152435885829,59.1397104443679,0,45.5630321790988,0,47.4202420042311,0,42.3450265987883,0,"normal","un",33,1500,0.5,0,0,0,0,FALSE,0.5,500,TRUE,4
44.6152435885829,0,0,44.6152435885829,59.1397104443679,0,45.5630321790988,0,43.5424280137485,0,44.4784337968691,0,"normal","un",33,1500,0.5,0,0,0,0,FALSE,0.5,500,TRUE,4
44.6152435885829,0,0,44.6152435885829,59.1397104443679,0,45.5630321790988,0,49.5766504816937,0,42.5862050646146,0,"normal","un",33,1500,0.5,0,0,0,0,FALSE,0.5,500,TRUE,4
44.6152435885829,0,0,44.6152435885829,59.1397104443679,0,45.5630321790988,0,57.9979054709949,0,45.1753032652476,0,"normal","un",33,1500,0.5,0,0,0,0,FALSE,0.5,500,TRUE,4
44.6152435885829,0,0,44.6152435885829,59.1397104443679,0,45.5630321790988,0,56.5267311037401,0,42.5911299719352,0,"normal","un",33,1500,0.5,0,0,0,0,FALSE,0.5,500,TRUE,4
44.6152435885829,0,0,44.6152435885829,59.1397104443679,0,45.5630321790988,0,43.4420491025769,0,45.7629748165801,0,"normal","un",33,1500,0.5,0,0,0,0,FALSE,0.5,500,TRUE,4
44.6152435885829,0,0,44.6152435885829,59.1397104443679,0,45.5630321790988,0,63.3718451810357,0,48.6154021531418,0,"normal","un",33,1500,0.5,0,0,0,0,FALSE,0.5,500,TRUE,4
44.6152435885829,0,0,44.6152435885829,59.1397104443679,0,45.5630321790988,0,54.273230492011,0,46.7851467785429,0,"normal","un",33,1500,0.5,0,0,0,0,FALSE,0.5,500,TRUE,4
44.6152435885829,0,0,44.6152435885829,59.1397104443679,0,45.5630321790988,0,63.8378782510127,0,42.6473976887834,0,"normal","un",33,1500,0.5,0,0,0,0,FALSE,0.5,500,TRUE,4
44.6152435885829,0,0,44.6152435885829,59.1397104443679,0,45.5630321790988,0,47.0386653871635,0,41.9073848274907,0,"normal","un",33,1500,0.5,0,0,0,0,FALSE,0.5,500,TRUE,4
44.6152435885829,0,0,44.6152435885829,59.1397104443679,0,45.5630321790988,0,52.0915079752293,0,48.2714774389356,0,"normal","un",33,1500,0.5,0,0,0,0,FALSE,0.5,500,TRUE,4
44.6152435885829,0,0,44.6152435885829,59.1397104443679,0,45.5630321790988,0,42.1542242609009,0,42.3473559886652,0,"normal","un",33,1500,0.5,0,0,0,0,FALSE,0.5,500,TRUE,4
44.6152435885829,0,0,44.6152435885829,59.1397104443679,0,45.5630321790988,0,54.8186540882292,0,45.8521331956334,0,"normal","un",33,1500,0.5,0,0,0,0,FALSE,0.5,500,TRUE,4
44.6152435885829,0,0,44.6152435885829,59.1397104443679,0,45.5630321790988,0,57.2655541356305,0,45.5910511329827,0,"normal","un",33,1500,0.5,0,0,0,0,FALSE,0.5,500,TRUE,4
44.6152435885829,0,0,44.6152435885829,59.1397104443679,0,45.5630321790988,0,49.6410729926183,0,43.3994996404013,0,"normal","un",33,1500,0.5,0,0,0,0,FALSE,0.5,500,TRUE,4
44.6152435885829,0,0,44.6152435885829,59.1397104443679,0,45.5630321790988,0,51.3480777724099,0,45.2283958746304,0,"normal","un",33,1500,0.5,0,0,0,0,FALSE,0.5,500,TRUE,4
44.6152435885829,0,0,44.6152435885829,59.1397104443679,0,45.5630321790988,0,56.207429357174,0,46.6257822379594,0,"normal","un",33,1500,0.5,0,0,0,0,FALSE,0.5,500,TRUE,4
44.6152435885829,0,0,44.6152435885829,59.1397104443679,0,45.5630321790988,0,55.2569941547939,0,48.7607635829311,0,"normal","un",33,1500,0.5,0,0,0,0,FALSE,0.5,500,TRUE,4
44.6152435885829,0,0,44.6152435885829,59.1397104443679,0,45.5630321790988,0,48.3157428408354,0,49.7381350291789,0,"normal","un",33,1500,0.5,0,0,0,0,FALSE,0.5,500,TRUE,4
44.6152435885829,0,0,44.6152435885829,59.1397104443679,0,45.5630321790988,0,48.5585087521859,0,47.4568745236018,0,"normal","un",33,1500,0.5,0,0,0,0,FALSE,0.5,500,TRUE,4
44.6152435885829,0,0,44.6152435885829,59.1397104443679,0,45.5630321790988,0,54.8274436809562,0,44.9965808188979,0,"normal","un",33,1500,0.5,0,0,0,0,FALSE,0.5,500,TRUE,4
44.6152435885829,0,0,44.6152435885829,59.1397104443679,0,45.5630321790988,0,61.1394618901107,0,43.6559870765508,0,"normal","un",33,1500,0.5,0,0,0,0,FALSE,0.5,500,TRUE,4
44.6152435885829,0,0,44.6152435885829,59.1397104443679,0,45.5630321790988,0,55.1011759022985,0,45.8401558539446,0,"normal","un",33,1500,0.5,0,0,0,0,FALSE,0.5,500,TRUE,4
44.6152435885829,0,0,44.6152435885829,59.1397104443679,0,45.5630321790988,0,56.0552648282011,0,44.0085427263916,0,"normal","un",33,1500,0.5,0,0,0,0,FALSE,0.5,500,TRUE,4
44.6152435885829,0,0,44.6152435885829,59.1397104443679,0,45.5630321790988,0,56.7488280178652,0,47.3144838646536,0,"normal","un",33,1500,0.5,0,0,0,0,FALSE,0.5,500,TRUE,4
44.6152435885829,0,0,44.6152435885829,59.1397104443679,0,45.5630321790988,0,67.7797327699473,0,51.2880471395164,0,"normal","un",33,1500,0.5,0,0,0,0,FALSE,0.5,500,TRUE,4
44.6152435885829,0,0,44.6152435885829,59.1397104443679,0,45.5630321790988,0,53.4649411676043,0,42.8433395144184,0,"normal","un",33,1500,0.5,0,0,0,0,FALSE,0.5,500,TRUE,4
44.6152435885829,0,0,44.6152435885829,59.1397104443679,0,45.5630321790988,0,40.2819693118475,0,39.2682992113811,0,"normal","un",33,1500,0.5,0,0,0,0,FALSE,0.5,500,TRUE,4
44.6152435885829,0,0,44.6152435885829,59.1397104443679,0,45.5630321790988,0,44.0653131571064,0,43.4667161698921,0,"normal","un",33,1500,0.5,0,0,0,0,FALSE,0.5,500,TRUE,4
44.6152435885829,0,0,44.6152435885829,59.1397104443679,0,45.5630321790988,0,51.1149658585707,0,47.6250748672462,0,"normal","un",33,1500,0.5,0,0,0,0,FALSE,0.5,500,TRUE,4
44.6152435885829,0,0,44.6152435885829,59.1397104443679,0,45.5630321790988,0,47.9623858208821,0,48.0166434063038,0,"normal","un",33,1500,0.5,0,0,0,0,FALSE,0.5,500,TRUE,4
44.6152435885829,0,0,44.6152435885829,59.1397104443679,0,45.5630321790988,0,58.9109468907961,0,47.4521315087877,0,"normal","un",33,1500,0.5,0,0,0,0,FALSE,0.5,500,TRUE,4
44.6152435885829,0,0,44.6152435885829,59.1397104443679,0,45.5630321790988,0,52.056516281155,0,46.9362940517095,0,"normal","un",33,1500,0.5,0,0,0,0,FALSE,0.5,500,TRUE,4
44.6152435885829,0,0,44.6152435885829,59.1397104443679,0,45.5630321790988,0,67.7620966652407,0,43.9854248893579,0,"normal","un",33,1500,0.5,0,0,0,0,FALSE,0.5,500,TRUE,4
44.6152435885829,0,0,44.6152435885829,59.1397104443679,0,45.5630321790988,0,48.7057637068816,0,43.4592879253968,0,"normal","un",33,1500,0.5,0,0,0,0,FALSE,0.5,500,TRUE,4
44.6152435885829,0,0,44.6152435885829,59.1397104443679,0,45.5630321790988,0,40.9923379063603,0,48.1454748109973,0,"normal","un",33,1500,0.5,0,0,0,0,FALSE,0.5,500,TRUE,4
44.6152435885829,0,0,44.6152435885829,59.1397104443679,0,45.5630321790988,0,41.8905612712306,0,44.7361065212255,0,"normal","un",33,1500,0.5,0,0,0,0,FALSE,0.5,500,TRUE,4
44.6152435885829,0,0,44.6152435885829,59.1397104443679,0,45.5630321790988,0,52.2595212544701,0,42.8311635773941,0,"normal","un",33,1500,0.5,0,0,0,0,FALSE,0.5,500,TRUE,4
44.6152435885829,0,0,44.6152435885829,59.1397104443679,0,45.5630321790988,0,52.4526292478338,0,42.5868198279502,0,"normal","un",33,1500,0.5,0,0,0,0,FALSE,0.5,500,TRUE,4
44.6152435885829,0,0,44.6152435885829,59.1397104443679,0,45.5630321790988,0,43.3768073203494,0,46.3138703375725,0,"normal","un",33,1500,0.5,0,0,0,0,FALSE,0.5,500,TRUE,4
44.6152435885829,0,0,44.6152435885829,59.1397104443679,0,45.5630321790988,0,73.2223199084442,0,46.1782983172171,0,"normal","un",33,1500,0.5,0,0,0,0,FALSE,0.5,500,TRUE,4
44.6152435885829,0,0,44.6152435885829,59.1397104443679,0,45.5630321790988,0,42.9670432632607,0,43.7322085834583,0,"normal","un",33,1500,0.5,0,0,0,0,FALSE,0.5,500,TRUE,4
44.6152435885829,0,0,44.6152435885829,59.1397104443679,0,45.5630321790988,0,36.7012102342835,0,45.5172921656893,0,"normal","un",33,1500,0.5,0,0,0,0,FALSE,0.5,500,TRUE,4
44.6152435885829,0,0,44.6152435885829,59.1397104443679,0,45.5630321790988,0,52.1313348391962,0,41.9072832916382,0,"normal","un",33,1500,0.5,0,0,0,0,FALSE,0.5,500,TRUE,4
44.6152435885829,0,0,44.6152435885829,59.1397104443679,0,45.5630321790988,0,40.9062076610959,0,44.8579238156031,0,"normal","un",33,1500,0.5,0,0,0,0,FALSE,0.5,500,TRUE,4
44.6152435885829,0,0,44.6152435885829,59.1397104443679,0,45.5630321790988,0,49.6108404577905,0,46.5115768530507,0,"normal","un",33,1500,0.5,0,0,0,0,FALSE,0.5,500,TRUE,4
44.6152435885829,0,0,44.6152435885829,59.1397104443679,0,45.5630321790988,0,54.6052331362847,0,51.1432640623741,0,"normal","un",33,1500,0.5,0,0,0,0,FALSE,0.5,500,TRUE,4
44.6152435885829,0,0,44.6152435885829,59.1397104443679,0,45.5630321790988,0,40.144107901203,0,44.9443136885415,0,"normal","un",33,1500,0.5,0,0,0,0,FALSE,0.5,500,TRUE,4
44.6152435885829,0,0,44.6152435885829,59.1397104443679,0,45.5630321790988,0,49.937317205291,0,42.7827012055792,0,"normal","un",33,1500,0.5,0,0,0,0,FALSE,0.5,500,TRUE,4
44.6152435885829,0,0,44.6152435885829,59.1397104443679,0,45.5630321790988,0,55.3474245545405,0,44.7699094383309,0,"normal","un",33,1500,0.5,0,0,0,0,FALSE,0.5,500,TRUE,4
44.6152435885829,0,0,44.6152435885829,59.1397104443679,0,45.5630321790988,0,48.7579071043289,0,43.3534074879809,0,"normal","un",33,1500,0.5,0,0,0,0,FALSE,0.5,500,TRUE,4
44.6152435885829,0,0,44.6152435885829,59.1397104443679,0,45.5630321790988,0,41.4994846795174,0,42.0808643895415,0,"normal","un",33,1500,0.5,0,0,0,0,FALSE,0.5,500,TRUE,4
44.6152435885829,0,0,44.6152435885829,59.1397104443679,0,45.5630321790988,0,58.3281087629221,0,45.2458048232968,0,"normal","un",33,1500,0.5,0,0,0,0,FALSE,0.5,500,TRUE,4
44.6152435885829,0,0,44.6152435885829,59.1397104443679,0,45.5630321790988,0,51.3751859091998,0,43.6389291467833,0,"normal","un",33,1500,0.5,0,0,0,0,FALSE,0.5,500,TRUE,4
44.6152435885829,0,0,44.6152435885829,59.1397104443679,0,45.5630321790988,0,52.7755141322724,0,43.5450756578273,0,"normal","un",33,1500,0.5,0,0,0,0,FALSE,0.5,500,TRUE,4
44.6152435885829,0,0,44.6152435885829,59.1397104443679,0,45.5630321790988,0,45.7325203818951,0,44.2991620188641,0,"normal","un",33,1500,0.5,0,0,0,0,FALSE,0.5,500,TRUE,4
44.6152435885829,0,0,44.6152435885829,59.1397104443679,0,45.5630321790988,0,54.4349867806229,0,43.2213658579939,0,"normal","un",33,1500,0.5,0,0,0,0,FALSE,0.5,500,TRUE,4
44.6152435885829,0,0,44.6152435885829,59.1397104443679,0,45.5630321790988,0,45.0419275531693,0,47.9906835135474,0,"normal","un",33,1500,0.5,0,0,0,0,FALSE,0.5,500,TRUE,4
44.6152435885829,0,0,44.6152435885829,59.1397104443679,0,45.5630321790988,0,70.9547085257674,0,46.9879668457884,0,"normal","un",33,1500,0.5,0,0,0,0,FALSE,0.5,500,TRUE,4
44.6152435885829,0,0,44.6152435885829,59.1397104443679,0,45.5630321790988,0,54.783877862441,0,48.6888739296612,0,"normal","un",33,1500,0.5,0,0,0,0,FALSE,0.5,500,TRUE,4
44.6152435885829,0,0,44.6152435885829,59.1397104443679,0,45.5630321790988,0,70.8711612447948,0,48.426903395127,0,"normal","un",33,1500,0.5,0,0,0,0,FALSE,0.5,500,TRUE,4
44.6152435885829,0,0,44.6152435885829,59.1397104443679,0,45.5630321790988,0,51.257023624972,0,45.8160413269806,0,"normal","un",33,1500,0.5,0,0,0,0,FALSE,0.5,500,TRUE,4
44.6152435885829,0,0,44.6152435885829,59.1397104443679,0,45.5630321790988,0,39.3691350271992,0,42.0405071421837,0,"normal","un",33,1500,0.5,0,0,0,0,FALSE,0.5,500,TRUE,4
44.6152435885829,0,0,44.6152435885829,59.1397104443679,0,45.5630321790988,0,45.8635272171779,0,45.9089272086475,0,"normal","un",33,1500,0.5,0,0,0,0,FALSE,0.5,500,TRUE,4
44.6152435885829,0,0,44.6152435885829,59.1397104443679,0,45.5630321790988,0,60.2898447449017,0,43.4497772539665,0,"normal","un",33,1500,0.5,0,0,0,0,FALSE,0.5,500,TRUE,4
44.6152435885829,0,0,44.6152435885829,59.1397104443679,0,45.5630321790988,0,44.0846230091581,0,44.1953210754721,0,"normal","un",33,1500,0.5,0,0,0,0,FALSE,0.5,500,TRUE,4
44.6152435885829,0,0,44.6152435885829,59.1397104443679,0,45.5630321790988,0,57.5905787236861,0,44.5135897627764,0,"normal","un",33,1500,0.5,0,0,0,0,FALSE,0.5,500,TRUE,4
44.6152435885829,0,0,44.6152435885829,59.1397104443679,0,45.5630321790988,0,67.190600985326,0,47.4250392873659,0,"normal","un",33,1500,0.5,0,0,0,0,FALSE,0.5,500,TRUE,4
44.6152435885829,0,0,44.6152435885829,59.1397104443679,0,45.5630321790988,0,50.6523951428488,0,43.6959785073816,0,"normal","un",33,1500,0.5,0,0,0,0,FALSE,0.5,500,TRUE,4
44.6152435885829,0,0,44.6152435885829,59.1397104443679,0,45.5630321790988,0,55.2144112335032,0,45.3796920780208,0,"normal","un",33,1500,0.5,0,0,0,0,FALSE,0.5,500,TRUE,4
44.6152435885829,0,0,44.6152435885829,59.1397104443679,0,45.5630321790988,0,43.8660743541465,0,46.6527540518349,0,"normal","un",33,1500,0.5,0,0,0,0,FALSE,0.5,500,TRUE,4
