"var_main_effect","var_inter_effect","cov_main_inter_effect","var_total_effect","EigenPrism_main","EigenPrism_CI1","EigenPrism_CI2","sub_EigenPrism_main","sub_EigenPrism_CI1","sub_EigenPrism_CI2","GCTA_main","GCTA_inter","prop_main","prop_inter","sub_GCTA_main","sub_GCTA_inter","sub_prop_main","sub_prop_inter","x_dist","structure","p","n","main_fixed_var","main_random_var","inter_fixed_var","inter_random_var","reduce_coef","decor","interact","combine","pro","n_sub","inter_std","sigma_main_approx","i"
39.9391014221924,0,0,39.9391014221924,40.7082196306033,13.2302664875996,68.1861727736069,41.7928196198565,14.8340463560268,68.7515928836861,120.755748418678,0,39.2905823548803,0,104.274016928272,0,39.0436349121282,0,"chi","un",33,264,0.5,0,0,0,0.9,TRUE,0,FALSE,0.5,200,TRUE,0.00225743825825325,16
39.9391014221924,0,0,39.9391014221924,40.7082196306033,13.2302664875996,68.1861727736069,34.1826950053686,10.8056445168149,57.5597454939223,120.755748418678,0,39.2905823548803,0,81.8921666728913,0,31.195059575874,0,"chi","un",33,264,0.5,0,0,0,0.9,TRUE,0,FALSE,0.5,200,TRUE,0.00225743825825325,16
39.9391014221924,0,0,39.9391014221924,40.7082196306033,13.2302664875996,68.1861727736069,35.9945363801442,11.9750895221632,60.0139832381252,120.755748418678,0,39.2905823548803,0,125.082589606312,0,33.0836994271586,0,"chi","un",33,264,0.5,0,0,0,0.9,TRUE,0,FALSE,0.5,200,TRUE,0.00225743825825325,16
39.9391014221924,0,0,39.9391014221924,40.7082196306033,13.2302664875996,68.1861727736069,43.1800431065596,14.1061912702725,72.2538949428467,120.755748418678,0,39.2905823548803,0,119.171728183941,0,39.7773461381318,0,"chi","un",33,264,0.5,0,0,0,0.9,TRUE,0,FALSE,0.5,200,TRUE,0.00225743825825325,16
39.9391014221924,0,0,39.9391014221924,40.7082196306033,13.2302664875996,68.1861727736069,39.0314269139632,11.8983313654343,66.1645224624921,120.755748418678,0,39.2905823548803,0,97.89001341852,0,35.3526151863108,0,"chi","un",33,264,0.5,0,0,0,0.9,TRUE,0,FALSE,0.5,200,TRUE,0.00225743825825325,16
39.9391014221924,0,0,39.9391014221924,40.7082196306033,13.2302664875996,68.1861727736069,42.8842609310269,14.9000681106259,70.8684537514279,120.755748418678,0,39.2905823548803,0,76.4770573506359,0,39.9215796220788,0,"chi","un",33,264,0.5,0,0,0,0.9,TRUE,0,FALSE,0.5,200,TRUE,0.00225743825825325,16
39.9391014221924,0,0,39.9391014221924,40.7082196306033,13.2302664875996,68.1861727736069,38.7756523948371,13.0876564427697,64.4636483469045,120.755748418678,0,39.2905823548803,0,96.4194743193468,0,35.8601692180663,0,"chi","un",33,264,0.5,0,0,0,0.9,TRUE,0,FALSE,0.5,200,TRUE,0.00225743825825325,16
39.9391014221924,0,0,39.9391014221924,40.7082196306033,13.2302664875996,68.1861727736069,37.4066161380941,13.0270985061145,61.7861337700737,120.755748418678,0,39.2905823548803,0,83.4124582409314,0,34.8418977676759,0,"chi","un",33,264,0.5,0,0,0,0.9,TRUE,0,FALSE,0.5,200,TRUE,0.00225743825825325,16
39.9391014221924,0,0,39.9391014221924,40.7082196306033,13.2302664875996,68.1861727736069,30.4650203772428,9.00715460404039,51.9228861504451,120.755748418678,0,39.2905823548803,0,80.0385438147883,0,27.0151409472792,0,"chi","un",33,264,0.5,0,0,0,0.9,TRUE,0,FALSE,0.5,200,TRUE,0.00225743825825325,16
39.9391014221924,0,0,39.9391014221924,40.7082196306033,13.2302664875996,68.1861727736069,33.2776138964704,9.49821948892728,57.0570083040135,120.755748418678,0,39.2905823548803,0,79.2861452625593,0,29.8839714926202,0,"chi","un",33,264,0.5,0,0,0,0.9,TRUE,0,FALSE,0.5,200,TRUE,0.00225743825825325,16
39.9391014221924,0,0,39.9391014221924,40.7082196306033,13.2302664875996,68.1861727736069,47.998542610599,17.9472599906093,78.0498252305886,120.755748418678,0,39.2905823548803,0,117.262814252411,0,45.4728412313392,0,"chi","un",33,264,0.5,0,0,0,0.9,TRUE,0,FALSE,0.5,200,TRUE,0.00225743825825325,16
39.9391014221924,0,0,39.9391014221924,40.7082196306033,13.2302664875996,68.1861727736069,48.4254660855415,17.2067939971719,79.6441381739112,120.755748418678,0,39.2905823548803,0,103.90272866736,0,45.2902484101157,0,"chi","un",33,264,0.5,0,0,0,0.9,TRUE,0,FALSE,0.5,200,TRUE,0.00225743825825325,16
39.9391014221924,0,0,39.9391014221924,40.7082196306033,13.2302664875996,68.1861727736069,47.5672673477687,17.4150632671852,77.7194714283523,120.755748418678,0,39.2905823548803,0,132.044693086443,0,44.8016540264929,0,"chi","un",33,264,0.5,0,0,0,0.9,TRUE,0,FALSE,0.5,200,TRUE,0.00225743825825325,16
39.9391014221924,0,0,39.9391014221924,40.7082196306033,13.2302664875996,68.1861727736069,55.4039251574886,21.0835782096181,89.7242721053592,120.755748418678,0,39.2905823548803,0,136.704833669776,0,52.573328937364,0,"chi","un",33,264,0.5,0,0,0,0.9,TRUE,0,FALSE,0.5,200,TRUE,0.00225743825825325,16
39.9391014221924,0,0,39.9391014221924,40.7082196306033,13.2302664875996,68.1861727736069,42.5225658772622,14.6768353653677,70.3682963891566,120.755748418678,0,39.2905823548803,0,79.3379236267543,0,39.5259684237803,0,"chi","un",33,264,0.5,0,0,0,0.9,TRUE,0,FALSE,0.5,200,TRUE,0.00225743825825325,16
39.9391014221924,0,0,39.9391014221924,40.7082196306033,13.2302664875996,68.1861727736069,51.8590139364955,19.5921049347874,84.1259229382036,120.755748418678,0,39.2905823548803,0,115.029298748307,0,49.1165759184144,0,"chi","un",33,264,0.5,0,0,0,0.9,TRUE,0,FALSE,0.5,200,TRUE,0.00225743825825325,16
39.9391014221924,0,0,39.9391014221924,40.7082196306033,13.2302664875996,68.1861727736069,37.7841240169464,13.420864570631,62.1473834632618,120.755748418678,0,39.2905823548803,0,81.9311404912535,0,35.3265559579917,0,"chi","un",33,264,0.5,0,0,0,0.9,TRUE,0,FALSE,0.5,200,TRUE,0.00225743825825325,16
39.9391014221924,0,0,39.9391014221924,40.7082196306033,13.2302664875996,68.1861727736069,44.1286494241736,15.7545437267774,72.5027551215698,120.755748418678,0,39.2905823548803,0,89.2776309765887,0,41.1158137986871,0,"chi","un",33,264,0.5,0,0,0,0.9,TRUE,0,FALSE,0.5,200,TRUE,0.00225743825825325,16
39.9391014221924,0,0,39.9391014221924,40.7082196306033,13.2302664875996,68.1861727736069,33.929196392427,10.6619131891864,57.1964795956676,120.755748418678,0,39.2905823548803,0,80.2976938647415,0,30.9188715453001,0,"chi","un",33,264,0.5,0,0,0,0.9,TRUE,0,FALSE,0.5,200,TRUE,0.00225743825825325,16
39.9391014221924,0,0,39.9391014221924,40.7082196306033,13.2302664875996,68.1861727736069,29.3652033686483,7.5767066421217,51.1537000951749,120.755748418678,0,39.2905823548803,0,65.468205478318,0,25.5891674946891,0,"chi","un",33,264,0.5,0,0,0,0.9,TRUE,0,FALSE,0.5,200,TRUE,0.00225743825825325,16
39.9391014221924,0,0,39.9391014221924,40.7082196306033,13.2302664875996,68.1861727736069,32.0658168561101,9.86283118487641,54.2688025273438,120.755748418678,0,39.2905823548803,0,71.1665276191631,0,28.9726039612801,0,"chi","un",33,264,0.5,0,0,0,0.9,TRUE,0,FALSE,0.5,200,TRUE,0.00225743825825325,16
39.9391014221924,0,0,39.9391014221924,40.7082196306033,13.2302664875996,68.1861727736069,37.2564326499014,13.1254172891503,61.3874480106524,120.755748418678,0,39.2905823548803,0,91.6076326325323,0,34.7582629518162,0,"chi","un",33,264,0.5,0,0,0,0.9,TRUE,0,FALSE,0.5,200,TRUE,0.00225743825825325,16
39.9391014221924,0,0,39.9391014221924,40.7082196306033,13.2302664875996,68.1861727736069,44.6120604235159,15.543238039399,73.6808828076328,120.755748418678,0,39.2905823548803,0,82.8343598975782,0,41.5539678491472,0,"chi","un",33,264,0.5,0,0,0,0.9,TRUE,0,FALSE,0.5,200,TRUE,0.00225743825825325,16
39.9391014221924,0,0,39.9391014221924,40.7082196306033,13.2302664875996,68.1861727736069,28.5528570588952,7.55892754633973,49.5467865714507,120.755748418678,0,39.2905823548803,0,69.6060669342022,0,25.2202607467613,0,"chi","un",33,264,0.5,0,0,0,0.9,TRUE,0,FALSE,0.5,200,TRUE,0.00225743825825325,16
39.9391014221924,0,0,39.9391014221924,40.7082196306033,13.2302664875996,68.1861727736069,41.3628798033506,14.5155933053508,68.2101663013504,120.755748418678,0,39.2905823548803,0,87.3320876859612,0,38.6349757098098,0,"chi","un",33,264,0.5,0,0,0,0.9,TRUE,0,FALSE,0.5,200,TRUE,0.00225743825825325,16
39.9391014221924,0,0,39.9391014221924,40.7082196306033,13.2302664875996,68.1861727736069,48.6835494007408,18.5450776557851,78.8220211456965,120.755748418678,0,39.2905823548803,0,116.697886714052,0,46.2735258052614,0,"chi","un",33,264,0.5,0,0,0,0.9,TRUE,0,FALSE,0.5,200,TRUE,0.00225743825825325,16
39.9391014221924,0,0,39.9391014221924,40.7082196306033,13.2302664875996,68.1861727736069,48.530401955726,17.6142917408475,79.4465121706046,120.755748418678,0,39.2905823548803,0,95.2663477961784,0,45.5914894923992,0,"chi","un",33,264,0.5,0,0,0,0.9,TRUE,0,FALSE,0.5,200,TRUE,0.00225743825825325,16
39.9391014221924,0,0,39.9391014221924,40.7082196306033,13.2302664875996,68.1861727736069,32.76407949307,9.76493415924764,55.7632248268924,120.755748418678,0,39.2905823548803,0,68.0405660962812,0,29.5540697369325,0,"chi","un",33,264,0.5,0,0,0,0.9,TRUE,0,FALSE,0.5,200,TRUE,0.00225743825825325,16
39.9391014221924,0,0,39.9391014221924,40.7082196306033,13.2302664875996,68.1861727736069,43.3557150568083,16.701688323514,70.0097417901027,120.755748418678,0,39.2905823548803,0,130.893287221253,0,41.3260827781635,0,"chi","un",33,264,0.5,0,0,0,0.9,TRUE,0,FALSE,0.5,200,TRUE,0.00225743825825325,16
39.9391014221924,0,0,39.9391014221924,40.7082196306033,13.2302664875996,68.1861727736069,44.4158308791089,16.3951816785565,72.4364800796614,120.755748418678,0,39.2905823548803,0,86.4820215438434,0,41.8930302576792,0,"chi","un",33,264,0.5,0,0,0,0.9,TRUE,0,FALSE,0.5,200,TRUE,0.00225743825825325,16
39.9391014221924,0,0,39.9391014221924,40.7082196306033,13.2302664875996,68.1861727736069,33.0199285228089,10.6715338209325,55.3683232246853,120.755748418678,0,39.2905823548803,0,68.3887257495629,0,30.2532942956318,0,"chi","un",33,264,0.5,0,0,0,0.9,TRUE,0,FALSE,0.5,200,TRUE,0.00225743825825325,16
39.9391014221924,0,0,39.9391014221924,40.7082196306033,13.2302664875996,68.1861727736069,42.7888801469913,14.5984278063755,70.9793324876071,120.755748418678,0,39.2905823548803,0,93.4465163116338,0,39.596809181542,0,"chi","un",33,264,0.5,0,0,0,0.9,TRUE,0,FALSE,0.5,200,TRUE,0.00225743825825325,16
39.9391014221924,0,0,39.9391014221924,40.7082196306033,13.2302664875996,68.1861727736069,35.0220653357926,11.608493444876,58.4356372267092,120.755748418678,0,39.2905823548803,0,104.581688661309,0,32.2654583284797,0,"chi","un",33,264,0.5,0,0,0,0.9,TRUE,0,FALSE,0.5,200,TRUE,0.00225743825825325,16
39.9391014221924,0,0,39.9391014221924,40.7082196306033,13.2302664875996,68.1861727736069,36.3553884422791,11.7761668232748,60.9346100612834,120.755748418678,0,39.2905823548803,0,80.0334015826766,0,33.1940125227444,0,"chi","un",33,264,0.5,0,0,0,0.9,TRUE,0,FALSE,0.5,200,TRUE,0.00225743825825325,16
39.9391014221924,0,0,39.9391014221924,40.7082196306033,13.2302664875996,68.1861727736069,37.1798577603248,12.2918820784329,62.0678334422168,120.755748418678,0,39.2905823548803,0,102.467967707567,0,34.1324473015464,0,"chi","un",33,264,0.5,0,0,0,0.9,TRUE,0,FALSE,0.5,200,TRUE,0.00225743825825325,16
39.9391014221924,0,0,39.9391014221924,40.7082196306033,13.2302664875996,68.1861727736069,40.4467185381556,13.9332763209068,66.9601607554045,120.755748418678,0,39.2905823548803,0,98.2077375788965,0,37.5811295947141,0,"chi","un",33,264,0.5,0,0,0,0.9,TRUE,0,FALSE,0.5,200,TRUE,0.00225743825825325,16
39.9391014221924,0,0,39.9391014221924,40.7082196306033,13.2302664875996,68.1861727736069,46.0403798329525,16.1972187536425,75.8835409122626,120.755748418678,0,39.2905823548803,0,113.075301811028,0,42.9865260536699,0,"chi","un",33,264,0.5,0,0,0,0.9,TRUE,0,FALSE,0.5,200,TRUE,0.00225743825825325,16
39.9391014221924,0,0,39.9391014221924,40.7082196306033,13.2302664875996,68.1861727736069,44.9325876450041,16.6117254990535,73.2534497909548,120.755748418678,0,39.2905823548803,0,101.372817399514,0,42.3783118338854,0,"chi","un",33,264,0.5,0,0,0,0.9,TRUE,0,FALSE,0.5,200,TRUE,0.00225743825825325,16
39.9391014221924,0,0,39.9391014221924,40.7082196306033,13.2302664875996,68.1861727736069,38.6124373145935,11.516106569212,65.708768059975,120.755748418678,0,39.2905823548803,0,94.5715065859942,0,34.8582491805608,0,"chi","un",33,264,0.5,0,0,0,0.9,TRUE,0,FALSE,0.5,200,TRUE,0.00225743825825325,16
39.9391014221924,0,0,39.9391014221924,40.7082196306033,13.2302664875996,68.1861727736069,53.9375046437585,20.0725796387319,87.802429648785,120.755748418678,0,39.2905823548803,0,85.0263993798702,0,50.8927564304074,0,"chi","un",33,264,0.5,0,0,0,0.9,TRUE,0,FALSE,0.5,200,TRUE,0.00225743825825325,16
39.9391014221924,0,0,39.9391014221924,40.7082196306033,13.2302664875996,68.1861727736069,53.0215872730721,19.8933812112651,86.149793334879,120.755748418678,0,39.2905823548803,0,107.653694879672,0,50.2584193118301,0,"chi","un",33,264,0.5,0,0,0,0.9,TRUE,0,FALSE,0.5,200,TRUE,0.00225743825825325,16
39.9391014221924,0,0,39.9391014221924,40.7082196306033,13.2302664875996,68.1861727736069,37.7111580453379,12.6450726358574,62.7772434548183,120.755748418678,0,39.2905823548803,0,88.9160419085974,0,34.6828713381319,0,"chi","un",33,264,0.5,0,0,0,0.9,TRUE,0,FALSE,0.5,200,TRUE,0.00225743825825325,16
39.9391014221924,0,0,39.9391014221924,40.7082196306033,13.2302664875996,68.1861727736069,51.4346700631096,20.3514805411009,82.5178595851183,120.755748418678,0,39.2905823548803,0,79.5081644101708,0,49.2861480228245,0,"chi","un",33,264,0.5,0,0,0,0.9,TRUE,0,FALSE,0.5,200,TRUE,0.00225743825825325,16
39.9391014221924,0,0,39.9391014221924,40.7082196306033,13.2302664875996,68.1861727736069,25.1323008658391,6.56349356360417,43.7011081680739,120.755748418678,0,39.2905823548803,0,49.354634582143,0,21.7890510615479,0,"chi","un",33,264,0.5,0,0,0,0.9,TRUE,0,FALSE,0.5,200,TRUE,0.00225743825825325,16
39.9391014221924,0,0,39.9391014221924,40.7082196306033,13.2302664875996,68.1861727736069,40.8434147459706,15.0058666304441,66.6809628614971,120.755748418678,0,39.2905823548803,0,117.114786672537,0,38.4825549243901,0,"chi","un",33,264,0.5,0,0,0,0.9,TRUE,0,FALSE,0.5,200,TRUE,0.00225743825825325,16
39.9391014221924,0,0,39.9391014221924,40.7082196306033,13.2302664875996,68.1861727736069,37.178289461864,12.9600770968145,61.3965018269135,120.755748418678,0,39.2905823548803,0,110.353018029594,0,34.5923327328908,0,"chi","un",33,264,0.5,0,0,0,0.9,TRUE,0,FALSE,0.5,200,TRUE,0.00225743825825325,16
39.9391014221924,0,0,39.9391014221924,40.7082196306033,13.2302664875996,68.1861727736069,43.3249637779824,15.1625804781014,71.4873470778634,120.755748418678,0,39.2905823548803,0,80.9895972714199,0,40.4520369512414,0,"chi","un",33,264,0.5,0,0,0,0.9,TRUE,0,FALSE,0.5,200,TRUE,0.00225743825825325,16
39.9391014221924,0,0,39.9391014221924,40.7082196306033,13.2302664875996,68.1861727736069,31.6603907018214,9.1859963755321,54.1347850281107,120.755748418678,0,39.2905823548803,0,67.7972694663175,0,28.4214283408554,0,"chi","un",33,264,0.5,0,0,0,0.9,TRUE,0,FALSE,0.5,200,TRUE,0.00225743825825325,16
39.9391014221924,0,0,39.9391014221924,40.7082196306033,13.2302664875996,68.1861727736069,32.0251082850612,9.81541210442942,54.234804465693,120.755748418678,0,39.2905823548803,0,71.5020419711127,0,29.0641678568357,0,"chi","un",33,264,0.5,0,0,0,0.9,TRUE,0,FALSE,0.5,200,TRUE,0.00225743825825325,16
39.9391014221924,0,0,39.9391014221924,40.7082196306033,13.2302664875996,68.1861727736069,48.7410793680231,18.6936940995956,78.7884646364506,120.755748418678,0,39.2905823548803,0,121.538673651084,0,46.4259769936452,0,"chi","un",33,264,0.5,0,0,0,0.9,TRUE,0,FALSE,0.5,200,TRUE,0.00225743825825325,16
39.9391014221924,0,0,39.9391014221924,40.7082196306033,13.2302664875996,68.1861727736069,45.5535139861299,15.786490086926,75.3205378853337,120.755748418678,0,39.2905823548803,0,82.4599709896857,0,42.2754873407415,0,"chi","un",33,264,0.5,0,0,0,0.9,TRUE,0,FALSE,0.5,200,TRUE,0.00225743825825325,16
39.9391014221924,0,0,39.9391014221924,40.7082196306033,13.2302664875996,68.1861727736069,50.8504108716025,19.3274681990398,82.3733535441652,120.755748418678,0,39.2905823548803,0,141.70390284142,0,48.2963444445635,0,"chi","un",33,264,0.5,0,0,0,0.9,TRUE,0,FALSE,0.5,200,TRUE,0.00225743825825325,16
39.9391014221924,0,0,39.9391014221924,40.7082196306033,13.2302664875996,68.1861727736069,49.0301792846713,18.6168450470225,79.44351352232,120.755748418678,0,39.2905823548803,0,86.3867806585455,0,46.5951921167549,0,"chi","un",33,264,0.5,0,0,0,0.9,TRUE,0,FALSE,0.5,200,TRUE,0.00225743825825325,16
39.9391014221924,0,0,39.9391014221924,40.7082196306033,13.2302664875996,68.1861727736069,35.7699278836495,10.8757328227793,60.6641229445196,120.755748418678,0,39.2905823548803,0,96.1803902132722,0,32.4190227183028,0,"chi","un",33,264,0.5,0,0,0,0.9,TRUE,0,FALSE,0.5,200,TRUE,0.00225743825825325,16
39.9391014221924,0,0,39.9391014221924,40.7082196306033,13.2302664875996,68.1861727736069,50.3104975744826,19.4082700551994,81.2127250937657,120.755748418678,0,39.2905823548803,0,118.599246376031,0,47.9943600208079,0,"chi","un",33,264,0.5,0,0,0,0.9,TRUE,0,FALSE,0.5,200,TRUE,0.00225743825825325,16
39.9391014221924,0,0,39.9391014221924,40.7082196306033,13.2302664875996,68.1861727736069,40.2387545992641,13.3537254369889,67.1237837615392,120.755748418678,0,39.2905823548803,0,99.1483312876112,0,36.6963523652432,0,"chi","un",33,264,0.5,0,0,0,0.9,TRUE,0,FALSE,0.5,200,TRUE,0.00225743825825325,16
39.9391014221924,0,0,39.9391014221924,40.7082196306033,13.2302664875996,68.1861727736069,57.5443011539379,22.5777843673849,92.5108179404908,120.755748418678,0,39.2905823548803,0,95.3862162753587,0,55.2220972557756,0,"chi","un",33,264,0.5,0,0,0,0.9,TRUE,0,FALSE,0.5,200,TRUE,0.00225743825825325,16
39.9391014221924,0,0,39.9391014221924,40.7082196306033,13.2302664875996,68.1861727736069,42.3556584252648,15.4356386056082,69.2756782449214,120.755748418678,0,39.2905823548803,0,96.6455889867122,0,39.8582881825164,0,"chi","un",33,264,0.5,0,0,0,0.9,TRUE,0,FALSE,0.5,200,TRUE,0.00225743825825325,16
39.9391014221924,0,0,39.9391014221924,40.7082196306033,13.2302664875996,68.1861727736069,30.6624102123164,8.88018564686703,52.4446347777658,120.755748418678,0,39.2905823548803,0,66.0855510687485,0,27.2732623576733,0,"chi","un",33,264,0.5,0,0,0,0.9,TRUE,0,FALSE,0.5,200,TRUE,0.00225743825825325,16
39.9391014221924,0,0,39.9391014221924,40.7082196306033,13.2302664875996,68.1861727736069,30.4570600427237,9.01133039546137,51.902789689986,120.755748418678,0,39.2905823548803,0,82.024137149389,0,27.4938264671426,0,"chi","un",33,264,0.5,0,0,0,0.9,TRUE,0,FALSE,0.5,200,TRUE,0.00225743825825325,16
39.9391014221924,0,0,39.9391014221924,40.7082196306033,13.2302664875996,68.1861727736069,31.5905507307263,10.433093041541,52.7480084199117,120.755748418678,0,39.2905823548803,0,61.3687917719931,0,28.7122065398925,0,"chi","un",33,264,0.5,0,0,0,0.9,TRUE,0,FALSE,0.5,200,TRUE,0.00225743825825325,16
39.9391014221924,0,0,39.9391014221924,40.7082196306033,13.2302664875996,68.1861727736069,53.4080297268939,19.6349139020967,87.1811455516911,120.755748418678,0,39.2905823548803,0,126.835809344063,0,50.2427495485448,0,"chi","un",33,264,0.5,0,0,0,0.9,TRUE,0,FALSE,0.5,200,TRUE,0.00225743825825325,16
39.9391014221924,0,0,39.9391014221924,40.7082196306033,13.2302664875996,68.1861727736069,36.6762893319984,11.7018697761731,61.6507088878236,120.755748418678,0,39.2905823548803,0,133.728858773528,0,33.5765577565001,0,"chi","un",33,264,0.5,0,0,0,0.9,TRUE,0,FALSE,0.5,200,TRUE,0.00225743825825325,16
39.9391014221924,0,0,39.9391014221924,40.7082196306033,13.2302664875996,68.1861727736069,32.603584634082,9.63572322382421,55.5714460443398,120.755748418678,0,39.2905823548803,0,68.8365802187391,0,29.3858330376894,0,"chi","un",33,264,0.5,0,0,0,0.9,TRUE,0,FALSE,0.5,200,TRUE,0.00225743825825325,16
39.9391014221924,0,0,39.9391014221924,40.7082196306033,13.2302664875996,68.1861727736069,52.1478985899184,19.8360566662702,84.4597405135666,120.755748418678,0,39.2905823548803,0,95.1981951873485,0,49.5675591986296,0,"chi","un",33,264,0.5,0,0,0,0.9,TRUE,0,FALSE,0.5,200,TRUE,0.00225743825825325,16
39.9391014221924,0,0,39.9391014221924,40.7082196306033,13.2302664875996,68.1861727736069,55.0948348506273,21.1299765080903,89.0596931931644,120.755748418678,0,39.2905823548803,0,133.212826369033,0,52.4632673282015,0,"chi","un",33,264,0.5,0,0,0,0.9,TRUE,0,FALSE,0.5,200,TRUE,0.00225743825825325,16
39.9391014221924,0,0,39.9391014221924,40.7082196306033,13.2302664875996,68.1861727736069,27.1209854818213,7.40764860692672,46.8343223567159,120.755748418678,0,39.2905823548803,0,73.8914270032795,0,24.0618163535962,0,"chi","un",33,264,0.5,0,0,0,0.9,TRUE,0,FALSE,0.5,200,TRUE,0.00225743825825325,16
39.9391014221924,0,0,39.9391014221924,40.7082196306033,13.2302664875996,68.1861727736069,35.867325591086,12.27239012049,59.462261061682,120.755748418678,0,39.2905823548803,0,98.7304605660213,0,33.314964776872,0,"chi","un",33,264,0.5,0,0,0,0.9,TRUE,0,FALSE,0.5,200,TRUE,0.00225743825825325,16
39.9391014221924,0,0,39.9391014221924,40.7082196306033,13.2302664875996,68.1861727736069,33.2722620547527,9.99246098219264,56.5520631273128,120.755748418678,0,39.2905823548803,0,101.421148602781,0,30.0507968570972,0,"chi","un",33,264,0.5,0,0,0,0.9,TRUE,0,FALSE,0.5,200,TRUE,0.00225743825825325,16
39.9391014221924,0,0,39.9391014221924,40.7082196306033,13.2302664875996,68.1861727736069,46.0603289320671,17.0934833125918,75.0271745515425,120.755748418678,0,39.2905823548803,0,90.5300362496867,0,43.5348167264466,0,"chi","un",33,264,0.5,0,0,0,0.9,TRUE,0,FALSE,0.5,200,TRUE,0.00225743825825325,16
39.9391014221924,0,0,39.9391014221924,40.7082196306033,13.2302664875996,68.1861727736069,53.3785104707942,20.794195903346,85.9628250382423,120.755748418678,0,39.2905823548803,0,138.207759217069,0,51.0213915049894,0,"chi","un",33,264,0.5,0,0,0,0.9,TRUE,0,FALSE,0.5,200,TRUE,0.00225743825825325,16
39.9391014221924,0,0,39.9391014221924,40.7082196306033,13.2302664875996,68.1861727736069,44.189967367224,16.0550803601704,72.3248543742775,120.755748418678,0,39.2905823548803,0,131.764078105513,0,41.8236615026533,0,"chi","un",33,264,0.5,0,0,0,0.9,TRUE,0,FALSE,0.5,200,TRUE,0.00225743825825325,16
39.9391014221924,0,0,39.9391014221924,40.7082196306033,13.2302664875996,68.1861727736069,47.0713051965066,18.1638042563122,75.9788061367011,120.755748418678,0,39.2905823548803,0,124.752462319226,0,44.8914474700734,0,"chi","un",33,264,0.5,0,0,0,0.9,TRUE,0,FALSE,0.5,200,TRUE,0.00225743825825325,16
39.9391014221924,0,0,39.9391014221924,40.7082196306033,13.2302664875996,68.1861727736069,30.6324561270485,8.81694775153125,52.4479645025658,120.755748418678,0,39.2905823548803,0,73.4884148719638,0,27.4588550769015,0,"chi","un",33,264,0.5,0,0,0,0.9,TRUE,0,FALSE,0.5,200,TRUE,0.00225743825825325,16
39.9391014221924,0,0,39.9391014221924,40.7082196306033,13.2302664875996,68.1861727736069,54.9148364026795,21.8125702094151,88.0171025959439,120.755748418678,0,39.2905823548803,0,134.081997119452,0,52.7438541650717,0,"chi","un",33,264,0.5,0,0,0,0.9,TRUE,0,FALSE,0.5,200,TRUE,0.00225743825825325,16
39.9391014221924,0,0,39.9391014221924,40.7082196306033,13.2302664875996,68.1861727736069,35.283238609489,11.8551454256741,58.7113317933039,120.755748418678,0,39.2905823548803,0,92.088779963127,0,32.411395311407,0,"chi","un",33,264,0.5,0,0,0,0.9,TRUE,0,FALSE,0.5,200,TRUE,0.00225743825825325,16
39.9391014221924,0,0,39.9391014221924,40.7082196306033,13.2302664875996,68.1861727736069,37.4134712219389,12.281212786173,62.5457296577049,120.755748418678,0,39.2905823548803,0,88.1844369889857,0,34.4062884263709,0,"chi","un",33,264,0.5,0,0,0,0.9,TRUE,0,FALSE,0.5,200,TRUE,0.00225743825825325,16
39.9391014221924,0,0,39.9391014221924,40.7082196306033,13.2302664875996,68.1861727736069,51.5061465178892,20.0618601137225,82.9504329220558,120.755748418678,0,39.2905823548803,0,92.3201123611901,0,49.199826937838,0,"chi","un",33,264,0.5,0,0,0,0.9,TRUE,0,FALSE,0.5,200,TRUE,0.00225743825825325,16
39.9391014221924,0,0,39.9391014221924,40.7082196306033,13.2302664875996,68.1861727736069,35.73309766487,10.7963790474523,60.6698162822877,120.755748418678,0,39.2905823548803,0,77.9374816652059,0,32.3578569259368,0,"chi","un",33,264,0.5,0,0,0,0.9,TRUE,0,FALSE,0.5,200,TRUE,0.00225743825825325,16
39.9391014221924,0,0,39.9391014221924,40.7082196306033,13.2302664875996,68.1861727736069,38.9187372386461,13.7745137302528,64.0629607470395,120.755748418678,0,39.2905823548803,0,102.450989798333,0,36.3748512614244,0,"chi","un",33,264,0.5,0,0,0,0.9,TRUE,0,FALSE,0.5,200,TRUE,0.00225743825825325,16
39.9391014221924,0,0,39.9391014221924,40.7082196306033,13.2302664875996,68.1861727736069,48.7260697174207,18.1001129881933,79.3520264466482,120.755748418678,0,39.2905823548803,0,126.439291240226,0,46.1408800223238,0,"chi","un",33,264,0.5,0,0,0,0.9,TRUE,0,FALSE,0.5,200,TRUE,0.00225743825825325,16
39.9391014221924,0,0,39.9391014221924,40.7082196306033,13.2302664875996,68.1861727736069,32.9097246979305,10.954254037152,54.865195358709,120.755748418678,0,39.2905823548803,0,79.8267987161276,0,30.3605720670278,0,"chi","un",33,264,0.5,0,0,0,0.9,TRUE,0,FALSE,0.5,200,TRUE,0.00225743825825325,16
39.9391014221924,0,0,39.9391014221924,40.7082196306033,13.2302664875996,68.1861727736069,29.2373368168233,8.31213389819893,50.1625397354478,120.755748418678,0,39.2905823548803,0,67.3122359839254,0,26.1494611802625,0,"chi","un",33,264,0.5,0,0,0,0.9,TRUE,0,FALSE,0.5,200,TRUE,0.00225743825825325,16
39.9391014221924,0,0,39.9391014221924,40.7082196306033,13.2302664875996,68.1861727736069,41.8665759599789,14.2064256281625,69.5267262917953,120.755748418678,0,39.2905823548803,0,75.0808770602962,0,38.671286423311,0,"chi","un",33,264,0.5,0,0,0,0.9,TRUE,0,FALSE,0.5,200,TRUE,0.00225743825825325,16
39.9391014221924,0,0,39.9391014221924,40.7082196306033,13.2302664875996,68.1861727736069,38.5853874878203,14.1093754133016,63.0613995623391,120.755748418678,0,39.2905823548803,0,115.72412454988,0,36.1120221875611,0,"chi","un",33,264,0.5,0,0,0,0.9,TRUE,0,FALSE,0.5,200,TRUE,0.00225743825825325,16
39.9391014221924,0,0,39.9391014221924,40.7082196306033,13.2302664875996,68.1861727736069,36.4853868350098,11.2224278496547,61.748345820365,120.755748418678,0,39.2905823548803,0,95.7182962907166,0,33.1369219298775,0,"chi","un",33,264,0.5,0,0,0,0.9,TRUE,0,FALSE,0.5,200,TRUE,0.00225743825825325,16
39.9391014221924,0,0,39.9391014221924,40.7082196306033,13.2302664875996,68.1861727736069,30.1039299222893,8.73411159673526,51.4737482478434,120.755748418678,0,39.2905823548803,0,105.009302385552,0,26.9758317558361,0,"chi","un",33,264,0.5,0,0,0,0.9,TRUE,0,FALSE,0.5,200,TRUE,0.00225743825825325,16
39.9391014221924,0,0,39.9391014221924,40.7082196306033,13.2302664875996,68.1861727736069,44.7575402613716,16.4819465205762,73.033134002167,120.755748418678,0,39.2905823548803,0,99.3725035588398,0,42.1739125314316,0,"chi","un",33,264,0.5,0,0,0,0.9,TRUE,0,FALSE,0.5,200,TRUE,0.00225743825825325,16
39.9391014221924,0,0,39.9391014221924,40.7082196306033,13.2302664875996,68.1861727736069,45.2519569108083,15.5764666237888,74.9274471978279,120.755748418678,0,39.2905823548803,0,76.8038035473406,0,42.0632788330829,0,"chi","un",33,264,0.5,0,0,0,0.9,TRUE,0,FALSE,0.5,200,TRUE,0.00225743825825325,16
39.9391014221924,0,0,39.9391014221924,40.7082196306033,13.2302664875996,68.1861727736069,51.0790785022163,19.208906659197,82.9492503452355,120.755748418678,0,39.2905823548803,0,128.632387731935,0,48.3987848563777,0,"chi","un",33,264,0.5,0,0,0,0.9,TRUE,0,FALSE,0.5,200,TRUE,0.00225743825825325,16
39.9391014221924,0,0,39.9391014221924,40.7082196306033,13.2302664875996,68.1861727736069,48.3394691469181,17.9771550465588,78.7017832472773,120.755748418678,0,39.2905823548803,0,95.7871174899582,0,45.6223387892158,0,"chi","un",33,264,0.5,0,0,0,0.9,TRUE,0,FALSE,0.5,200,TRUE,0.00225743825825325,16
39.9391014221924,0,0,39.9391014221924,40.7082196306033,13.2302664875996,68.1861727736069,46.4766121334986,15.6550841586941,77.2981401083031,120.755748418678,0,39.2905823548803,0,86.4681931608902,0,42.9636794688173,0,"chi","un",33,264,0.5,0,0,0,0.9,TRUE,0,FALSE,0.5,200,TRUE,0.00225743825825325,16
39.9391014221924,0,0,39.9391014221924,40.7082196306033,13.2302664875996,68.1861727736069,55.7841924703695,22.0537561128501,89.514628827889,120.755748418678,0,39.2905823548803,0,136.074967872039,0,53.5078319735289,0,"chi","un",33,264,0.5,0,0,0,0.9,TRUE,0,FALSE,0.5,200,TRUE,0.00225743825825325,16
39.9391014221924,0,0,39.9391014221924,40.7082196306033,13.2302664875996,68.1861727736069,49.6455881636867,18.7463250343704,80.544851293003,120.755748418678,0,39.2905823548803,0,95.8985299697469,0,47.104088762461,0,"chi","un",33,264,0.5,0,0,0,0.9,TRUE,0,FALSE,0.5,200,TRUE,0.00225743825825325,16
39.9391014221924,0,0,39.9391014221924,40.7082196306033,13.2302664875996,68.1861727736069,48.0127410219292,16.7012532828698,79.3242287609887,120.755748418678,0,39.2905823548803,0,106.832133843731,0,44.7923619824015,0,"chi","un",33,264,0.5,0,0,0,0.9,TRUE,0,FALSE,0.5,200,TRUE,0.00225743825825325,16
39.9391014221924,0,0,39.9391014221924,40.7082196306033,13.2302664875996,68.1861727736069,47.876485486454,17.4941424079314,78.2588285649765,120.755748418678,0,39.2905823548803,0,88.5402718766471,0,45.1052892314257,0,"chi","un",33,264,0.5,0,0,0,0.9,TRUE,0,FALSE,0.5,200,TRUE,0.00225743825825325,16
39.9391014221924,0,0,39.9391014221924,40.7082196306033,13.2302664875996,68.1861727736069,48.7170818142998,17.6715474405508,79.7626161880488,120.755748418678,0,39.2905823548803,0,98.3798034237618,0,45.961280540767,0,"chi","un",33,264,0.5,0,0,0,0.9,TRUE,0,FALSE,0.5,200,TRUE,0.00225743825825325,16
39.9391014221924,0,0,39.9391014221924,40.7082196306033,13.2302664875996,68.1861727736069,50.7332981796085,18.8844542138324,82.5821421453847,120.755748418678,0,39.2905823548803,0,101.944332814627,0,48.1153721059793,0,"chi","un",33,264,0.5,0,0,0,0.9,TRUE,0,FALSE,0.5,200,TRUE,0.00225743825825325,16
39.9391014221924,0,0,39.9391014221924,40.7082196306033,13.2302664875996,68.1861727736069,47.1585431897357,17.9686351814155,76.348451198056,120.755748418678,0,39.2905823548803,0,110.881419754252,0,44.8784108887947,0,"chi","un",33,264,0.5,0,0,0,0.9,TRUE,0,FALSE,0.5,200,TRUE,0.00225743825825325,16
39.9391014221924,0,0,39.9391014221924,40.7082196306033,13.2302664875996,68.1861727736069,38.7587024723733,12.5108004814459,65.0066044633008,120.755748418678,0,39.2905823548803,0,86.2402631501171,0,35.5069330911229,0,"chi","un",33,264,0.5,0,0,0,0.9,TRUE,0,FALSE,0.5,200,TRUE,0.00225743825825325,16
39.9391014221924,0,0,39.9391014221924,40.7082196306033,13.2302664875996,68.1861727736069,43.5811724490398,15.5618829894472,71.6004619086324,120.755748418678,0,39.2905823548803,0,83.5881796000213,0,40.7632902625765,0,"chi","un",33,264,0.5,0,0,0,0.9,TRUE,0,FALSE,0.5,200,TRUE,0.00225743825825325,16
39.9391014221924,0,0,39.9391014221924,40.7082196306033,13.2302664875996,68.1861727736069,46.4834240464796,16.6137992343419,76.3530488586172,120.755748418678,0,39.2905823548803,0,105.594824527098,0,43.4874945498233,0,"chi","un",33,264,0.5,0,0,0,0.9,TRUE,0,FALSE,0.5,200,TRUE,0.00225743825825325,16
39.9391014221924,0,0,39.9391014221924,40.7082196306033,13.2302664875996,68.1861727736069,43.44734820031,15.6603154827736,71.2343809178465,120.755748418678,0,39.2905823548803,0,77.1259700166113,0,40.7830844856929,0,"chi","un",33,264,0.5,0,0,0,0.9,TRUE,0,FALSE,0.5,200,TRUE,0.00225743825825325,16
39.9391014221924,0,0,39.9391014221924,40.7082196306033,13.2302664875996,68.1861727736069,42.8145444646452,15.3196541601653,70.309434769125,120.755748418678,0,39.2905823548803,0,81.2152910034881,0,40.1574026200944,0,"chi","un",33,264,0.5,0,0,0,0.9,TRUE,0,FALSE,0.5,200,TRUE,0.00225743825825325,16
39.9391014221924,0,0,39.9391014221924,40.7082196306033,13.2302664875996,68.1861727736069,43.2994709356167,14.6307899016908,71.9681519695425,120.755748418678,0,39.2905823548803,0,105.325575498038,0,40.0717858902994,0,"chi","un",33,264,0.5,0,0,0,0.9,TRUE,0,FALSE,0.5,200,TRUE,0.00225743825825325,16
39.9391014221924,0,0,39.9391014221924,40.7082196306033,13.2302664875996,68.1861727736069,32.5739066189207,10.2907128647249,54.8571003731165,120.755748418678,0,39.2905823548803,0,84.3683320120102,0,29.7264309258657,0,"chi","un",33,264,0.5,0,0,0,0.9,TRUE,0,FALSE,0.5,200,TRUE,0.00225743825825325,16
39.9391014221924,0,0,39.9391014221924,40.7082196306033,13.2302664875996,68.1861727736069,41.0767294012792,14.9808794055799,67.1725793969784,120.755748418678,0,39.2905823548803,0,104.504187454867,0,38.6447426020501,0,"chi","un",33,264,0.5,0,0,0,0.9,TRUE,0,FALSE,0.5,200,TRUE,0.00225743825825325,16
39.9391014221924,0,0,39.9391014221924,40.7082196306033,13.2302664875996,68.1861727736069,30.7813164698932,8.16567961270686,53.3969533270796,120.755748418678,0,39.2905823548803,0,60.0832131529534,0,26.8443159513607,0,"chi","un",33,264,0.5,0,0,0,0.9,TRUE,0,FALSE,0.5,200,TRUE,0.00225743825825325,16
39.9391014221924,0,0,39.9391014221924,40.7082196306033,13.2302664875996,68.1861727736069,36.6549539536221,12.7960709157921,60.5138369914522,120.755748418678,0,39.2905823548803,0,152.203854354647,0,34.1952883967714,0,"chi","un",33,264,0.5,0,0,0,0.9,TRUE,0,FALSE,0.5,200,TRUE,0.00225743825825325,16
39.9391014221924,0,0,39.9391014221924,40.7082196306033,13.2302664875996,68.1861727736069,34.5912630007396,12.365024818763,56.8175011827163,120.755748418678,0,39.2905823548803,0,82.049435186811,0,32.2557604626196,0,"chi","un",33,264,0.5,0,0,0,0.9,TRUE,0,FALSE,0.5,200,TRUE,0.00225743825825325,16
39.9391014221924,0,0,39.9391014221924,40.7082196306033,13.2302664875996,68.1861727736069,36.0266083111923,11.5517605715501,60.5014560508344,120.755748418678,0,39.2905823548803,0,108.340974050264,0,32.9367189154978,0,"chi","un",33,264,0.5,0,0,0,0.9,TRUE,0,FALSE,0.5,200,TRUE,0.00225743825825325,16
39.9391014221924,0,0,39.9391014221924,40.7082196306033,13.2302664875996,68.1861727736069,50.4077182831866,19.2665136312555,81.5489229351177,120.755748418678,0,39.2905823548803,0,101.071924660262,0,47.9696337522256,0,"chi","un",33,264,0.5,0,0,0,0.9,TRUE,0,FALSE,0.5,200,TRUE,0.00225743825825325,16
39.9391014221924,0,0,39.9391014221924,40.7082196306033,13.2302664875996,68.1861727736069,37.0214804585688,12.8055388484133,61.2374220687243,120.755748418678,0,39.2905823548803,0,74.5365481253762,0,34.44790800196,0,"chi","un",33,264,0.5,0,0,0,0.9,TRUE,0,FALSE,0.5,200,TRUE,0.00225743825825325,16
39.9391014221924,0,0,39.9391014221924,40.7082196306033,13.2302664875996,68.1861727736069,48.7747690900418,17.6883832330033,79.8611549470804,120.755748418678,0,39.2905823548803,0,95.4622139135338,0,45.8325770515144,0,"chi","un",33,264,0.5,0,0,0,0.9,TRUE,0,FALSE,0.5,200,TRUE,0.00225743825825325,16
39.9391014221924,0,0,39.9391014221924,40.7082196306033,13.2302664875996,68.1861727736069,50.4184025664968,20.0038236161117,80.8329815168818,120.755748418678,0,39.2905823548803,0,94.8382095899636,0,48.432444617939,0,"chi","un",33,264,0.5,0,0,0,0.9,TRUE,0,FALSE,0.5,200,TRUE,0.00225743825825325,16
39.9391014221924,0,0,39.9391014221924,40.7082196306033,13.2302664875996,68.1861727736069,42.8540658748493,14.7763260528953,70.9318056968033,120.755748418678,0,39.2905823548803,0,105.907332223461,0,39.8210673183787,0,"chi","un",33,264,0.5,0,0,0,0.9,TRUE,0,FALSE,0.5,200,TRUE,0.00225743825825325,16
39.9391014221924,0,0,39.9391014221924,40.7082196306033,13.2302664875996,68.1861727736069,43.6140418793629,16.3875351263633,70.8405486323625,120.755748418678,0,39.2905823548803,0,63.2683299204337,0,41.2820396202507,0,"chi","un",33,264,0.5,0,0,0,0.9,TRUE,0,FALSE,0.5,200,TRUE,0.00225743825825325,16
39.9391014221924,0,0,39.9391014221924,40.7082196306033,13.2302664875996,68.1861727736069,42.3903369440763,13.8560647115375,70.9246091766151,120.755748418678,0,39.2905823548803,0,108.240255938477,0,38.9723640087847,0,"chi","un",33,264,0.5,0,0,0,0.9,TRUE,0,FALSE,0.5,200,TRUE,0.00225743825825325,16
39.9391014221924,0,0,39.9391014221924,40.7082196306033,13.2302664875996,68.1861727736069,44.8231631793562,16.2166932013469,73.4296331573655,120.755748418678,0,39.2905823548803,0,81.5564895633606,0,42.1054367311465,0,"chi","un",33,264,0.5,0,0,0,0.9,TRUE,0,FALSE,0.5,200,TRUE,0.00225743825825325,16
39.9391014221924,0,0,39.9391014221924,40.7082196306033,13.2302664875996,68.1861727736069,57.2699300682132,21.8399801426867,92.6998799937397,120.755748418678,0,39.2905823548803,0,120.476398476868,0,54.359497033585,0,"chi","un",33,264,0.5,0,0,0,0.9,TRUE,0,FALSE,0.5,200,TRUE,0.00225743825825325,16
39.9391014221924,0,0,39.9391014221924,40.7082196306033,13.2302664875996,68.1861727736069,43.6240977118521,14.8691299230333,72.3790655006709,120.755748418678,0,39.2905823548803,0,73.6110370212272,0,40.4916240252454,0,"chi","un",33,264,0.5,0,0,0,0.9,TRUE,0,FALSE,0.5,200,TRUE,0.00225743825825325,16
39.9391014221924,0,0,39.9391014221924,40.7082196306033,13.2302664875996,68.1861727736069,45.2736174409203,15.9069384553717,74.6402964264689,120.755748418678,0,39.2905823548803,0,84.9209993069771,0,42.190601832746,0,"chi","un",33,264,0.5,0,0,0,0.9,TRUE,0,FALSE,0.5,200,TRUE,0.00225743825825325,16
39.9391014221924,0,0,39.9391014221924,40.7082196306033,13.2302664875996,68.1861727736069,35.2845623097905,12.5042772155068,58.0648474040741,120.755748418678,0,39.2905823548803,0,117.033026734648,0,32.9979518248638,0,"chi","un",33,264,0.5,0,0,0,0.9,TRUE,0,FALSE,0.5,200,TRUE,0.00225743825825325,16
39.9391014221924,0,0,39.9391014221924,40.7082196306033,13.2302664875996,68.1861727736069,33.3690516470612,9.72573681000461,57.0123664841178,120.755748418678,0,39.2905823548803,0,63.9665444801,0,30.0560911125809,0,"chi","un",33,264,0.5,0,0,0,0.9,TRUE,0,FALSE,0.5,200,TRUE,0.00225743825825325,16
39.9391014221924,0,0,39.9391014221924,40.7082196306033,13.2302664875996,68.1861727736069,38.549011901287,12.4386673601426,64.6593564424315,120.755748418678,0,39.2905823548803,0,110.882583147907,0,35.3208641436064,0,"chi","un",33,264,0.5,0,0,0,0.9,TRUE,0,FALSE,0.5,200,TRUE,0.00225743825825325,16
39.9391014221924,0,0,39.9391014221924,40.7082196306033,13.2302664875996,68.1861727736069,42.5979536759034,15.0400884484788,70.155818903328,120.755748418678,0,39.2905823548803,0,95.9569510873696,0,39.7999327702286,0,"chi","un",33,264,0.5,0,0,0,0.9,TRUE,0,FALSE,0.5,200,TRUE,0.00225743825825325,16
39.9391014221924,0,0,39.9391014221924,40.7082196306033,13.2302664875996,68.1861727736069,57.1690801670881,22.5713594711215,91.7668008630548,120.755748418678,0,39.2905823548803,0,130.575918462395,0,54.8578055392436,0,"chi","un",33,264,0.5,0,0,0,0.9,TRUE,0,FALSE,0.5,200,TRUE,0.00225743825825325,16
39.9391014221924,0,0,39.9391014221924,40.7082196306033,13.2302664875996,68.1861727736069,31.995525495194,9.10621863305763,54.8848323573304,120.755748418678,0,39.2905823548803,0,90.6488938702521,0,28.605220062338,0,"chi","un",33,264,0.5,0,0,0,0.9,TRUE,0,FALSE,0.5,200,TRUE,0.00225743825825325,16
39.9391014221924,0,0,39.9391014221924,40.7082196306033,13.2302664875996,68.1861727736069,35.0217764087008,10.7009348535621,59.3426179638394,120.755748418678,0,39.2905823548803,0,76.4945917112966,0,31.7381441033301,0,"chi","un",33,264,0.5,0,0,0,0.9,TRUE,0,FALSE,0.5,200,TRUE,0.00225743825825325,16
39.9391014221924,0,0,39.9391014221924,40.7082196306033,13.2302664875996,68.1861727736069,45.9863527690102,16.8705770444578,75.1021284935626,120.755748418678,0,39.2905823548803,0,77.9483723316268,0,43.3406860666995,0,"chi","un",33,264,0.5,0,0,0,0.9,TRUE,0,FALSE,0.5,200,TRUE,0.00225743825825325,16
39.9391014221924,0,0,39.9391014221924,40.7082196306033,13.2302664875996,68.1861727736069,41.0571504375602,14.8734016385655,67.2408992365548,120.755748418678,0,39.2905823548803,0,98.1840944416378,0,38.4741422026331,0,"chi","un",33,264,0.5,0,0,0,0.9,TRUE,0,FALSE,0.5,200,TRUE,0.00225743825825325,16
39.9391014221924,0,0,39.9391014221924,40.7082196306033,13.2302664875996,68.1861727736069,36.2693026623073,11.4485895952648,61.0900157293499,120.755748418678,0,39.2905823548803,0,83.0214722756453,0,33.05946055197,0,"chi","un",33,264,0.5,0,0,0,0.9,TRUE,0,FALSE,0.5,200,TRUE,0.00225743825825325,16
39.9391014221924,0,0,39.9391014221924,40.7082196306033,13.2302664875996,68.1861727736069,64.2165968829337,26.7571811587216,101.676012607146,120.755748418678,0,39.2905823548803,0,153.485653044756,0,62.3938019149504,0,"chi","un",33,264,0.5,0,0,0,0.9,TRUE,0,FALSE,0.5,200,TRUE,0.00225743825825325,16
39.9391014221924,0,0,39.9391014221924,40.7082196306033,13.2302664875996,68.1861727736069,34.6300906640939,11.2915413741437,57.9686399540442,120.755748418678,0,39.2905823548803,0,74.9607094424089,0,31.9576751733301,0,"chi","un",33,264,0.5,0,0,0,0.9,TRUE,0,FALSE,0.5,200,TRUE,0.00225743825825325,16
39.9391014221924,0,0,39.9391014221924,40.7082196306033,13.2302664875996,68.1861727736069,38.0710724675222,14.1152272831539,62.0269176518904,120.755748418678,0,39.2905823548803,0,96.4138906412037,0,35.9099614762474,0,"chi","un",33,264,0.5,0,0,0,0.9,TRUE,0,FALSE,0.5,200,TRUE,0.00225743825825325,16
39.9391014221924,0,0,39.9391014221924,40.7082196306033,13.2302664875996,68.1861727736069,32.4079691931323,10.1693720247222,54.6465663615425,120.755748418678,0,39.2905823548803,0,74.2611861335675,0,29.5238438276767,0,"chi","un",33,264,0.5,0,0,0,0.9,TRUE,0,FALSE,0.5,200,TRUE,0.00225743825825325,16
39.9391014221924,0,0,39.9391014221924,40.7082196306033,13.2302664875996,68.1861727736069,32.2473826450315,10.4105512940369,54.084213996026,120.755748418678,0,39.2905823548803,0,90.1443982688205,0,29.2143731851454,0,"chi","un",33,264,0.5,0,0,0,0.9,TRUE,0,FALSE,0.5,200,TRUE,0.00225743825825325,16
39.9391014221924,0,0,39.9391014221924,40.7082196306033,13.2302664875996,68.1861727736069,42.5165738157774,14.1898059469982,70.8433416845565,120.755748418678,0,39.2905823548803,0,142.997539961869,0,39.2933348069284,0,"chi","un",33,264,0.5,0,0,0,0.9,TRUE,0,FALSE,0.5,200,TRUE,0.00225743825825325,16
39.9391014221924,0,0,39.9391014221924,40.7082196306033,13.2302664875996,68.1861727736069,37.6943573577184,13.1184558131669,62.2702589022698,120.755748418678,0,39.2905823548803,0,94.7717446442428,0,35.0242382535166,0,"chi","un",33,264,0.5,0,0,0,0.9,TRUE,0,FALSE,0.5,200,TRUE,0.00225743825825325,16
39.9391014221924,0,0,39.9391014221924,40.7082196306033,13.2302664875996,68.1861727736069,33.3211593559854,10.0906976126074,56.5516210993634,120.755748418678,0,39.2905823548803,0,98.5976874138926,0,30.1287218530931,0,"chi","un",33,264,0.5,0,0,0,0.9,TRUE,0,FALSE,0.5,200,TRUE,0.00225743825825325,16
39.9391014221924,0,0,39.9391014221924,40.7082196306033,13.2302664875996,68.1861727736069,36.7389054136499,12.3700420270586,61.1077688002413,120.755748418678,0,39.2905823548803,0,75.0101997565803,0,33.9623746096184,0,"chi","un",33,264,0.5,0,0,0,0.9,TRUE,0,FALSE,0.5,200,TRUE,0.00225743825825325,16
39.9391014221924,0,0,39.9391014221924,40.7082196306033,13.2302664875996,68.1861727736069,40.8361045355991,14.5612564901288,67.1109525810693,120.755748418678,0,39.2905823548803,0,87.5880062177865,0,38.252436443566,0,"chi","un",33,264,0.5,0,0,0,0.9,TRUE,0,FALSE,0.5,200,TRUE,0.00225743825825325,16
39.9391014221924,0,0,39.9391014221924,40.7082196306033,13.2302664875996,68.1861727736069,36.1030015067271,12.6063395243088,59.5996634891455,120.755748418678,0,39.2905823548803,0,93.4994970764063,0,33.6071282939353,0,"chi","un",33,264,0.5,0,0,0,0.9,TRUE,0,FALSE,0.5,200,TRUE,0.00225743825825325,16
39.9391014221924,0,0,39.9391014221924,40.7082196306033,13.2302664875996,68.1861727736069,44.1772809750399,15.5339445580748,72.820617392005,120.755748418678,0,39.2905823548803,0,91.1103251639033,0,41.1563490029467,0,"chi","un",33,264,0.5,0,0,0,0.9,TRUE,0,FALSE,0.5,200,TRUE,0.00225743825825325,16
39.9391014221924,0,0,39.9391014221924,40.7082196306033,13.2302664875996,68.1861727736069,36.733102733741,12.7366644879949,60.7295409794871,120.755748418678,0,39.2905823548803,0,65.0389699996725,0,34.1904289522784,0,"chi","un",33,264,0.5,0,0,0,0.9,TRUE,0,FALSE,0.5,200,TRUE,0.00225743825825325,16
39.9391014221924,0,0,39.9391014221924,40.7082196306033,13.2302664875996,68.1861727736069,38.5153302413955,13.1321671384751,63.8984933443158,120.755748418678,0,39.2905823548803,0,100.123660372711,0,35.7597072155253,0,"chi","un",33,264,0.5,0,0,0,0.9,TRUE,0,FALSE,0.5,200,TRUE,0.00225743825825325,16
39.9391014221924,0,0,39.9391014221924,40.7082196306033,13.2302664875996,68.1861727736069,40.0670303141324,14.5524947224706,65.5815659057941,120.755748418678,0,39.2905823548803,0,116.927863788148,0,37.6232575418765,0,"chi","un",33,264,0.5,0,0,0,0.9,TRUE,0,FALSE,0.5,200,TRUE,0.00225743825825325,16
39.9391014221924,0,0,39.9391014221924,40.7082196306033,13.2302664875996,68.1861727736069,27.2921360016104,7.91514145747966,46.6691305457412,120.755748418678,0,39.2905823548803,0,53.1132733288539,0,24.0700164639109,0,"chi","un",33,264,0.5,0,0,0,0.9,TRUE,0,FALSE,0.5,200,TRUE,0.00225743825825325,16
39.9391014221924,0,0,39.9391014221924,40.7082196306033,13.2302664875996,68.1861727736069,33.8237092785371,10.3637448605195,57.2836736965547,120.755748418678,0,39.2905823548803,0,90.0593597660237,0,30.6103793470188,0,"chi","un",33,264,0.5,0,0,0,0.9,TRUE,0,FALSE,0.5,200,TRUE,0.00225743825825325,16
39.9391014221924,0,0,39.9391014221924,40.7082196306033,13.2302664875996,68.1861727736069,38.7010150509206,13.141250217726,64.2607798841152,120.755748418678,0,39.2905823548803,0,96.3119707681613,0,35.8891397062812,0,"chi","un",33,264,0.5,0,0,0,0.9,TRUE,0,FALSE,0.5,200,TRUE,0.00225743825825325,16
39.9391014221924,0,0,39.9391014221924,40.7082196306033,13.2302664875996,68.1861727736069,34.7358847457886,10.6571667899413,58.8146027016359,120.755748418678,0,39.2905823548803,0,78.2985491407988,0,31.2229429912895,0,"chi","un",33,264,0.5,0,0,0,0.9,TRUE,0,FALSE,0.5,200,TRUE,0.00225743825825325,16
39.9391014221924,0,0,39.9391014221924,40.7082196306033,13.2302664875996,68.1861727736069,37.4132583548268,13.4753339166738,61.3511827929799,120.755748418678,0,39.2905823548803,0,95.0305632031777,0,35.0610247531118,0,"chi","un",33,264,0.5,0,0,0,0.9,TRUE,0,FALSE,0.5,200,TRUE,0.00225743825825325,16
39.9391014221924,0,0,39.9391014221924,40.7082196306033,13.2302664875996,68.1861727736069,38.1861918596514,12.8873096504953,63.4850740688075,120.755748418678,0,39.2905823548803,0,98.6858772616645,0,35.3292191035325,0,"chi","un",33,264,0.5,0,0,0,0.9,TRUE,0,FALSE,0.5,200,TRUE,0.00225743825825325,16
39.9391014221924,0,0,39.9391014221924,40.7082196306033,13.2302664875996,68.1861727736069,50.402492877442,18.0349445028324,82.7700412520515,120.755748418678,0,39.2905823548803,0,90.4750860999454,0,47.1804299384199,0,"chi","un",33,264,0.5,0,0,0,0.9,TRUE,0,FALSE,0.5,200,TRUE,0.00225743825825325,16
39.9391014221924,0,0,39.9391014221924,40.7082196306033,13.2302664875996,68.1861727736069,44.9353212821466,15.3660526208343,74.504589943459,120.755748418678,0,39.2905823548803,0,72.0521794126569,0,41.6883006546287,0,"chi","un",33,264,0.5,0,0,0,0.9,TRUE,0,FALSE,0.5,200,TRUE,0.00225743825825325,16
39.9391014221924,0,0,39.9391014221924,40.7082196306033,13.2302664875996,68.1861727736069,47.7699218675749,17.4284846542333,78.1113590809164,120.755748418678,0,39.2905823548803,0,82.3814750257908,0,44.9517493358676,0,"chi","un",33,264,0.5,0,0,0,0.9,TRUE,0,FALSE,0.5,200,TRUE,0.00225743825825325,16
39.9391014221924,0,0,39.9391014221924,40.7082196306033,13.2302664875996,68.1861727736069,32.7912193420069,10.1375067316577,55.444931952356,120.755748418678,0,39.2905823548803,0,90.3203259296922,0,29.6233355361445,0,"chi","un",33,264,0.5,0,0,0,0.9,TRUE,0,FALSE,0.5,200,TRUE,0.00225743825825325,16
39.9391014221924,0,0,39.9391014221924,40.7082196306033,13.2302664875996,68.1861727736069,41.3842799347064,14.3768269316867,68.3917329377261,120.755748418678,0,39.2905823548803,0,100.13853112701,0,38.5121094879588,0,"chi","un",33,264,0.5,0,0,0,0.9,TRUE,0,FALSE,0.5,200,TRUE,0.00225743825825325,16
39.9391014221924,0,0,39.9391014221924,40.7082196306033,13.2302664875996,68.1861727736069,48.9688844193839,18.0604750872676,79.8772937515003,120.755748418678,0,39.2905823548803,0,95.8459661475879,0,46.2051601433473,0,"chi","un",33,264,0.5,0,0,0,0.9,TRUE,0,FALSE,0.5,200,TRUE,0.00225743825825325,16
39.9391014221924,0,0,39.9391014221924,40.7082196306033,13.2302664875996,68.1861727736069,34.6306458393106,11.4536645405158,57.8076271381054,120.755748418678,0,39.2905823548803,0,63.6692058755855,0,31.8235310111241,0,"chi","un",33,264,0.5,0,0,0,0.9,TRUE,0,FALSE,0.5,200,TRUE,0.00225743825825325,16
39.9391014221924,0,0,39.9391014221924,40.7082196306033,13.2302664875996,68.1861727736069,47.6523202328217,16.2367383746834,79.0679020909599,120.755748418678,0,39.2905823548803,0,94.7948774550294,0,44.2844061018533,0,"chi","un",33,264,0.5,0,0,0,0.9,TRUE,0,FALSE,0.5,200,TRUE,0.00225743825825325,16
39.9391014221924,0,0,39.9391014221924,40.7082196306033,13.2302664875996,68.1861727736069,31.0934986297106,10.2072225820792,51.9797746773419,120.755748418678,0,39.2905823548803,0,72.2860670204551,0,28.579991263521,0,"chi","un",33,264,0.5,0,0,0,0.9,TRUE,0,FALSE,0.5,200,TRUE,0.00225743825825325,16
39.9391014221924,0,0,39.9391014221924,40.7082196306033,13.2302664875996,68.1861727736069,32.8010218097732,10.5507361409832,55.0513074785633,120.755748418678,0,39.2905823548803,0,87.4749786288014,0,29.8974103651379,0,"chi","un",33,264,0.5,0,0,0,0.9,TRUE,0,FALSE,0.5,200,TRUE,0.00225743825825325,16
39.9391014221924,0,0,39.9391014221924,40.7082196306033,13.2302664875996,68.1861727736069,27.3803417756209,6.98034911163156,47.7803344396102,120.755748418678,0,39.2905823548803,0,65.886422451572,0,23.9063966061694,0,"chi","un",33,264,0.5,0,0,0,0.9,TRUE,0,FALSE,0.5,200,TRUE,0.00225743825825325,16
39.9391014221924,0,0,39.9391014221924,40.7082196306033,13.2302664875996,68.1861727736069,41.3588114493179,15.0662779573925,67.6513449412432,120.755748418678,0,39.2905823548803,0,73.3655515951316,0,38.8287095809266,0,"chi","un",33,264,0.5,0,0,0,0.9,TRUE,0,FALSE,0.5,200,TRUE,0.00225743825825325,16
39.9391014221924,0,0,39.9391014221924,40.7082196306033,13.2302664875996,68.1861727736069,50.2507780452634,18.5254559938698,81.976100096657,120.755748418678,0,39.2905823548803,0,125.752101274662,0,47.3208491492205,0,"chi","un",33,264,0.5,0,0,0,0.9,TRUE,0,FALSE,0.5,200,TRUE,0.00225743825825325,16
39.9391014221924,0,0,39.9391014221924,40.7082196306033,13.2302664875996,68.1861727736069,41.355823377932,13.9338440816483,68.7778026742157,120.755748418678,0,39.2905823548803,0,87.0763531827503,0,38.1747981605028,0,"chi","un",33,264,0.5,0,0,0,0.9,TRUE,0,FALSE,0.5,200,TRUE,0.00225743825825325,16
39.9391014221924,0,0,39.9391014221924,40.7082196306033,13.2302664875996,68.1861727736069,44.9400908869525,16.4814062381865,73.3987755357185,120.755748418678,0,39.2905823548803,0,132.116749544633,0,42.3143813609114,0,"chi","un",33,264,0.5,0,0,0,0.9,TRUE,0,FALSE,0.5,200,TRUE,0.00225743825825325,16
39.9391014221924,0,0,39.9391014221924,40.7082196306033,13.2302664875996,68.1861727736069,39.4167005907508,13.9164195073933,64.9169816741084,120.755748418678,0,39.2905823548803,0,96.5627045395302,0,36.7607480154907,0,"chi","un",33,264,0.5,0,0,0,0.9,TRUE,0,FALSE,0.5,200,TRUE,0.00225743825825325,16
39.9391014221924,0,0,39.9391014221924,40.7082196306033,13.2302664875996,68.1861727736069,32.9360072928136,10.9721466876925,54.8998678979347,120.755748418678,0,39.2905823548803,0,92.3509273530362,0,30.3858161986157,0,"chi","un",33,264,0.5,0,0,0,0.9,TRUE,0,FALSE,0.5,200,TRUE,0.00225743825825325,16
39.9391014221924,0,0,39.9391014221924,40.7082196306033,13.2302664875996,68.1861727736069,49.0208110147491,18.0601274527575,79.9814945767407,120.755748418678,0,39.2905823548803,0,109.946268830668,0,46.0233495908797,0,"chi","un",33,264,0.5,0,0,0,0.9,TRUE,0,FALSE,0.5,200,TRUE,0.00225743825825325,16
39.9391014221924,0,0,39.9391014221924,40.7082196306033,13.2302664875996,68.1861727736069,46.7576551823543,16.7540442355102,76.7612661291984,120.755748418678,0,39.2905823548803,0,91.4568381474799,0,43.7981664465563,0,"chi","un",33,264,0.5,0,0,0,0.9,TRUE,0,FALSE,0.5,200,TRUE,0.00225743825825325,16
39.9391014221924,0,0,39.9391014221924,40.7082196306033,13.2302664875996,68.1861727736069,55.9611855922893,21.9667781974292,89.9555929871495,120.755748418678,0,39.2905823548803,0,170.52719772256,0,53.5064751257615,0,"chi","un",33,264,0.5,0,0,0,0.9,TRUE,0,FALSE,0.5,200,TRUE,0.00225743825825325,16
39.9391014221924,0,0,39.9391014221924,40.7082196306033,13.2302664875996,68.1861727736069,49.5913532728992,18.0039977322402,81.1787088135583,120.755748418678,0,39.2905823548803,0,120.270080301288,0,46.5580706461439,0,"chi","un",33,264,0.5,0,0,0,0.9,TRUE,0,FALSE,0.5,200,TRUE,0.00225743825825325,16
39.9391014221924,0,0,39.9391014221924,40.7082196306033,13.2302664875996,68.1861727736069,47.2884814516217,18.2484964954444,76.3284664077991,120.755748418678,0,39.2905823548803,0,93.0421806491391,0,45.1413312981691,0,"chi","un",33,264,0.5,0,0,0,0.9,TRUE,0,FALSE,0.5,200,TRUE,0.00225743825825325,16
39.9391014221924,0,0,39.9391014221924,40.7082196306033,13.2302664875996,68.1861727736069,40.5842188817608,14.0938784881919,67.0745592753297,120.755748418678,0,39.2905823548803,0,77.148171145623,0,37.7644695569794,0,"chi","un",33,264,0.5,0,0,0,0.9,TRUE,0,FALSE,0.5,200,TRUE,0.00225743825825325,16
39.9391014221924,0,0,39.9391014221924,40.7082196306033,13.2302664875996,68.1861727736069,36.2415949887923,11.646362353599,60.8368276239856,120.755748418678,0,39.2905823548803,0,82.7555199068919,0,33.180990145221,0,"chi","un",33,264,0.5,0,0,0,0.9,TRUE,0,FALSE,0.5,200,TRUE,0.00225743825825325,16
39.9391014221924,0,0,39.9391014221924,40.7082196306033,13.2302664875996,68.1861727736069,30.6314065629868,9.86432515926185,51.3984879667117,120.755748418678,0,39.2905823548803,0,94.1762445836799,0,27.9372413711695,0,"chi","un",33,264,0.5,0,0,0,0.9,TRUE,0,FALSE,0.5,200,TRUE,0.00225743825825325,16
39.9391014221924,0,0,39.9391014221924,40.7082196306033,13.2302664875996,68.1861727736069,55.6406881603841,21.4388618824815,89.8425144382867,120.755748418678,0,39.2905823548803,0,97.8941056150522,0,52.8662435283094,0,"chi","un",33,264,0.5,0,0,0,0.9,TRUE,0,FALSE,0.5,200,TRUE,0.00225743825825325,16
39.9391014221924,0,0,39.9391014221924,40.7082196306033,13.2302664875996,68.1861727736069,33.7274309746454,9.96831804320211,57.4865439060886,120.755748418678,0,39.2905823548803,0,92.0559545438874,0,30.2061807093398,0,"chi","un",33,264,0.5,0,0,0,0.9,TRUE,0,FALSE,0.5,200,TRUE,0.00225743825825325,16
39.9391014221924,0,0,39.9391014221924,40.7082196306033,13.2302664875996,68.1861727736069,47.8110753052405,17.2720531375364,78.3500974729446,120.755748418678,0,39.2905823548803,0,77.7232531648603,0,44.9955054103473,0,"chi","un",33,264,0.5,0,0,0,0.9,TRUE,0,FALSE,0.5,200,TRUE,0.00225743825825325,16
39.9391014221924,0,0,39.9391014221924,40.7082196306033,13.2302664875996,68.1861727736069,40.3599911458879,13.4190493714318,67.3009329203441,120.755748418678,0,39.2905823548803,0,73.406597354604,0,37.2824268240622,0,"chi","un",33,264,0.5,0,0,0,0.9,TRUE,0,FALSE,0.5,200,TRUE,0.00225743825825325,16
39.9391014221924,0,0,39.9391014221924,40.7082196306033,13.2302664875996,68.1861727736069,35.6860615591892,11.9383123285066,59.4338107898718,120.755748418678,0,39.2905823548803,0,95.9960707035518,0,32.9006000954359,0,"chi","un",33,264,0.5,0,0,0,0.9,TRUE,0,FALSE,0.5,200,TRUE,0.00225743825825325,16
39.9391014221924,0,0,39.9391014221924,40.7082196306033,13.2302664875996,68.1861727736069,31.2895419881101,9.13242481403616,53.446659162184,120.755748418678,0,39.2905823548803,0,64.1835156696826,0,28.127817978826,0,"chi","un",33,264,0.5,0,0,0,0.9,TRUE,0,FALSE,0.5,200,TRUE,0.00225743825825325,16
39.9391014221924,0,0,39.9391014221924,40.7082196306033,13.2302664875996,68.1861727736069,34.7066191852079,11.2859835297863,58.1272548406295,120.755748418678,0,39.2905823548803,0,70.8621556392757,0,31.9781782177334,0,"chi","un",33,264,0.5,0,0,0,0.9,TRUE,0,FALSE,0.5,200,TRUE,0.00225743825825325,16
39.9391014221924,0,0,39.9391014221924,40.7082196306033,13.2302664875996,68.1861727736069,34.5334484040438,10.7215535464708,58.3453432616167,120.755748418678,0,39.2905823548803,0,106.359223331957,0,31.3840747257201,0,"chi","un",33,264,0.5,0,0,0,0.9,TRUE,0,FALSE,0.5,200,TRUE,0.00225743825825325,16
39.9391014221924,0,0,39.9391014221924,40.7082196306033,13.2302664875996,68.1861727736069,50.7618602009439,19.3195574831578,82.20416291873,120.755748418678,0,39.2905823548803,0,88.2648896562724,0,48.2212372434199,0,"chi","un",33,264,0.5,0,0,0,0.9,TRUE,0,FALSE,0.5,200,TRUE,0.00225743825825325,16
39.9391014221924,0,0,39.9391014221924,40.7082196306033,13.2302664875996,68.1861727736069,41.5130303642312,14.0946842248818,68.9313765035805,120.755748418678,0,39.2905823548803,0,95.6456143432908,0,38.3515332089768,0,"chi","un",33,264,0.5,0,0,0,0.9,TRUE,0,FALSE,0.5,200,TRUE,0.00225743825825325,16
39.9391014221924,0,0,39.9391014221924,40.7082196306033,13.2302664875996,68.1861727736069,53.975273626755,21.3424515269957,86.6080957265144,120.755748418678,0,39.2905823548803,0,125.121734868996,0,51.7596746320941,0,"chi","un",33,264,0.5,0,0,0,0.9,TRUE,0,FALSE,0.5,200,TRUE,0.00225743825825325,16
39.9391014221924,0,0,39.9391014221924,40.7082196306033,13.2302664875996,68.1861727736069,49.3466410425588,18.4192392276274,80.2740428574903,120.755748418678,0,39.2905823548803,0,117.550612328314,0,46.569040752084,0,"chi","un",33,264,0.5,0,0,0,0.9,TRUE,0,FALSE,0.5,200,TRUE,0.00225743825825325,16
39.9391014221924,0,0,39.9391014221924,40.7082196306033,13.2302664875996,68.1861727736069,53.7011858805442,19.7951076105833,87.607264150505,120.755748418678,0,39.2905823548803,0,110.57430304791,0,50.5070331433912,0,"chi","un",33,264,0.5,0,0,0,0.9,TRUE,0,FALSE,0.5,200,TRUE,0.00225743825825325,16
39.9391014221924,0,0,39.9391014221924,40.7082196306033,13.2302664875996,68.1861727736069,35.3891661298763,11.3009996268262,59.4773326329265,120.755748418678,0,39.2905823548803,0,110.377324902706,0,32.3475391875656,0,"chi","un",33,264,0.5,0,0,0,0.9,TRUE,0,FALSE,0.5,200,TRUE,0.00225743825825325,16
39.9391014221924,0,0,39.9391014221924,40.7082196306033,13.2302664875996,68.1861727736069,45.3649653541955,16.6354380325122,74.0944926758788,120.755748418678,0,39.2905823548803,0,87.5930981565115,0,42.7246703655754,0,"chi","un",33,264,0.5,0,0,0,0.9,TRUE,0,FALSE,0.5,200,TRUE,0.00225743825825325,16
39.9391014221924,0,0,39.9391014221924,40.7082196306033,13.2302664875996,68.1861727736069,37.31207102511,12.3323657632641,62.2917762869559,120.755748418678,0,39.2905823548803,0,76.4380417415252,0,34.3761794533897,0,"chi","un",33,264,0.5,0,0,0,0.9,TRUE,0,FALSE,0.5,200,TRUE,0.00225743825825325,16
39.9391014221924,0,0,39.9391014221924,40.7082196306033,13.2302664875996,68.1861727736069,47.0050099155848,18.1568763362981,75.8531434948714,120.755748418678,0,39.2905823548803,0,97.9680461083768,0,44.8789635899536,0,"chi","un",33,264,0.5,0,0,0,0.9,TRUE,0,FALSE,0.5,200,TRUE,0.00225743825825325,16
39.9391014221924,0,0,39.9391014221924,40.7082196306033,13.2302664875996,68.1861727736069,34.0464009477665,11.4078819559996,56.6849199395333,120.755748418678,0,39.2905823548803,0,90.3046594432276,0,31.2249952030933,0,"chi","un",33,264,0.5,0,0,0,0.9,TRUE,0,FALSE,0.5,200,TRUE,0.00225743825825325,16
39.9391014221924,0,0,39.9391014221924,40.7082196306033,13.2302664875996,68.1861727736069,48.0279991633404,18.6398538796067,77.4161444470741,120.755748418678,0,39.2905823548803,0,104.841862850362,0,45.6435902422473,0,"chi","un",33,264,0.5,0,0,0,0.9,TRUE,0,FALSE,0.5,200,TRUE,0.00225743825825325,16
39.9391014221924,0,0,39.9391014221924,40.7082196306033,13.2302664875996,68.1861727736069,31.777081486604,10.0677446370241,53.4864183361839,120.755748418678,0,39.2905823548803,0,58.9458677654727,0,28.9882985569895,0,"chi","un",33,264,0.5,0,0,0,0.9,TRUE,0,FALSE,0.5,200,TRUE,0.00225743825825325,16
39.9391014221924,0,0,39.9391014221924,40.7082196306033,13.2302664875996,68.1861727736069,49.3868820381748,17.93787090736,80.8358931689895,120.755748418678,0,39.2905823548803,0,101.207630457588,0,46.4972568218183,0,"chi","un",33,264,0.5,0,0,0,0.9,TRUE,0,FALSE,0.5,200,TRUE,0.00225743825825325,16
39.9391014221924,0,0,39.9391014221924,40.7082196306033,13.2302664875996,68.1861727736069,43.9427327566898,16.6132797349186,71.2721857784611,120.755748418678,0,39.2905823548803,0,91.595521578335,0,41.510783344497,0,"chi","un",33,264,0.5,0,0,0,0.9,TRUE,0,FALSE,0.5,200,TRUE,0.00225743825825325,16
