"var_main_effect","var_inter_effect","cov_main_inter_effect","var_total_effect","EigenPrism_total","EigenPrism_CI1","EigenPrism_CI2","sub_EigenPrism_total","sub_EigenPrism_CI1","sub_EigenPrism_CI2","GCTA_total","GCTA_inter","prop_total","prop_inter","sub_GCTA_total","sub_GCTA_inter","sub_prop_total","sub_prop_inter","x_dist","structure","p","n","main_fixed_var","main_random_var","inter_fixed_var","inter_random_var","reduce_coef","decor","interact","combine","pro","n_sub","inter_std","sigma_main_approx","i"
39.9605610844821,6.4752640355137,6.41841735407668,59.2726598281492,68.2750567011858,43.0111699851358,93.5389434172359,70.2013778175367,33.0334689296209,107.369286705453,145.165682304928,0,52.7697170410944,0,178.414606368231,0,54.1581654971585,0,"chi","un",33,528,0.5,0,0.1,0,0.9,TRUE,0,TRUE,0.5,200,TRUE,0.0022375758893052,99
39.9605610844821,6.4752640355137,6.41841735407668,59.2726598281492,68.2750567011858,43.0111699851358,93.5389434172359,80.251624213047,37.6684321891725,122.834816236922,145.165682304928,0,52.7697170410944,0,157.998726121257,0,57.5589657704286,0,"chi","un",33,528,0.5,0,0.1,0,0.9,TRUE,0,TRUE,0.5,200,TRUE,0.0022375758893052,99
39.9605610844821,6.4752640355137,6.41841735407668,59.2726598281492,68.2750567011858,43.0111699851358,93.5389434172359,50.5290775409154,23.5300968100565,77.5280582717742,145.165682304928,0,52.7697170410944,0,88.822569412317,0,33.0040761792559,0,"chi","un",33,528,0.5,0,0.1,0,0.9,TRUE,0,TRUE,0.5,200,TRUE,0.0022375758893052,99
39.9605610844821,6.4752640355137,6.41841735407668,59.2726598281492,68.2750567011858,43.0111699851358,93.5389434172359,77.7131996439123,36.7431148038792,118.683284483945,145.165682304928,0,52.7697170410944,0,146.860214672374,0,60.0420711763111,0,"chi","un",33,528,0.5,0,0.1,0,0.9,TRUE,0,TRUE,0.5,200,TRUE,0.0022375758893052,99
39.9605610844821,6.4752640355137,6.41841735407668,59.2726598281492,68.2750567011858,43.0111699851358,93.5389434172359,57.9016866053055,27.2746852873406,88.5286879232704,145.165682304928,0,52.7697170410944,0,129.730973773027,0,44.623456914477,0,"chi","un",33,528,0.5,0,0.1,0,0.9,TRUE,0,TRUE,0.5,200,TRUE,0.0022375758893052,99
39.9605610844821,6.4752640355137,6.41841735407668,59.2726598281492,68.2750567011858,43.0111699851358,93.5389434172359,47.9599677948699,22.3554409046931,73.5644946850466,145.165682304928,0,52.7697170410944,0,70.9391931135623,0,32.3761014849352,0,"chi","un",33,528,0.5,0,0.1,0,0.9,TRUE,0,TRUE,0.5,200,TRUE,0.0022375758893052,99
39.9605610844821,6.4752640355137,6.41841735407668,59.2726598281492,68.2750567011858,43.0111699851358,93.5389434172359,54.2970747811208,24.7403015564966,83.8538480057449,145.165682304928,0,52.7697170410944,0,70.1654325443944,0,27.1019300951582,0,"chi","un",33,528,0.5,0,0.1,0,0.9,TRUE,0,TRUE,0.5,200,TRUE,0.0022375758893052,99
39.9605610844821,6.4752640355137,6.41841735407668,59.2726598281492,68.2750567011858,43.0111699851358,93.5389434172359,58.8739512636263,27.3913358305371,90.3565666967156,145.165682304928,0,52.7697170410944,0,135.856931370835,0,37.920778966141,0,"chi","un",33,528,0.5,0,0.1,0,0.9,TRUE,0,TRUE,0.5,200,TRUE,0.0022375758893052,99
39.9605610844821,6.4752640355137,6.41841735407668,59.2726598281492,68.2750567011858,43.0111699851358,93.5389434172359,73.8786133243291,34.608080407733,113.149146240925,145.165682304928,0,52.7697170410944,0,165.053948982948,0,50.9786705410593,0,"chi","un",33,528,0.5,0,0.1,0,0.9,TRUE,0,TRUE,0.5,200,TRUE,0.0022375758893052,99
39.9605610844821,6.4752640355137,6.41841735407668,59.2726598281492,68.2750567011858,43.0111699851358,93.5389434172359,59.7352856268707,28.1556813056246,91.3148899481169,145.165682304928,0,52.7697170410944,0,93.6602105900845,0,46.5055499450749,0,"chi","un",33,528,0.5,0,0.1,0,0.9,TRUE,0,TRUE,0.5,200,TRUE,0.0022375758893052,99
39.9605610844821,6.4752640355137,6.41841735407668,59.2726598281492,68.2750567011858,43.0111699851358,93.5389434172359,61.1263803789741,28.4494246036747,93.8033361542736,145.165682304928,0,52.7697170410944,0,115.93753288173,0,40.1335866494826,0,"chi","un",33,528,0.5,0,0.1,0,0.9,TRUE,0,TRUE,0.5,200,TRUE,0.0022375758893052,99
39.9605610844821,6.4752640355137,6.41841735407668,59.2726598281492,68.2750567011858,43.0111699851358,93.5389434172359,77.0272966116392,36.1081377656344,117.946455457644,145.165682304928,0,52.7697170410944,0,134.013034863137,0,51.1637850174739,0,"chi","un",33,528,0.5,0,0.1,0,0.9,TRUE,0,TRUE,0.5,200,TRUE,0.0022375758893052,99
39.9605610844821,6.4752640355137,6.41841735407668,59.2726598281492,68.2750567011858,43.0111699851358,93.5389434172359,64.3590896822663,29.9500861862601,98.7680931782725,145.165682304928,0,52.7697170410944,0,99.8993318813527,0,43.9436049401557,0,"chi","un",33,528,0.5,0,0.1,0,0.9,TRUE,0,TRUE,0.5,200,TRUE,0.0022375758893052,99
39.9605610844821,6.4752640355137,6.41841735407668,59.2726598281492,68.2750567011858,43.0111699851358,93.5389434172359,86.8560348072274,41.0789383971393,132.633131217315,145.165682304928,0,52.7697170410944,0,139.055946773122,0,60.6270447133207,0,"chi","un",33,528,0.5,0,0.1,0,0.9,TRUE,0,TRUE,0.5,200,TRUE,0.0022375758893052,99
39.9605610844821,6.4752640355137,6.41841735407668,59.2726598281492,68.2750567011858,43.0111699851358,93.5389434172359,75.4467491042108,35.7951855327112,115.09831267571,145.165682304928,0,52.7697170410944,0,158.175097611583,0,62.7824185620195,0,"chi","un",33,528,0.5,0,0.1,0,0.9,TRUE,0,TRUE,0.5,200,TRUE,0.0022375758893052,99
39.9605610844821,6.4752640355137,6.41841735407668,59.2726598281492,68.2750567011858,43.0111699851358,93.5389434172359,62.5676455487248,29.1411144574171,95.9941766400325,145.165682304928,0,52.7697170410944,0,86.3398399071243,0,40.8181485041577,0,"chi","un",33,528,0.5,0,0.1,0,0.9,TRUE,0,TRUE,0.5,200,TRUE,0.0022375758893052,99
39.9605610844821,6.4752640355137,6.41841735407668,59.2726598281492,68.2750567011858,43.0111699851358,93.5389434172359,67.86869385518,32.2120945238579,103.525293186502,145.165682304928,0,52.7697170410944,0,148.563391768487,0,57.0406087828585,0,"chi","un",33,528,0.5,0,0.1,0,0.9,TRUE,0,TRUE,0.5,200,TRUE,0.0022375758893052,99
39.9605610844821,6.4752640355137,6.41841735407668,59.2726598281492,68.2750567011858,43.0111699851358,93.5389434172359,75.6184586451828,35.3995899667941,115.837327323571,145.165682304928,0,52.7697170410944,0,122.79131968521,0,50.2034294039715,0,"chi","un",33,528,0.5,0,0.1,0,0.9,TRUE,0,TRUE,0.5,200,TRUE,0.0022375758893052,99
39.9605610844821,6.4752640355137,6.41841735407668,59.2726598281492,68.2750567011858,43.0111699851358,93.5389434172359,56.9691567725393,26.4450479070759,87.4932656380028,145.165682304928,0,52.7697170410944,0,76.8040143260829,0,35.1322166324411,0,"chi","un",33,528,0.5,0,0.1,0,0.9,TRUE,0,TRUE,0.5,200,TRUE,0.0022375758893052,99
39.9605610844821,6.4752640355137,6.41841735407668,59.2726598281492,68.2750567011858,43.0111699851358,93.5389434172359,73.4643438575974,34.9084972236774,112.020190491517,145.165682304928,0,52.7697170410944,0,152.269296000471,0,57.299215705153,0,"chi","un",33,528,0.5,0,0.1,0,0.9,TRUE,0,TRUE,0.5,200,TRUE,0.0022375758893052,99
39.9605610844821,6.4752640355137,6.41841735407668,59.2726598281492,68.2750567011858,43.0111699851358,93.5389434172359,72.8302137608125,34.7734882926187,110.886939229006,145.165682304928,0,52.7697170410944,0,147.351869006753,0,62.4146259763813,0,"chi","un",33,528,0.5,0,0.1,0,0.9,TRUE,0,TRUE,0.5,200,TRUE,0.0022375758893052,99
39.9605610844821,6.4752640355137,6.41841735407668,59.2726598281492,68.2750567011858,43.0111699851358,93.5389434172359,49.8407248120713,23.4625349589907,76.2189146651518,145.165682304928,0,52.7697170410944,0,90.0164575873972,0,39.0066309139974,0,"chi","un",33,528,0.5,0,0.1,0,0.9,TRUE,0,TRUE,0.5,200,TRUE,0.0022375758893052,99
39.9605610844821,6.4752640355137,6.41841735407668,59.2726598281492,68.2750567011858,43.0111699851358,93.5389434172359,71.511294586537,34.0340489787998,108.988540194274,145.165682304928,0,52.7697170410944,0,163.512023819271,0,53.5920077794354,0,"chi","un",33,528,0.5,0,0.1,0,0.9,TRUE,0,TRUE,0.5,200,TRUE,0.0022375758893052,99
39.9605610844821,6.4752640355137,6.41841735407668,59.2726598281492,68.2750567011858,43.0111699851358,93.5389434172359,53.5264017897923,24.8730035306161,82.1798000489685,145.165682304928,0,52.7697170410944,0,111.014239311414,0,34.3224238704934,0,"chi","un",33,528,0.5,0,0.1,0,0.9,TRUE,0,TRUE,0.5,200,TRUE,0.0022375758893052,99
39.9605610844821,6.4752640355137,6.41841735407668,59.2726598281492,68.2750567011858,43.0111699851358,93.5389434172359,62.4695614662459,29.4305546579446,95.5085682745472,145.165682304928,0,52.7697170410944,0,88.6108332486502,0,48.0820552137441,0,"chi","un",33,528,0.5,0,0.1,0,0.9,TRUE,0,TRUE,0.5,200,TRUE,0.0022375758893052,99
39.9605610844821,6.4752640355137,6.41841735407668,59.2726598281492,68.2750567011858,43.0111699851358,93.5389434172359,75.8102386205598,35.6726091324014,115.947868108718,145.165682304928,0,52.7697170410944,0,143.226016541427,0,51.0711167610725,0,"chi","un",33,528,0.5,0,0.1,0,0.9,TRUE,0,TRUE,0.5,200,TRUE,0.0022375758893052,99
39.9605610844821,6.4752640355137,6.41841735407668,59.2726598281492,68.2750567011858,43.0111699851358,93.5389434172359,71.4354800277183,33.9960181384025,108.874941917034,145.165682304928,0,52.7697170410944,0,135.933419326655,0,61.6154218011347,0,"chi","un",33,528,0.5,0,0.1,0,0.9,TRUE,0,TRUE,0.5,200,TRUE,0.0022375758893052,99
39.9605610844821,6.4752640355137,6.41841735407668,59.2726598281492,68.2750567011858,43.0111699851358,93.5389434172359,66.2852978164376,31.0492416802874,101.521353952588,145.165682304928,0,52.7697170410944,0,114.182155769124,0,49.3874199198426,0,"chi","un",33,528,0.5,0,0.1,0,0.9,TRUE,0,TRUE,0.5,200,TRUE,0.0022375758893052,99
39.9605610844821,6.4752640355137,6.41841735407668,59.2726598281492,68.2750567011858,43.0111699851358,93.5389434172359,69.3565576267126,32.4660342594552,106.24708099397,145.165682304928,0,52.7697170410944,0,157.203457965388,0,50.0450103987223,0,"chi","un",33,528,0.5,0,0.1,0,0.9,TRUE,0,TRUE,0.5,200,TRUE,0.0022375758893052,99
39.9605610844821,6.4752640355137,6.41841735407668,59.2726598281492,68.2750567011858,43.0111699851358,93.5389434172359,57.8436809782228,27.0432415371672,88.6441204192785,145.165682304928,0,52.7697170410944,0,84.9993039512636,0,40.9502352556077,0,"chi","un",33,528,0.5,0,0.1,0,0.9,TRUE,0,TRUE,0.5,200,TRUE,0.0022375758893052,99
39.9605610844821,6.4752640355137,6.41841735407668,59.2726598281492,68.2750567011858,43.0111699851358,93.5389434172359,52.1138899055216,24.1189384433399,80.1088413677033,145.165682304928,0,52.7697170410944,0,74.4344780042433,0,32.7561957780441,0,"chi","un",33,528,0.5,0,0.1,0,0.9,TRUE,0,TRUE,0.5,200,TRUE,0.0022375758893052,99
39.9605610844821,6.4752640355137,6.41841735407668,59.2726598281492,68.2750567011858,43.0111699851358,93.5389434172359,66.6980175261784,31.6831930499209,101.712842002436,145.165682304928,0,52.7697170410944,0,156.443284679256,0,55.1484650033909,0,"chi","un",33,528,0.5,0,0.1,0,0.9,TRUE,0,TRUE,0.5,200,TRUE,0.0022375758893052,99
39.9605610844821,6.4752640355137,6.41841735407668,59.2726598281492,68.2750567011858,43.0111699851358,93.5389434172359,52.1165729879568,24.1840890212866,80.049056954627,145.165682304928,0,52.7697170410944,0,77.2969957139514,0,32.8178092537846,0,"chi","un",33,528,0.5,0,0.1,0,0.9,TRUE,0,TRUE,0.5,200,TRUE,0.0022375758893052,99
39.9605610844821,6.4752640355137,6.41841735407668,59.2726598281492,68.2750567011858,43.0111699851358,93.5389434172359,75.3760306486506,35.5852749443969,115.166786352904,145.165682304928,0,52.7697170410944,0,125.556584005279,0,59.603496117531,0,"chi","un",33,528,0.5,0,0.1,0,0.9,TRUE,0,TRUE,0.5,200,TRUE,0.0022375758893052,99
39.9605610844821,6.4752640355137,6.41841735407668,59.2726598281492,68.2750567011858,43.0111699851358,93.5389434172359,62.2188819851175,29.2036543136816,95.2341096565534,145.165682304928,0,52.7697170410944,0,176.025149508979,0,47.2492142689391,0,"chi","un",33,528,0.5,0,0.1,0,0.9,TRUE,0,TRUE,0.5,200,TRUE,0.0022375758893052,99
39.9605610844821,6.4752640355137,6.41841735407668,59.2726598281492,68.2750567011858,43.0111699851358,93.5389434172359,56.753737486461,25.7379660028646,87.7695089700574,145.165682304928,0,52.7697170410944,0,72.3869735785678,0,24.9616047344702,0,"chi","un",33,528,0.5,0,0.1,0,0.9,TRUE,0,TRUE,0.5,200,TRUE,0.0022375758893052,99
39.9605610844821,6.4752640355137,6.41841735407668,59.2726598281492,68.2750567011858,43.0111699851358,93.5389434172359,75.5126099866611,35.7988226563846,115.226397316938,145.165682304928,0,52.7697170410944,0,159.413946528636,0,61.8096600059698,0,"chi","un",33,528,0.5,0,0.1,0,0.9,TRUE,0,TRUE,0.5,200,TRUE,0.0022375758893052,99
39.9605610844821,6.4752640355137,6.41841735407668,59.2726598281492,68.2750567011858,43.0111699851358,93.5389434172359,55.516780809759,26.1205041889672,84.9130574305509,145.165682304928,0,52.7697170410944,0,76.1047247778146,0,41.4015910912349,0,"chi","un",33,528,0.5,0,0.1,0,0.9,TRUE,0,TRUE,0.5,200,TRUE,0.0022375758893052,99
39.9605610844821,6.4752640355137,6.41841735407668,59.2726598281492,68.2750567011858,43.0111699851358,93.5389434172359,74.0365884258836,34.9170687733613,113.156108078406,145.165682304928,0,52.7697170410944,0,127.740813022985,0,58.0660330920352,0,"chi","un",33,528,0.5,0,0.1,0,0.9,TRUE,0,TRUE,0.5,200,TRUE,0.0022375758893052,99
39.9605610844821,6.4752640355137,6.41841735407668,59.2726598281492,68.2750567011858,43.0111699851358,93.5389434172359,57.0553046284983,26.8585721145887,87.2520371424079,145.165682304928,0,52.7697170410944,0,86.9892630883061,0,43.7380617066539,0,"chi","un",33,528,0.5,0,0.1,0,0.9,TRUE,0,TRUE,0.5,200,TRUE,0.0022375758893052,99
39.9605610844821,6.4752640355137,6.41841735407668,59.2726598281492,68.2750567011858,43.0111699851358,93.5389434172359,76.1042023008482,35.9109867741604,116.297417827536,145.165682304928,0,52.7697170410944,0,136.793938896841,0,55.2966710014893,0,"chi","un",33,528,0.5,0,0.1,0,0.9,TRUE,0,TRUE,0.5,200,TRUE,0.0022375758893052,99
39.9605610844821,6.4752640355137,6.41841735407668,59.2726598281492,68.2750567011858,43.0111699851358,93.5389434172359,68.3007117041226,32.2034224926477,104.398000915597,145.165682304928,0,52.7697170410944,0,147.474151874184,0,51.656221818168,0,"chi","un",33,528,0.5,0,0.1,0,0.9,TRUE,0,TRUE,0.5,200,TRUE,0.0022375758893052,99
39.9605610844821,6.4752640355137,6.41841735407668,59.2726598281492,68.2750567011858,43.0111699851358,93.5389434172359,53.3781000585232,24.4124482566733,82.343751860373,145.165682304928,0,52.7697170410944,0,60.5961392643715,0,26.9966793961457,0,"chi","un",33,528,0.5,0,0.1,0,0.9,TRUE,0,TRUE,0.5,200,TRUE,0.0022375758893052,99
39.9605610844821,6.4752640355137,6.41841735407668,59.2726598281492,68.2750567011858,43.0111699851358,93.5389434172359,79.924184219851,37.7239664095785,122.124402030123,145.165682304928,0,52.7697170410944,0,161.276912775712,0,59.2264693601238,0,"chi","un",33,528,0.5,0,0.1,0,0.9,TRUE,0,TRUE,0.5,200,TRUE,0.0022375758893052,99
39.9605610844821,6.4752640355137,6.41841735407668,59.2726598281492,68.2750567011858,43.0111699851358,93.5389434172359,65.3459782244269,30.8180147900772,99.8739416587766,145.165682304928,0,52.7697170410944,0,119.92190195525,0,50.8351249343544,0,"chi","un",33,528,0.5,0,0.1,0,0.9,TRUE,0,TRUE,0.5,200,TRUE,0.0022375758893052,99
39.9605610844821,6.4752640355137,6.41841735407668,59.2726598281492,68.2750567011858,43.0111699851358,93.5389434172359,78.9869894419789,37.5600371521352,120.413941731823,145.165682304928,0,52.7697170410944,0,131.487204720631,0,62.9262743139684,0,"chi","un",33,528,0.5,0,0.1,0,0.9,TRUE,0,TRUE,0.5,200,TRUE,0.0022375758893052,99
39.9605610844821,6.4752640355137,6.41841735407668,59.2726598281492,68.2750567011858,43.0111699851358,93.5389434172359,55.9724137531112,26.3727138673218,85.5721136389007,145.165682304928,0,52.7697170410944,0,105.209528395641,0,43.2451672557516,0,"chi","un",33,528,0.5,0,0.1,0,0.9,TRUE,0,TRUE,0.5,200,TRUE,0.0022375758893052,99
39.9605610844821,6.4752640355137,6.41841735407668,59.2726598281492,68.2750567011858,43.0111699851358,93.5389434172359,70.7372647821977,33.7187608958436,107.755768668552,145.165682304928,0,52.7697170410944,0,163.32287799931,0,61.1559468710445,0,"chi","un",33,528,0.5,0,0.1,0,0.9,TRUE,0,TRUE,0.5,200,TRUE,0.0022375758893052,99
39.9605610844821,6.4752640355137,6.41841735407668,59.2726598281492,68.2750567011858,43.0111699851358,93.5389434172359,48.4304050048423,22.2682132528631,74.5925967568215,145.165682304928,0,52.7697170410944,0,70.9364472715595,0,26.9764807309334,0,"chi","un",33,528,0.5,0,0.1,0,0.9,TRUE,0,TRUE,0.5,200,TRUE,0.0022375758893052,99
39.9605610844821,6.4752640355137,6.41841735407668,59.2726598281492,68.2750567011858,43.0111699851358,93.5389434172359,67.2952097246293,31.8900138930936,102.700405556165,145.165682304928,0,52.7697170410944,0,161.901159302748,0,55.5591369506776,0,"chi","un",33,528,0.5,0,0.1,0,0.9,TRUE,0,TRUE,0.5,200,TRUE,0.0022375758893052,99
39.9605610844821,6.4752640355137,6.41841735407668,59.2726598281492,68.2750567011858,43.0111699851358,93.5389434172359,71.990443732134,33.9492625934636,110.031624870804,145.165682304928,0,52.7697170410944,0,124.593714761543,0,55.9705291014647,0,"chi","un",33,528,0.5,0,0.1,0,0.9,TRUE,0,TRUE,0.5,200,TRUE,0.0022375758893052,99
39.9605610844821,6.4752640355137,6.41841735407668,59.2726598281492,68.2750567011858,43.0111699851358,93.5389434172359,63.2479827398643,29.6000993496134,96.8958661301151,145.165682304928,0,52.7697170410944,0,120.391315865223,0,45.9911899590878,0,"chi","un",33,528,0.5,0,0.1,0,0.9,TRUE,0,TRUE,0.5,200,TRUE,0.0022375758893052,99
39.9605610844821,6.4752640355137,6.41841735407668,59.2726598281492,68.2750567011858,43.0111699851358,93.5389434172359,77.9530085816497,36.5841570537453,119.321860109554,145.165682304928,0,52.7697170410944,0,178.137957330133,0,56.8021406318216,0,"chi","un",33,528,0.5,0,0.1,0,0.9,TRUE,0,TRUE,0.5,200,TRUE,0.0022375758893052,99
39.9605610844821,6.4752640355137,6.41841735407668,59.2726598281492,68.2750567011858,43.0111699851358,93.5389434172359,62.3313885852986,29.1766612496153,95.486115920982,145.165682304928,0,52.7697170410944,0,142.018681979442,0,43.7155406661584,0,"chi","un",33,528,0.5,0,0.1,0,0.9,TRUE,0,TRUE,0.5,200,TRUE,0.0022375758893052,99
39.9605610844821,6.4752640355137,6.41841735407668,59.2726598281492,68.2750567011858,43.0111699851358,93.5389434172359,73.6048095154332,34.8332999333588,112.376319097508,145.165682304928,0,52.7697170410944,0,138.857715719347,0,58.2050369401318,0,"chi","un",33,528,0.5,0,0.1,0,0.9,TRUE,0,TRUE,0.5,200,TRUE,0.0022375758893052,99
39.9605610844821,6.4752640355137,6.41841735407668,59.2726598281492,68.2750567011858,43.0111699851358,93.5389434172359,65.3946267143078,30.8368433903936,99.952410038222,145.165682304928,0,52.7697170410944,0,115.132962497964,0,47.9142725850751,0,"chi","un",33,528,0.5,0,0.1,0,0.9,TRUE,0,TRUE,0.5,200,TRUE,0.0022375758893052,99
39.9605610844821,6.4752640355137,6.41841735407668,59.2726598281492,68.2750567011858,43.0111699851358,93.5389434172359,46.0135044179632,21.1323074927826,70.8947013431439,145.165682304928,0,52.7697170410944,0,64.6877425238482,0,19.2904740017932,0,"chi","un",33,528,0.5,0,0.1,0,0.9,TRUE,0,TRUE,0.5,200,TRUE,0.0022375758893052,99
39.9605610844821,6.4752640355137,6.41841735407668,59.2726598281492,68.2750567011858,43.0111699851358,93.5389434172359,61.8278629574225,29.0470825563119,94.608643358533,145.165682304928,0,52.7697170410944,0,99.9495974580674,0,43.999420332509,0,"chi","un",33,528,0.5,0,0.1,0,0.9,TRUE,0,TRUE,0.5,200,TRUE,0.0022375758893052,99
39.9605610844821,6.4752640355137,6.41841735407668,59.2726598281492,68.2750567011858,43.0111699851358,93.5389434172359,71.4987585785991,33.7084446853536,109.289072471845,145.165682304928,0,52.7697170410944,0,135.667311364223,0,56.4202870043653,0,"chi","un",33,528,0.5,0,0.1,0,0.9,TRUE,0,TRUE,0.5,200,TRUE,0.0022375758893052,99
39.9605610844821,6.4752640355137,6.41841735407668,59.2726598281492,68.2750567011858,43.0111699851358,93.5389434172359,84.9343607266505,40.1183994699277,129.750321983373,145.165682304928,0,52.7697170410944,0,154.592645619859,0,66.8285370676083,0,"chi","un",33,528,0.5,0,0.1,0,0.9,TRUE,0,TRUE,0.5,200,TRUE,0.0022375758893052,99
39.9605610844821,6.4752640355137,6.41841735407668,59.2726598281492,68.2750567011858,43.0111699851358,93.5389434172359,61.4850430701637,29.101336308053,93.8687498322744,145.165682304928,0,52.7697170410944,0,105.171776881793,0,48.3849563177,0,"chi","un",33,528,0.5,0,0.1,0,0.9,TRUE,0,TRUE,0.5,200,TRUE,0.0022375758893052,99
39.9605610844821,6.4752640355137,6.41841735407668,59.2726598281492,68.2750567011858,43.0111699851358,93.5389434172359,61.6483176613669,28.77105762558,94.5255776971538,145.165682304928,0,52.7697170410944,0,106.983135367077,0,42.6705056757164,0,"chi","un",33,528,0.5,0,0.1,0,0.9,TRUE,0,TRUE,0.5,200,TRUE,0.0022375758893052,99
39.9605610844821,6.4752640355137,6.41841735407668,59.2726598281492,68.2750567011858,43.0111699851358,93.5389434172359,69.8770702913222,32.8599819323876,106.894158650257,145.165682304928,0,52.7697170410944,0,134.334471944319,0,51.0753895157648,0,"chi","un",33,528,0.5,0,0.1,0,0.9,TRUE,0,TRUE,0.5,200,TRUE,0.0022375758893052,99
39.9605610844821,6.4752640355137,6.41841735407668,59.2726598281492,68.2750567011858,43.0111699851358,93.5389434172359,73.5224278030214,34.5236192106594,112.521236395383,145.165682304928,0,52.7697170410944,0,159.773640027048,0,54.5447556873453,0,"chi","un",33,528,0.5,0,0.1,0,0.9,TRUE,0,TRUE,0.5,200,TRUE,0.0022375758893052,99
39.9605610844821,6.4752640355137,6.41841735407668,59.2726598281492,68.2750567011858,43.0111699851358,93.5389434172359,60.8943852092782,28.8169175081766,92.9718529103798,145.165682304928,0,52.7697170410944,0,114.168959294457,0,48.5908584931489,0,"chi","un",33,528,0.5,0,0.1,0,0.9,TRUE,0,TRUE,0.5,200,TRUE,0.0022375758893052,99
39.9605610844821,6.4752640355137,6.41841735407668,59.2726598281492,68.2750567011858,43.0111699851358,93.5389434172359,69.086700801617,33.0021179706408,105.171283632593,145.165682304928,0,52.7697170410944,0,133.129630137896,0,61.5407635530312,0,"chi","un",33,528,0.5,0,0.1,0,0.9,TRUE,0,TRUE,0.5,200,TRUE,0.0022375758893052,99
39.9605610844821,6.4752640355137,6.41841735407668,59.2726598281492,68.2750567011858,43.0111699851358,93.5389434172359,62.1850048835967,29.6452745594244,94.7247352077689,145.165682304928,0,52.7697170410944,0,96.269972710954,0,50.240502995584,0,"chi","un",33,528,0.5,0,0.1,0,0.9,TRUE,0,TRUE,0.5,200,TRUE,0.0022375758893052,99
39.9605610844821,6.4752640355137,6.41841735407668,59.2726598281492,68.2750567011858,43.0111699851358,93.5389434172359,64.2525422475692,30.428186774989,98.0768977201493,145.165682304928,0,52.7697170410944,0,139.466504906741,0,54.3212929382464,0,"chi","un",33,528,0.5,0,0.1,0,0.9,TRUE,0,TRUE,0.5,200,TRUE,0.0022375758893052,99
39.9605610844821,6.4752640355137,6.41841735407668,59.2726598281492,68.2750567011858,43.0111699851358,93.5389434172359,71.0583305831654,33.4148693837842,108.701791782547,145.165682304928,0,52.7697170410944,0,153.661906113658,0,53.9259621887543,0,"chi","un",33,528,0.5,0,0.1,0,0.9,TRUE,0,TRUE,0.5,200,TRUE,0.0022375758893052,99
39.9605610844821,6.4752640355137,6.41841735407668,59.2726598281492,68.2750567011858,43.0111699851358,93.5389434172359,63.7275255021039,30.0276569951159,97.4273940090919,145.165682304928,0,52.7697170410944,0,114.244076061142,0,48.3704446299282,0,"chi","un",33,528,0.5,0,0.1,0,0.9,TRUE,0,TRUE,0.5,200,TRUE,0.0022375758893052,99
39.9605610844821,6.4752640355137,6.41841735407668,59.2726598281492,68.2750567011858,43.0111699851358,93.5389434172359,64.1710218409553,30.2522100597071,98.0898336222035,145.165682304928,0,52.7697170410944,0,95.5853993051934,0,48.9412109001344,0,"chi","un",33,528,0.5,0,0.1,0,0.9,TRUE,0,TRUE,0.5,200,TRUE,0.0022375758893052,99
39.9605610844821,6.4752640355137,6.41841735407668,59.2726598281492,68.2750567011858,43.0111699851358,93.5389434172359,67.3934873623686,31.939835305859,102.847139418878,145.165682304928,0,52.7697170410944,0,123.502053504441,0,55.4267523588933,0,"chi","un",33,528,0.5,0,0.1,0,0.9,TRUE,0,TRUE,0.5,200,TRUE,0.0022375758893052,99
39.9605610844821,6.4752640355137,6.41841735407668,59.2726598281492,68.2750567011858,43.0111699851358,93.5389434172359,70.0660516412348,33.3155903269167,106.816512955553,145.165682304928,0,52.7697170410944,0,128.2329004625,0,60.2427418022486,0,"chi","un",33,528,0.5,0,0.1,0,0.9,TRUE,0,TRUE,0.5,200,TRUE,0.0022375758893052,99
39.9605610844821,6.4752640355137,6.41841735407668,59.2726598281492,68.2750567011858,43.0111699851358,93.5389434172359,74.9172722909257,35.1217144220744,114.712830159777,145.165682304928,0,52.7697170410944,0,159.598219225935,0,53.7787312726979,0,"chi","un",33,528,0.5,0,0.1,0,0.9,TRUE,0,TRUE,0.5,200,TRUE,0.0022375758893052,99
39.9605610844821,6.4752640355137,6.41841735407668,59.2726598281492,68.2750567011858,43.0111699851358,93.5389434172359,63.1868498538697,29.5435636899352,96.8301360178043,145.165682304928,0,52.7697170410944,0,106.902028008589,0,44.5928108728868,0,"chi","un",33,528,0.5,0,0.1,0,0.9,TRUE,0,TRUE,0.5,200,TRUE,0.0022375758893052,99
39.9605610844821,6.4752640355137,6.41841735407668,59.2726598281492,68.2750567011858,43.0111699851358,93.5389434172359,74.8047169926509,35.222462529857,114.386971455445,145.165682304928,0,52.7697170410944,0,119.773099752071,0,57.2726244025947,0,"chi","un",33,528,0.5,0,0.1,0,0.9,TRUE,0,TRUE,0.5,200,TRUE,0.0022375758893052,99
39.9605610844821,6.4752640355137,6.41841735407668,59.2726598281492,68.2750567011858,43.0111699851358,93.5389434172359,82.9406948613742,38.8719417432777,127.009447979471,145.165682304928,0,52.7697170410944,0,208.04867938314,0,48.5780020544057,0,"chi","un",33,528,0.5,0,0.1,0,0.9,TRUE,0,TRUE,0.5,200,TRUE,0.0022375758893052,99
39.9605610844821,6.4752640355137,6.41841735407668,59.2726598281492,68.2750567011858,43.0111699851358,93.5389434172359,59.405470173352,27.621670700358,91.1892696463459,145.165682304928,0,52.7697170410944,0,107.030300377242,0,39.5067432263944,0,"chi","un",33,528,0.5,0,0.1,0,0.9,TRUE,0,TRUE,0.5,200,TRUE,0.0022375758893052,99
39.9605610844821,6.4752640355137,6.41841735407668,59.2726598281492,68.2750567011858,43.0111699851358,93.5389434172359,71.9855297772081,34.0993357182549,109.871723836161,145.165682304928,0,52.7697170410944,0,125.747201495634,0,56.7346854942452,0,"chi","un",33,528,0.5,0,0.1,0,0.9,TRUE,0,TRUE,0.5,200,TRUE,0.0022375758893052,99
39.9605610844821,6.4752640355137,6.41841735407668,59.2726598281492,68.2750567011858,43.0111699851358,93.5389434172359,69.7191601618318,32.7579301465956,106.680390177068,145.165682304928,0,52.7697170410944,0,141.967760261838,0,51.731135746035,0,"chi","un",33,528,0.5,0,0.1,0,0.9,TRUE,0,TRUE,0.5,200,TRUE,0.0022375758893052,99
39.9605610844821,6.4752640355137,6.41841735407668,59.2726598281492,68.2750567011858,43.0111699851358,93.5389434172359,71.8999545756405,34.2219455092402,109.577963642041,145.165682304928,0,52.7697170410944,0,138.691043630823,0,61.7504934572328,0,"chi","un",33,528,0.5,0,0.1,0,0.9,TRUE,0,TRUE,0.5,200,TRUE,0.0022375758893052,99
39.9605610844821,6.4752640355137,6.41841735407668,59.2726598281492,68.2750567011858,43.0111699851358,93.5389434172359,61.4013416576758,28.9649665765211,93.8377167388304,145.165682304928,0,52.7697170410944,0,131.630548084196,0,47.987075139031,0,"chi","un",33,528,0.5,0,0.1,0,0.9,TRUE,0,TRUE,0.5,200,TRUE,0.0022375758893052,99
39.9605610844821,6.4752640355137,6.41841735407668,59.2726598281492,68.2750567011858,43.0111699851358,93.5389434172359,67.5274531992683,31.6634224847048,103.391483913832,145.165682304928,0,52.7697170410944,0,76.2107984294912,0,49.3968418332405,0,"chi","un",33,528,0.5,0,0.1,0,0.9,TRUE,0,TRUE,0.5,200,TRUE,0.0022375758893052,99
39.9605610844821,6.4752640355137,6.41841735407668,59.2726598281492,68.2750567011858,43.0111699851358,93.5389434172359,81.0872465543362,38.5372969050898,123.637196203583,145.165682304928,0,52.7697170410944,0,140.60836040442,0,67.9110729071172,0,"chi","un",33,528,0.5,0,0.1,0,0.9,TRUE,0,TRUE,0.5,200,TRUE,0.0022375758893052,99
39.9605610844821,6.4752640355137,6.41841735407668,59.2726598281492,68.2750567011858,43.0111699851358,93.5389434172359,54.8218333795861,25.8570693670096,83.7865973921626,145.165682304928,0,52.7697170410944,0,88.835184802037,0,43.5885334507793,0,"chi","un",33,528,0.5,0,0.1,0,0.9,TRUE,0,TRUE,0.5,200,TRUE,0.0022375758893052,99
39.9605610844821,6.4752640355137,6.41841735407668,59.2726598281492,68.2750567011858,43.0111699851358,93.5389434172359,81.2233748463128,38.3398559897922,124.106893702833,145.165682304928,0,52.7697170410944,0,198.383943684635,0,61.8774216884377,0,"chi","un",33,528,0.5,0,0.1,0,0.9,TRUE,0,TRUE,0.5,200,TRUE,0.0022375758893052,99
39.9605610844821,6.4752640355137,6.41841735407668,59.2726598281492,68.2750567011858,43.0111699851358,93.5389434172359,66.0456583234689,30.9993497180241,101.091966928914,145.165682304928,0,52.7697170410944,0,107.571640140326,0,48.7686556591314,0,"chi","un",33,528,0.5,0,0.1,0,0.9,TRUE,0,TRUE,0.5,200,TRUE,0.0022375758893052,99
39.9605610844821,6.4752640355137,6.41841735407668,59.2726598281492,68.2750567011858,43.0111699851358,93.5389434172359,71.5220874183476,33.2386238120209,109.805551024674,145.165682304928,0,52.7697170410944,0,115.367572946006,0,46.5444155914668,0,"chi","un",33,528,0.5,0,0.1,0,0.9,TRUE,0,TRUE,0.5,200,TRUE,0.0022375758893052,99
39.9605610844821,6.4752640355137,6.41841735407668,59.2726598281492,68.2750567011858,43.0111699851358,93.5389434172359,55.4255594626713,24.9518369557858,85.8992819695568,145.165682304928,0,52.7697170410944,0,60.2768301297693,0,23.5460307038705,0,"chi","un",33,528,0.5,0,0.1,0,0.9,TRUE,0,TRUE,0.5,200,TRUE,0.0022375758893052,99
39.9605610844821,6.4752640355137,6.41841735407668,59.2726598281492,68.2750567011858,43.0111699851358,93.5389434172359,71.9860980987967,33.7911807330107,110.181015464583,145.165682304928,0,52.7697170410944,0,121.154328745996,0,53.336563941243,0,"chi","un",33,528,0.5,0,0.1,0,0.9,TRUE,0,TRUE,0.5,200,TRUE,0.0022375758893052,99
39.9605610844821,6.4752640355137,6.41841735407668,59.2726598281492,68.2750567011858,43.0111699851358,93.5389434172359,82.6036738487029,38.9835952971293,126.223752400276,145.165682304928,0,52.7697170410944,0,147.624052408253,0,59.3723424910217,0,"chi","un",33,528,0.5,0,0.1,0,0.9,TRUE,0,TRUE,0.5,200,TRUE,0.0022375758893052,99
39.9605610844821,6.4752640355137,6.41841735407668,59.2726598281492,68.2750567011858,43.0111699851358,93.5389434172359,72.8483198588693,34.2481907800818,111.448448937657,145.165682304928,0,52.7697170410944,0,173.340706519766,0,55.5930088403343,0,"chi","un",33,528,0.5,0,0.1,0,0.9,TRUE,0,TRUE,0.5,200,TRUE,0.0022375758893052,99
39.9605610844821,6.4752640355137,6.41841735407668,59.2726598281492,68.2750567011858,43.0111699851358,93.5389434172359,71.4019823100492,33.7937407743643,109.010223845734,145.165682304928,0,52.7697170410944,0,141.26542390733,0,56.6937280033556,0,"chi","un",33,528,0.5,0,0.1,0,0.9,TRUE,0,TRUE,0.5,200,TRUE,0.0022375758893052,99
39.9605610844821,6.4752640355137,6.41841735407668,59.2726598281492,68.2750567011858,43.0111699851358,93.5389434172359,81.1520359995156,38.4573599602652,123.846712038766,145.165682304928,0,52.7697170410944,0,201.483501614284,0,65.6607195330067,0,"chi","un",33,528,0.5,0,0.1,0,0.9,TRUE,0,TRUE,0.5,200,TRUE,0.0022375758893052,99
39.9605610844821,6.4752640355137,6.41841735407668,59.2726598281492,68.2750567011858,43.0111699851358,93.5389434172359,76.4195137611021,35.7978912652407,117.041136256963,145.165682304928,0,52.7697170410944,0,152.626006143406,0,53.5755456534281,0,"chi","un",33,528,0.5,0,0.1,0,0.9,TRUE,0,TRUE,0.5,200,TRUE,0.0022375758893052,99
39.9605610844821,6.4752640355137,6.41841735407668,59.2726598281492,68.2750567011858,43.0111699851358,93.5389434172359,61.464522763814,28.6907916128558,94.2382539147723,145.165682304928,0,52.7697170410944,0,91.6773546385381,0,39.0567574448778,0,"chi","un",33,528,0.5,0,0.1,0,0.9,TRUE,0,TRUE,0.5,200,TRUE,0.0022375758893052,99
39.9605610844821,6.4752640355137,6.41841735407668,59.2726598281492,68.2750567011858,43.0111699851358,93.5389434172359,62.2356248929635,28.9187752917087,95.5524744942182,145.165682304928,0,52.7697170410944,0,100.10808327899,0,38.0894040097434,0,"chi","un",33,528,0.5,0,0.1,0,0.9,TRUE,0,TRUE,0.5,200,TRUE,0.0022375758893052,99
39.9605610844821,6.4752640355137,6.41841735407668,59.2726598281492,68.2750567011858,43.0111699851358,93.5389434172359,66.2747576332892,31.0686504447814,101.480864821797,145.165682304928,0,52.7697170410944,0,115.17229773663,0,42.348485175561,0,"chi","un",33,528,0.5,0,0.1,0,0.9,TRUE,0,TRUE,0.5,200,TRUE,0.0022375758893052,99
39.9605610844821,6.4752640355137,6.41841735407668,59.2726598281492,68.2750567011858,43.0111699851358,93.5389434172359,81.264871143803,38.2783979789281,124.251344308678,145.165682304928,0,52.7697170410944,0,138.126405489959,0,60.143419632091,0,"chi","un",33,528,0.5,0,0.1,0,0.9,TRUE,0,TRUE,0.5,200,TRUE,0.0022375758893052,99
39.9605610844821,6.4752640355137,6.41841735407668,59.2726598281492,68.2750567011858,43.0111699851358,93.5389434172359,61.2155119682473,28.1103282308284,94.3206957056662,145.165682304928,0,52.7697170410944,0,67.8406330451323,0,33.1486487883436,0,"chi","un",33,528,0.5,0,0.1,0,0.9,TRUE,0,TRUE,0.5,200,TRUE,0.0022375758893052,99
39.9605610844821,6.4752640355137,6.41841735407668,59.2726598281492,68.2750567011858,43.0111699851358,93.5389434172359,71.4915060971858,33.7455305875916,109.23748160678,145.165682304928,0,52.7697170410944,0,135.005208782189,0,54.8987065278646,0,"chi","un",33,528,0.5,0,0.1,0,0.9,TRUE,0,TRUE,0.5,200,TRUE,0.0022375758893052,99
39.9605610844821,6.4752640355137,6.41841735407668,59.2726598281492,68.2750567011858,43.0111699851358,93.5389434172359,63.5648407438218,30.1394979232152,96.9901835644285,145.165682304928,0,52.7697170410944,0,115.215016256242,0,51.3019488645708,0,"chi","un",33,528,0.5,0,0.1,0,0.9,TRUE,0,TRUE,0.5,200,TRUE,0.0022375758893052,99
39.9605610844821,6.4752640355137,6.41841735407668,59.2726598281492,68.2750567011858,43.0111699851358,93.5389434172359,69.6098994099655,32.662361790881,106.55743702905,145.165682304928,0,52.7697170410944,0,145.473070362783,0,49.9766348593324,0,"chi","un",33,528,0.5,0,0.1,0,0.9,TRUE,0,TRUE,0.5,200,TRUE,0.0022375758893052,99
39.9605610844821,6.4752640355137,6.41841735407668,59.2726598281492,68.2750567011858,43.0111699851358,93.5389434172359,68.1338230210536,32.0072056134589,104.260440428648,145.165682304928,0,52.7697170410944,0,126.552662282581,0,50.5831377926048,0,"chi","un",33,528,0.5,0,0.1,0,0.9,TRUE,0,TRUE,0.5,200,TRUE,0.0022375758893052,99
39.9605610844821,6.4752640355137,6.41841735407668,59.2726598281492,68.2750567011858,43.0111699851358,93.5389434172359,63.046562807609,29.3042994237859,96.788826191432,145.165682304928,0,52.7697170410944,0,115.350046805054,0,41.1313177785585,0,"chi","un",33,528,0.5,0,0.1,0,0.9,TRUE,0,TRUE,0.5,200,TRUE,0.0022375758893052,99
39.9605610844821,6.4752640355137,6.41841735407668,59.2726598281492,68.2750567011858,43.0111699851358,93.5389434172359,65.4903495746607,30.6913988964836,100.289300252838,145.165682304928,0,52.7697170410944,0,147.584946204848,0,48.8999655728111,0,"chi","un",33,528,0.5,0,0.1,0,0.9,TRUE,0,TRUE,0.5,200,TRUE,0.0022375758893052,99
39.9605610844821,6.4752640355137,6.41841735407668,59.2726598281492,68.2750567011858,43.0111699851358,93.5389434172359,56.6452867722707,26.2808195626628,87.0097539818786,145.165682304928,0,52.7697170410944,0,91.0837044751027,0,36.6401930703244,0,"chi","un",33,528,0.5,0,0.1,0,0.9,TRUE,0,TRUE,0.5,200,TRUE,0.0022375758893052,99
39.9605610844821,6.4752640355137,6.41841735407668,59.2726598281492,68.2750567011858,43.0111699851358,93.5389434172359,72.4665358716276,34.1613329487079,110.771738794547,145.165682304928,0,52.7697170410944,0,168.098203333968,0,55.4632017796429,0,"chi","un",33,528,0.5,0,0.1,0,0.9,TRUE,0,TRUE,0.5,200,TRUE,0.0022375758893052,99
39.9605610844821,6.4752640355137,6.41841735407668,59.2726598281492,68.2750567011858,43.0111699851358,93.5389434172359,81.7116818306823,38.819468836085,124.60389482528,145.165682304928,0,52.7697170410944,0,142.372120982472,0,65.3568556552582,0,"chi","un",33,528,0.5,0,0.1,0,0.9,TRUE,0,TRUE,0.5,200,TRUE,0.0022375758893052,99
39.9605610844821,6.4752640355137,6.41841735407668,59.2726598281492,68.2750567011858,43.0111699851358,93.5389434172359,72.3068861161754,34.1433243767809,110.47044785557,145.165682304928,0,52.7697170410944,0,139.464864746399,0,52.5978731439823,0,"chi","un",33,528,0.5,0,0.1,0,0.9,TRUE,0,TRUE,0.5,200,TRUE,0.0022375758893052,99
39.9605610844821,6.4752640355137,6.41841735407668,59.2726598281492,68.2750567011858,43.0111699851358,93.5389434172359,69.1578280124679,32.2824807838886,106.033175241047,145.165682304928,0,52.7697170410944,0,113.820384491896,0,46.1335316935331,0,"chi","un",33,528,0.5,0,0.1,0,0.9,TRUE,0,TRUE,0.5,200,TRUE,0.0022375758893052,99
39.9605610844821,6.4752640355137,6.41841735407668,59.2726598281492,68.2750567011858,43.0111699851358,93.5389434172359,68.8033871604197,32.6176164547067,104.989157866133,145.165682304928,0,52.7697170410944,0,119.721207717774,0,58.1490862882959,0,"chi","un",33,528,0.5,0,0.1,0,0.9,TRUE,0,TRUE,0.5,200,TRUE,0.0022375758893052,99
39.9605610844821,6.4752640355137,6.41841735407668,59.2726598281492,68.2750567011858,43.0111699851358,93.5389434172359,66.0874513721017,30.9324926381271,101.242410106076,145.165682304928,0,52.7697170410944,0,80.6798719543176,0,47.9475548489629,0,"chi","un",33,528,0.5,0,0.1,0,0.9,TRUE,0,TRUE,0.5,200,TRUE,0.0022375758893052,99
39.9605610844821,6.4752640355137,6.41841735407668,59.2726598281492,68.2750567011858,43.0111699851358,93.5389434172359,53.933367311872,25.2559971223315,82.6107375014126,145.165682304928,0,52.7697170410944,0,100.436068502563,0,37.9531632388875,0,"chi","un",33,528,0.5,0,0.1,0,0.9,TRUE,0,TRUE,0.5,200,TRUE,0.0022375758893052,99
39.9605610844821,6.4752640355137,6.41841735407668,59.2726598281492,68.2750567011858,43.0111699851358,93.5389434172359,68.5937531735975,32.1109417379322,105.076564609263,145.165682304928,0,52.7697170410944,0,109.106563119602,0,49.333436660888,0,"chi","un",33,528,0.5,0,0.1,0,0.9,TRUE,0,TRUE,0.5,200,TRUE,0.0022375758893052,99
39.9605610844821,6.4752640355137,6.41841735407668,59.2726598281492,68.2750567011858,43.0111699851358,93.5389434172359,82.1189956157659,38.7265536109551,125.511437620577,145.165682304928,0,52.7697170410944,0,136.445094687226,0,60.8706939221775,0,"chi","un",33,528,0.5,0,0.1,0,0.9,TRUE,0,TRUE,0.5,200,TRUE,0.0022375758893052,99
39.9605610844821,6.4752640355137,6.41841735407668,59.2726598281492,68.2750567011858,43.0111699851358,93.5389434172359,78.3060795803192,36.4947165059538,120.117442654685,145.165682304928,0,52.7697170410944,0,147.965314389159,0,53.5376415924296,0,"chi","un",33,528,0.5,0,0.1,0,0.9,TRUE,0,TRUE,0.5,200,TRUE,0.0022375758893052,99
39.9605610844821,6.4752640355137,6.41841735407668,59.2726598281492,68.2750567011858,43.0111699851358,93.5389434172359,66.6964801400292,31.3674624257426,102.025497854316,145.165682304928,0,52.7697170410944,0,165.466236869362,0,50.3656454115121,0,"chi","un",33,528,0.5,0,0.1,0,0.9,TRUE,0,TRUE,0.5,200,TRUE,0.0022375758893052,99
39.9605610844821,6.4752640355137,6.41841735407668,59.2726598281492,68.2750567011858,43.0111699851358,93.5389434172359,59.8451772418582,28.2938959143286,91.3964585693879,145.165682304928,0,52.7697170410944,0,100.866821088665,0,48.3008296353158,0,"chi","un",33,528,0.5,0,0.1,0,0.9,TRUE,0,TRUE,0.5,200,TRUE,0.0022375758893052,99
39.9605610844821,6.4752640355137,6.41841735407668,59.2726598281492,68.2750567011858,43.0111699851358,93.5389434172359,76.5605516320039,36.187361618036,116.933741645972,145.165682304928,0,52.7697170410944,0,176.543338159217,0,61.7131566274635,0,"chi","un",33,528,0.5,0,0.1,0,0.9,TRUE,0,TRUE,0.5,200,TRUE,0.0022375758893052,99
39.9605610844821,6.4752640355137,6.41841735407668,59.2726598281492,68.2750567011858,43.0111699851358,93.5389434172359,55.0111935610128,25.7378310543906,84.2845560676349,145.165682304928,0,52.7697170410944,0,89.0561086434672,0,39.4592186312069,0,"chi","un",33,528,0.5,0,0.1,0,0.9,TRUE,0,TRUE,0.5,200,TRUE,0.0022375758893052,99
39.9605610844821,6.4752640355137,6.41841735407668,59.2726598281492,68.2750567011858,43.0111699851358,93.5389434172359,64.6596230667187,30.4000801423307,98.9191659911067,145.165682304928,0,52.7697170410944,0,98.469669794427,0,47.6270310567824,0,"chi","un",33,528,0.5,0,0.1,0,0.9,TRUE,0,TRUE,0.5,200,TRUE,0.0022375758893052,99
39.9605610844821,6.4752640355137,6.41841735407668,59.2726598281492,68.2750567011858,43.0111699851358,93.5389434172359,72.4302453360581,33.8621047296477,110.998385942468,145.165682304928,0,52.7697170410944,0,132.353308403811,0,49.4197192442863,0,"chi","un",33,528,0.5,0,0.1,0,0.9,TRUE,0,TRUE,0.5,200,TRUE,0.0022375758893052,99
39.9605610844821,6.4752640355137,6.41841735407668,59.2726598281492,68.2750567011858,43.0111699851358,93.5389434172359,61.2452495889544,28.6089206395337,93.8815785383751,145.165682304928,0,52.7697170410944,0,70.7478471508357,0,41.9921991742572,0,"chi","un",33,528,0.5,0,0.1,0,0.9,TRUE,0,TRUE,0.5,200,TRUE,0.0022375758893052,99
39.9605610844821,6.4752640355137,6.41841735407668,59.2726598281492,68.2750567011858,43.0111699851358,93.5389434172359,72.635322871227,34.2966199900108,110.974025752443,145.165682304928,0,52.7697170410944,0,150.39398424563,0,57.096269299447,0,"chi","un",33,528,0.5,0,0.1,0,0.9,TRUE,0,TRUE,0.5,200,TRUE,0.0022375758893052,99
39.9605610844821,6.4752640355137,6.41841735407668,59.2726598281492,68.2750567011858,43.0111699851358,93.5389434172359,72.7757059425828,34.6191031267348,110.932308758431,145.165682304928,0,52.7697170410944,0,169.008248213935,0,62.6357645438386,0,"chi","un",33,528,0.5,0,0.1,0,0.9,TRUE,0,TRUE,0.5,200,TRUE,0.0022375758893052,99
39.9605610844821,6.4752640355137,6.41841735407668,59.2726598281492,68.2750567011858,43.0111699851358,93.5389434172359,80.4627448230744,38.0296005087133,122.895889137435,145.165682304928,0,52.7697170410944,0,140.691657212551,0,63.9309736626972,0,"chi","un",33,528,0.5,0,0.1,0,0.9,TRUE,0,TRUE,0.5,200,TRUE,0.0022375758893052,99
39.9605610844821,6.4752640355137,6.41841735407668,59.2726598281492,68.2750567011858,43.0111699851358,93.5389434172359,72.6701320121606,34.4999572164456,110.840306807876,145.165682304928,0,52.7697170410944,0,165.048048129359,0,58.3632320157624,0,"chi","un",33,528,0.5,0,0.1,0,0.9,TRUE,0,TRUE,0.5,200,TRUE,0.0022375758893052,99
39.9605610844821,6.4752640355137,6.41841735407668,59.2726598281492,68.2750567011858,43.0111699851358,93.5389434172359,48.5068583387638,22.823165402835,74.1905512746926,145.165682304928,0,52.7697170410944,0,87.2709094325666,0,34.8191852052081,0,"chi","un",33,528,0.5,0,0.1,0,0.9,TRUE,0,TRUE,0.5,200,TRUE,0.0022375758893052,99
39.9605610844821,6.4752640355137,6.41841735407668,59.2726598281492,68.2750567011858,43.0111699851358,93.5389434172359,66.7544724482476,31.3955870248408,102.113357871654,145.165682304928,0,52.7697170410944,0,125.232002431457,0,50.4567665309344,0,"chi","un",33,528,0.5,0,0.1,0,0.9,TRUE,0,TRUE,0.5,200,TRUE,0.0022375758893052,99
39.9605610844821,6.4752640355137,6.41841735407668,59.2726598281492,68.2750567011858,43.0111699851358,93.5389434172359,61.4937145985902,28.8091916216541,94.1782375755263,145.165682304928,0,52.7697170410944,0,140.001947941782,0,44.3771800296391,0,"chi","un",33,528,0.5,0,0.1,0,0.9,TRUE,0,TRUE,0.5,200,TRUE,0.0022375758893052,99
39.9605610844821,6.4752640355137,6.41841735407668,59.2726598281492,68.2750567011858,43.0111699851358,93.5389434172359,72.8595654147286,34.3657428232554,111.353388006202,145.165682304928,0,52.7697170410944,0,183.63209169467,0,56.5557773469987,0,"chi","un",33,528,0.5,0,0.1,0,0.9,TRUE,0,TRUE,0.5,200,TRUE,0.0022375758893052,99
39.9605610844821,6.4752640355137,6.41841735407668,59.2726598281492,68.2750567011858,43.0111699851358,93.5389434172359,82.8640135373649,39.3135981756229,126.414428899107,145.165682304928,0,52.7697170410944,0,189.486078734095,0,55.1842606509514,0,"chi","un",33,528,0.5,0,0.1,0,0.9,TRUE,0,TRUE,0.5,200,TRUE,0.0022375758893052,99
39.9605610844821,6.4752640355137,6.41841735407668,59.2726598281492,68.2750567011858,43.0111699851358,93.5389434172359,56.8567700918482,26.564037204552,87.1495029791443,145.165682304928,0,52.7697170410944,0,94.631804194726,0,39.8544156104925,0,"chi","un",33,528,0.5,0,0.1,0,0.9,TRUE,0,TRUE,0.5,200,TRUE,0.0022375758893052,99
39.9605610844821,6.4752640355137,6.41841735407668,59.2726598281492,68.2750567011858,43.0111699851358,93.5389434172359,78.2858473903525,37.0844436497223,119.487251130983,145.165682304928,0,52.7697170410944,0,153.46896242278,0,62.0827899615379,0,"chi","un",33,528,0.5,0,0.1,0,0.9,TRUE,0,TRUE,0.5,200,TRUE,0.0022375758893052,99
39.9605610844821,6.4752640355137,6.41841735407668,59.2726598281492,68.2750567011858,43.0111699851358,93.5389434172359,64.7949308380315,30.2037554910594,99.3861061850037,145.165682304928,0,52.7697170410944,0,111.77851903871,0,43.5645506037997,0,"chi","un",33,528,0.5,0,0.1,0,0.9,TRUE,0,TRUE,0.5,200,TRUE,0.0022375758893052,99
39.9605610844821,6.4752640355137,6.41841735407668,59.2726598281492,68.2750567011858,43.0111699851358,93.5389434172359,63.150139066662,29.3139192372285,96.9863588960956,145.165682304928,0,52.7697170410944,0,104.44983429794,0,41.4954774817684,0,"chi","un",33,528,0.5,0,0.1,0,0.9,TRUE,0,TRUE,0.5,200,TRUE,0.0022375758893052,99
39.9605610844821,6.4752640355137,6.41841735407668,59.2726598281492,68.2750567011858,43.0111699851358,93.5389434172359,73.1789084204836,34.509294474774,111.848522366193,145.165682304928,0,52.7697170410944,0,93.9275976310661,0,43.6538391999898,0,"chi","un",33,528,0.5,0,0.1,0,0.9,TRUE,0,TRUE,0.5,200,TRUE,0.0022375758893052,99
39.9605610844821,6.4752640355137,6.41841735407668,59.2726598281492,68.2750567011858,43.0111699851358,93.5389434172359,71.4816746773429,33.9842501967429,108.979099157943,145.165682304928,0,52.7697170410944,0,130.018833818864,0,56.1168965578881,0,"chi","un",33,528,0.5,0,0.1,0,0.9,TRUE,0,TRUE,0.5,200,TRUE,0.0022375758893052,99
39.9605610844821,6.4752640355137,6.41841735407668,59.2726598281492,68.2750567011858,43.0111699851358,93.5389434172359,57.4002575033168,26.935896015995,87.8646189906387,145.165682304928,0,52.7697170410944,0,92.411442365996,0,41.6748008041969,0,"chi","un",33,528,0.5,0,0.1,0,0.9,TRUE,0,TRUE,0.5,200,TRUE,0.0022375758893052,99
39.9605610844821,6.4752640355137,6.41841735407668,59.2726598281492,68.2750567011858,43.0111699851358,93.5389434172359,61.7448470735922,29.0671038459565,94.4225903012279,145.165682304928,0,52.7697170410944,0,107.667866761419,0,45.0763025336974,0,"chi","un",33,528,0.5,0,0.1,0,0.9,TRUE,0,TRUE,0.5,200,TRUE,0.0022375758893052,99
39.9605610844821,6.4752640355137,6.41841735407668,59.2726598281492,68.2750567011858,43.0111699851358,93.5389434172359,65.543443210582,30.6664774651968,100.420408955967,145.165682304928,0,52.7697170410944,0,91.0488690936245,0,46.8609512952877,0,"chi","un",33,528,0.5,0,0.1,0,0.9,TRUE,0,TRUE,0.5,200,TRUE,0.0022375758893052,99
39.9605610844821,6.4752640355137,6.41841735407668,59.2726598281492,68.2750567011858,43.0111699851358,93.5389434172359,67.2325837059492,31.4728862183761,102.992281193522,145.165682304928,0,52.7697170410944,0,122.464388947474,0,49.9348652625998,0,"chi","un",33,528,0.5,0,0.1,0,0.9,TRUE,0,TRUE,0.5,200,TRUE,0.0022375758893052,99
39.9605610844821,6.4752640355137,6.41841735407668,59.2726598281492,68.2750567011858,43.0111699851358,93.5389434172359,74.7879027311813,35.2809800948135,114.294825367549,145.165682304928,0,52.7697170410944,0,152.660194548608,0,56.714975200135,0,"chi","un",33,528,0.5,0,0.1,0,0.9,TRUE,0,TRUE,0.5,200,TRUE,0.0022375758893052,99
39.9605610844821,6.4752640355137,6.41841735407668,59.2726598281492,68.2750567011858,43.0111699851358,93.5389434172359,72.6315095161306,34.3708635503119,110.892155481949,145.165682304928,0,52.7697170410944,0,150.821108042699,0,56.826174591204,0,"chi","un",33,528,0.5,0,0.1,0,0.9,TRUE,0,TRUE,0.5,200,TRUE,0.0022375758893052,99
39.9605610844821,6.4752640355137,6.41841735407668,59.2726598281492,68.2750567011858,43.0111699851358,93.5389434172359,59.5337388411293,28.1177717848734,90.9497058973852,145.165682304928,0,52.7697170410944,0,108.416941861046,0,44.7934368526704,0,"chi","un",33,528,0.5,0,0.1,0,0.9,TRUE,0,TRUE,0.5,200,TRUE,0.0022375758893052,99
39.9605610844821,6.4752640355137,6.41841735407668,59.2726598281492,68.2750567011858,43.0111699851358,93.5389434172359,69.1747100307964,32.8583417138936,105.491078347699,145.165682304928,0,52.7697170410944,0,125.915065338343,0,58.3250862689144,0,"chi","un",33,528,0.5,0,0.1,0,0.9,TRUE,0,TRUE,0.5,200,TRUE,0.0022375758893052,99
39.9605610844821,6.4752640355137,6.41841735407668,59.2726598281492,68.2750567011858,43.0111699851358,93.5389434172359,61.3624444034871,28.7904779929164,93.9344108140578,145.165682304928,0,52.7697170410944,0,60.5714510703461,0,43.614638571058,0,"chi","un",33,528,0.5,0,0.1,0,0.9,TRUE,0,TRUE,0.5,200,TRUE,0.0022375758893052,99
39.9605610844821,6.4752640355137,6.41841735407668,59.2726598281492,68.2750567011858,43.0111699851358,93.5389434172359,57.3287010553056,27.0884501849282,87.568951925683,145.165682304928,0,52.7697170410944,0,71.5161245116164,0,45.0714086067064,0,"chi","un",33,528,0.5,0,0.1,0,0.9,TRUE,0,TRUE,0.5,200,TRUE,0.0022375758893052,99
39.9605610844821,6.4752640355137,6.41841735407668,59.2726598281492,68.2750567011858,43.0111699851358,93.5389434172359,72.8106925422955,34.0934999014365,111.527885183154,145.165682304928,0,52.7697170410944,0,157.20514219823,0,47.8166870410367,0,"chi","un",33,528,0.5,0,0.1,0,0.9,TRUE,0,TRUE,0.5,200,TRUE,0.0022375758893052,99
39.9605610844821,6.4752640355137,6.41841735407668,59.2726598281492,68.2750567011858,43.0111699851358,93.5389434172359,64.7017206804316,30.294141151937,99.1093002089263,145.165682304928,0,52.7697170410944,0,102.712700819597,0,47.1981147446414,0,"chi","un",33,528,0.5,0,0.1,0,0.9,TRUE,0,TRUE,0.5,200,TRUE,0.0022375758893052,99
39.9605610844821,6.4752640355137,6.41841735407668,59.2726598281492,68.2750567011858,43.0111699851358,93.5389434172359,74.4606631623101,35.0325333433181,113.888792981302,145.165682304928,0,52.7697170410944,0,128.228669799364,0,57.2462828983912,0,"chi","un",33,528,0.5,0,0.1,0,0.9,TRUE,0,TRUE,0.5,200,TRUE,0.0022375758893052,99
39.9605610844821,6.4752640355137,6.41841735407668,59.2726598281492,68.2750567011858,43.0111699851358,93.5389434172359,82.1686182949289,38.5423690783665,125.794867511491,145.165682304928,0,52.7697170410944,0,161.690188783742,0,57.4808316823276,0,"chi","un",33,528,0.5,0,0.1,0,0.9,TRUE,0,TRUE,0.5,200,TRUE,0.0022375758893052,99
39.9605610844821,6.4752640355137,6.41841735407668,59.2726598281492,68.2750567011858,43.0111699851358,93.5389434172359,81.1517196107465,38.3199007036182,123.983538517875,145.165682304928,0,52.7697170410944,0,177.554983691391,0,57.1701935243213,0,"chi","un",33,528,0.5,0,0.1,0,0.9,TRUE,0,TRUE,0.5,200,TRUE,0.0022375758893052,99
39.9605610844821,6.4752640355137,6.41841735407668,59.2726598281492,68.2750567011858,43.0111699851358,93.5389434172359,59.1562871949019,27.6262042510608,90.6863701387429,145.165682304928,0,52.7697170410944,0,92.4370140663329,0,40.0322797534295,0,"chi","un",33,528,0.5,0,0.1,0,0.9,TRUE,0,TRUE,0.5,200,TRUE,0.0022375758893052,99
39.9605610844821,6.4752640355137,6.41841735407668,59.2726598281492,68.2750567011858,43.0111699851358,93.5389434172359,81.9530232182156,38.5316695920145,125.374376844417,145.165682304928,0,52.7697170410944,0,168.566421772933,0,60.7579848071451,0,"chi","un",33,528,0.5,0,0.1,0,0.9,TRUE,0,TRUE,0.5,200,TRUE,0.0022375758893052,99
39.9605610844821,6.4752640355137,6.41841735407668,59.2726598281492,68.2750567011858,43.0111699851358,93.5389434172359,67.161243191722,31.7047382116904,102.617748171754,145.165682304928,0,52.7697170410944,0,129.123315345934,0,51.8566888258837,0,"chi","un",33,528,0.5,0,0.1,0,0.9,TRUE,0,TRUE,0.5,200,TRUE,0.0022375758893052,99
39.9605610844821,6.4752640355137,6.41841735407668,59.2726598281492,68.2750567011858,43.0111699851358,93.5389434172359,55.1828318889893,25.6383642104739,84.7272995675046,145.165682304928,0,52.7697170410944,0,94.3479589304319,0,35.8736842323286,0,"chi","un",33,528,0.5,0,0.1,0,0.9,TRUE,0,TRUE,0.5,200,TRUE,0.0022375758893052,99
39.9605610844821,6.4752640355137,6.41841735407668,59.2726598281492,68.2750567011858,43.0111699851358,93.5389434172359,62.1136605393756,29.1432903766372,95.0840307021139,145.165682304928,0,52.7697170410944,0,99.749236572909,0,46.5472006795366,0,"chi","un",33,528,0.5,0,0.1,0,0.9,TRUE,0,TRUE,0.5,200,TRUE,0.0022375758893052,99
39.9605610844821,6.4752640355137,6.41841735407668,59.2726598281492,68.2750567011858,43.0111699851358,93.5389434172359,54.9904869037422,26.0262923802819,83.9546814272026,145.165682304928,0,52.7697170410944,0,84.4617875080248,0,44.0047909047261,0,"chi","un",33,528,0.5,0,0.1,0,0.9,TRUE,0,TRUE,0.5,200,TRUE,0.0022375758893052,99
39.9605610844821,6.4752640355137,6.41841735407668,59.2726598281492,68.2750567011858,43.0111699851358,93.5389434172359,67.4580428501343,31.9182431906666,102.997842509602,145.165682304928,0,52.7697170410944,0,138.173308772429,0,52.6837088512426,0,"chi","un",33,528,0.5,0,0.1,0,0.9,TRUE,0,TRUE,0.5,200,TRUE,0.0022375758893052,99
39.9605610844821,6.4752640355137,6.41841735407668,59.2726598281492,68.2750567011858,43.0111699851358,93.5389434172359,69.2524050959361,32.1931678103123,106.31164238156,145.165682304928,0,52.7697170410944,0,143.047180982831,0,50.2396871397545,0,"chi","un",33,528,0.5,0,0.1,0,0.9,TRUE,0,TRUE,0.5,200,TRUE,0.0022375758893052,99
39.9605610844821,6.4752640355137,6.41841735407668,59.2726598281492,68.2750567011858,43.0111699851358,93.5389434172359,58.09150126278,27.1700585037945,89.0129440217655,145.165682304928,0,52.7697170410944,0,117.778966360116,0,41.8516001959312,0,"chi","un",33,528,0.5,0,0.1,0,0.9,TRUE,0,TRUE,0.5,200,TRUE,0.0022375758893052,99
39.9605610844821,6.4752640355137,6.41841735407668,59.2726598281492,68.2750567011858,43.0111699851358,93.5389434172359,60.1991124314427,28.4360000765187,91.9622247863667,145.165682304928,0,52.7697170410944,0,105.520279806118,0,47.7666150783228,0,"chi","un",33,528,0.5,0,0.1,0,0.9,TRUE,0,TRUE,0.5,200,TRUE,0.0022375758893052,99
39.9605610844821,6.4752640355137,6.41841735407668,59.2726598281492,68.2750567011858,43.0111699851358,93.5389434172359,62.279834747405,29.1710714029524,95.3885980918576,145.165682304928,0,52.7697170410944,0,108.645430001863,0,44.2488219702405,0,"chi","un",33,528,0.5,0,0.1,0,0.9,TRUE,0,TRUE,0.5,200,TRUE,0.0022375758893052,99
39.9605610844821,6.4752640355137,6.41841735407668,59.2726598281492,68.2750567011858,43.0111699851358,93.5389434172359,62.234150911208,29.1915512258464,95.2767505965696,145.165682304928,0,52.7697170410944,0,146.169038576938,0,49.5603266467405,0,"chi","un",33,528,0.5,0,0.1,0,0.9,TRUE,0,TRUE,0.5,200,TRUE,0.0022375758893052,99
39.9605610844821,6.4752640355137,6.41841735407668,59.2726598281492,68.2750567011858,43.0111699851358,93.5389434172359,68.7023721259244,32.3215757496726,105.083168502176,145.165682304928,0,52.7697170410944,0,138.536011570421,0,48.8757854874422,0,"chi","un",33,528,0.5,0,0.1,0,0.9,TRUE,0,TRUE,0.5,200,TRUE,0.0022375758893052,99
39.9605610844821,6.4752640355137,6.41841735407668,59.2726598281492,68.2750567011858,43.0111699851358,93.5389434172359,83.76170722541,39.9768825905126,127.546531860307,145.165682304928,0,52.7697170410944,0,155.070640532345,0,65.4131781086417,0,"chi","un",33,528,0.5,0,0.1,0,0.9,TRUE,0,TRUE,0.5,200,TRUE,0.0022375758893052,99
39.9605610844821,6.4752640355137,6.41841735407668,59.2726598281492,68.2750567011858,43.0111699851358,93.5389434172359,66.9436734404308,31.8635306897455,102.023816191116,145.165682304928,0,52.7697170410944,0,114.472192028734,0,55.1530184298652,0,"chi","un",33,528,0.5,0,0.1,0,0.9,TRUE,0,TRUE,0.5,200,TRUE,0.0022375758893052,99
39.9605610844821,6.4752640355137,6.41841735407668,59.2726598281492,68.2750567011858,43.0111699851358,93.5389434172359,73.0375213126899,34.4713557149415,111.603686910438,145.165682304928,0,52.7697170410944,0,115.727470941331,0,49.7856515903379,0,"chi","un",33,528,0.5,0,0.1,0,0.9,TRUE,0,TRUE,0.5,200,TRUE,0.0022375758893052,99
39.9605610844821,6.4752640355137,6.41841735407668,59.2726598281492,68.2750567011858,43.0111699851358,93.5389434172359,59.2326784307696,27.8732348217831,90.5921220397561,145.165682304928,0,52.7697170410944,0,84.0598826031195,0,36.9075698418139,0,"chi","un",33,528,0.5,0,0.1,0,0.9,TRUE,0,TRUE,0.5,200,TRUE,0.0022375758893052,99
39.9605610844821,6.4752640355137,6.41841735407668,59.2726598281492,68.2750567011858,43.0111699851358,93.5389434172359,80.7808119428781,38.3463211713314,123.215302714425,145.165682304928,0,52.7697170410944,0,144.009824242641,0,66.259568762292,0,"chi","un",33,528,0.5,0,0.1,0,0.9,TRUE,0,TRUE,0.5,200,TRUE,0.0022375758893052,99
39.9605610844821,6.4752640355137,6.41841735407668,59.2726598281492,68.2750567011858,43.0111699851358,93.5389434172359,77.4006600996057,36.445031171689,118.356289027522,145.165682304928,0,52.7697170410944,0,137.212934336266,0,57.9926062771922,0,"chi","un",33,528,0.5,0,0.1,0,0.9,TRUE,0,TRUE,0.5,200,TRUE,0.0022375758893052,99
39.9605610844821,6.4752640355137,6.41841735407668,59.2726598281492,68.2750567011858,43.0111699851358,93.5389434172359,56.5880763132095,26.3716531541473,86.8044994722718,145.165682304928,0,52.7697170410944,0,112.150628509521,0,37.7944719684379,0,"chi","un",33,528,0.5,0,0.1,0,0.9,TRUE,0,TRUE,0.5,200,TRUE,0.0022375758893052,99
39.9605610844821,6.4752640355137,6.41841735407668,59.2726598281492,68.2750567011858,43.0111699851358,93.5389434172359,70.5916645827639,33.1592864068236,108.024042758704,145.165682304928,0,52.7697170410944,0,126.824379324038,0,52.1238508144084,0,"chi","un",33,528,0.5,0,0.1,0,0.9,TRUE,0,TRUE,0.5,200,TRUE,0.0022375758893052,99
39.9605610844821,6.4752640355137,6.41841735407668,59.2726598281492,68.2750567011858,43.0111699851358,93.5389434172359,83.3547346202433,39.13233257833,127.577136662157,145.165682304928,0,52.7697170410944,0,162.22938789638,0,52.2987146248592,0,"chi","un",33,528,0.5,0,0.1,0,0.9,TRUE,0,TRUE,0.5,200,TRUE,0.0022375758893052,99
39.9605610844821,6.4752640355137,6.41841735407668,59.2726598281492,68.2750567011858,43.0111699851358,93.5389434172359,61.8192154168208,28.8734826751987,94.7649481584429,145.165682304928,0,52.7697170410944,0,102.929539876794,0,42.548064424828,0,"chi","un",33,528,0.5,0,0.1,0,0.9,TRUE,0,TRUE,0.5,200,TRUE,0.0022375758893052,99
39.9605610844821,6.4752640355137,6.41841735407668,59.2726598281492,68.2750567011858,43.0111699851358,93.5389434172359,81.2561731300547,38.3797712762694,124.13257498384,145.165682304928,0,52.7697170410944,0,227.474763362917,0,61.4231419252384,0,"chi","un",33,528,0.5,0,0.1,0,0.9,TRUE,0,TRUE,0.5,200,TRUE,0.0022375758893052,99
39.9605610844821,6.4752640355137,6.41841735407668,59.2726598281492,68.2750567011858,43.0111699851358,93.5389434172359,60.4628917626196,28.4801464658807,92.4456370593585,145.165682304928,0,52.7697170410944,0,120.742273210623,0,46.7135907671734,0,"chi","un",33,528,0.5,0,0.1,0,0.9,TRUE,0,TRUE,0.5,200,TRUE,0.0022375758893052,99
39.9605610844821,6.4752640355137,6.41841735407668,59.2726598281492,68.2750567011858,43.0111699851358,93.5389434172359,85.0934621434172,40.0080758412271,130.178848445607,145.165682304928,0,52.7697170410944,0,179.655052814136,0,63.8909080663365,0,"chi","un",33,528,0.5,0,0.1,0,0.9,TRUE,0,TRUE,0.5,200,TRUE,0.0022375758893052,99
39.9605610844821,6.4752640355137,6.41841735407668,59.2726598281492,68.2750567011858,43.0111699851358,93.5389434172359,65.0880124195811,30.6882494604657,99.4877753786965,145.165682304928,0,52.7697170410944,0,109.519526857986,0,50.8772584357254,0,"chi","un",33,528,0.5,0,0.1,0,0.9,TRUE,0,TRUE,0.5,200,TRUE,0.0022375758893052,99
39.9605610844821,6.4752640355137,6.41841735407668,59.2726598281492,68.2750567011858,43.0111699851358,93.5389434172359,77.3192169604468,36.4094030004035,118.22903092049,145.165682304928,0,52.7697170410944,0,180.821116395113,0,56.4298436544585,0,"chi","un",33,528,0.5,0,0.1,0,0.9,TRUE,0,TRUE,0.5,200,TRUE,0.0022375758893052,99
39.9605610844821,6.4752640355137,6.41841735407668,59.2726598281492,68.2750567011858,43.0111699851358,93.5389434172359,62.7082571463259,29.6062747595105,95.8102395331413,145.165682304928,0,52.7697170410944,0,121.304603913177,0,49.4563725751893,0,"chi","un",33,528,0.5,0,0.1,0,0.9,TRUE,0,TRUE,0.5,200,TRUE,0.0022375758893052,99
39.9605610844821,6.4752640355137,6.41841735407668,59.2726598281492,68.2750567011858,43.0111699851358,93.5389434172359,65.5063289159661,30.6668759456461,100.345781886286,145.165682304928,0,52.7697170410944,0,130.609798083515,0,46.4787515608972,0,"chi","un",33,528,0.5,0,0.1,0,0.9,TRUE,0,TRUE,0.5,200,TRUE,0.0022375758893052,99
39.9605610844821,6.4752640355137,6.41841735407668,59.2726598281492,68.2750567011858,43.0111699851358,93.5389434172359,71.5405573921908,33.8855539311186,109.195560853263,145.165682304928,0,52.7697170410944,0,154.292140754735,0,52.9238011788271,0,"chi","un",33,528,0.5,0,0.1,0,0.9,TRUE,0,TRUE,0.5,200,TRUE,0.0022375758893052,99
39.9605610844821,6.4752640355137,6.41841735407668,59.2726598281492,68.2750567011858,43.0111699851358,93.5389434172359,62.6332750119534,29.2317352553508,96.0348147685561,145.165682304928,0,52.7697170410944,0,106.387729504651,0,43.6311130804622,0,"chi","un",33,528,0.5,0,0.1,0,0.9,TRUE,0,TRUE,0.5,200,TRUE,0.0022375758893052,99
39.9605610844821,6.4752640355137,6.41841735407668,59.2726598281492,68.2750567011858,43.0111699851358,93.5389434172359,67.9265395509204,32.1105274409296,103.742551660911,145.165682304928,0,52.7697170410944,0,141.486353946156,0,52.9940030326582,0,"chi","un",33,528,0.5,0,0.1,0,0.9,TRUE,0,TRUE,0.5,200,TRUE,0.0022375758893052,99
39.9605610844821,6.4752640355137,6.41841735407668,59.2726598281492,68.2750567011858,43.0111699851358,93.5389434172359,71.4272331679987,33.4649878302785,109.389478505719,145.165682304928,0,52.7697170410944,0,160.794865742745,0,50.176226995432,0,"chi","un",33,528,0.5,0,0.1,0,0.9,TRUE,0,TRUE,0.5,200,TRUE,0.0022375758893052,99
39.9605610844821,6.4752640355137,6.41841735407668,59.2726598281492,68.2750567011858,43.0111699851358,93.5389434172359,63.3995935573022,29.7162839876391,97.0829031269653,145.165682304928,0,52.7697170410944,0,121.62649103626,0,43.9444872012258,0,"chi","un",33,528,0.5,0,0.1,0,0.9,TRUE,0,TRUE,0.5,200,TRUE,0.0022375758893052,99
39.9605610844821,6.4752640355137,6.41841735407668,59.2726598281492,68.2750567011858,43.0111699851358,93.5389434172359,60.8333868069243,28.3341380704704,93.3326355433781,145.165682304928,0,52.7697170410944,0,111.761425758753,0,40.8574732045883,0,"chi","un",33,528,0.5,0,0.1,0,0.9,TRUE,0,TRUE,0.5,200,TRUE,0.0022375758893052,99
39.9605610844821,6.4752640355137,6.41841735407668,59.2726598281492,68.2750567011858,43.0111699851358,93.5389434172359,75.6914115936174,35.6137005241758,115.769122663059,145.165682304928,0,52.7697170410944,0,153.729693732524,0,56.3800237276604,0,"chi","un",33,528,0.5,0,0.1,0,0.9,TRUE,0,TRUE,0.5,200,TRUE,0.0022375758893052,99
39.9605610844821,6.4752640355137,6.41841735407668,59.2726598281492,68.2750567011858,43.0111699851358,93.5389434172359,75.8504239868806,35.7746276387939,115.926220334967,145.165682304928,0,52.7697170410944,0,153.663026857952,0,50.9038502030671,0,"chi","un",33,528,0.5,0,0.1,0,0.9,TRUE,0,TRUE,0.5,200,TRUE,0.0022375758893052,99
39.9605610844821,6.4752640355137,6.41841735407668,59.2726598281492,68.2750567011858,43.0111699851358,93.5389434172359,74.3311158495544,35.3995637128995,113.262667986209,145.165682304928,0,52.7697170410944,0,195.400049142007,0,60.5539572657205,0,"chi","un",33,528,0.5,0,0.1,0,0.9,TRUE,0,TRUE,0.5,200,TRUE,0.0022375758893052,99
39.9605610844821,6.4752640355137,6.41841735407668,59.2726598281492,68.2750567011858,43.0111699851358,93.5389434172359,65.7939861584188,30.8484151718438,100.739557144994,145.165682304928,0,52.7697170410944,0,90.4710882989633,0,40.4973836689853,0,"chi","un",33,528,0.5,0,0.1,0,0.9,TRUE,0,TRUE,0.5,200,TRUE,0.0022375758893052,99
39.9605610844821,6.4752640355137,6.41841735407668,59.2726598281492,68.2750567011858,43.0111699851358,93.5389434172359,59.9906717667906,27.9051980854694,92.0761454481118,145.165682304928,0,52.7697170410944,0,118.621054245922,0,34.7897645201464,0,"chi","un",33,528,0.5,0,0.1,0,0.9,TRUE,0,TRUE,0.5,200,TRUE,0.0022375758893052,99
39.9605610844821,6.4752640355137,6.41841735407668,59.2726598281492,68.2750567011858,43.0111699851358,93.5389434172359,64.691506164698,30.3989686445785,98.9840436848174,145.165682304928,0,52.7697170410944,0,130.321034415379,0,50.0495076866026,0,"chi","un",33,528,0.5,0,0.1,0,0.9,TRUE,0,TRUE,0.5,200,TRUE,0.0022375758893052,99
39.9605610844821,6.4752640355137,6.41841735407668,59.2726598281492,68.2750567011858,43.0111699851358,93.5389434172359,56.1570285741149,26.3158296997064,85.9982274485234,145.165682304928,0,52.7697170410944,0,74.2164134473062,0,41.4793180476465,0,"chi","un",33,528,0.5,0,0.1,0,0.9,TRUE,0,TRUE,0.5,200,TRUE,0.0022375758893052,99
39.9605610844821,6.4752640355137,6.41841735407668,59.2726598281492,68.2750567011858,43.0111699851358,93.5389434172359,74.6041004577761,35.245617920785,113.962582994767,145.165682304928,0,52.7697170410944,0,137.789159511161,0,58.497069753594,0,"chi","un",33,528,0.5,0,0.1,0,0.9,TRUE,0,TRUE,0.5,200,TRUE,0.0022375758893052,99
39.9605610844821,6.4752640355137,6.41841735407668,59.2726598281492,68.2750567011858,43.0111699851358,93.5389434172359,67.033818749743,31.4077122247052,102.659925274781,145.165682304928,0,52.7697170410944,0,142.815811761012,0,48.6588405221832,0,"chi","un",33,528,0.5,0,0.1,0,0.9,TRUE,0,TRUE,0.5,200,TRUE,0.0022375758893052,99
39.9605610844821,6.4752640355137,6.41841735407668,59.2726598281492,68.2750567011858,43.0111699851358,93.5389434172359,64.4368802547322,30.4457977427642,98.4279627667002,145.165682304928,0,52.7697170410944,0,89.919875666419,0,46.3608868259793,0,"chi","un",33,528,0.5,0,0.1,0,0.9,TRUE,0,TRUE,0.5,200,TRUE,0.0022375758893052,99
