"var_main_effect","var_inter_effect","cov_main_inter_effect","var_total_effect","least_square_total","sub_least_square_total","GCTA_total","GCTA_inter","prop_total","prop_inter","sub_GCTA_total","sub_GCTA_inter","sub_prop_total","sub_prop_inter","x_dist","structure","p","n","main_fixed_var","main_random_var","inter_fixed_var","inter_random_var","decor","interact","combine","pro","n_sub","inter_std","sigma_main_approx","i"
39.9605610844821,6.4752640355137,6.41841735407668,59.2726598281492,2.78539520362674,68.585676325774,102.450072689151,0,137.522263135159,0,82.1443856837916,0,0,0,"chi","un",33,264,0.5,0,0.1,0,FALSE,0,TRUE,0.5,200,TRUE,0.0022375758893052,97
39.9605610844821,6.4752640355137,6.41841735407668,59.2726598281492,2.78539520362674,47.185915231104,102.450072689151,0,137.522263135159,0,37.672765160892,0,0,0,"chi","un",33,264,0.5,0,0.1,0,FALSE,0,TRUE,0.5,200,TRUE,0.0022375758893052,97
39.9605610844821,6.4752640355137,6.41841735407668,59.2726598281492,2.78539520362674,50.183356526292,102.450072689151,0,137.522263135159,0,38.7541929554804,0,223.483163648882,0,"chi","un",33,264,0.5,0,0.1,0,FALSE,0,TRUE,0.5,200,TRUE,0.0022375758893052,97
39.9605610844821,6.4752640355137,6.41841735407668,59.2726598281492,2.78539520362674,51.5314835565475,102.450072689151,0,137.522263135159,0,101.528997058964,0,0,0,"chi","un",33,264,0.5,0,0.1,0,FALSE,0,TRUE,0.5,200,TRUE,0.0022375758893052,97
39.9605610844821,6.4752640355137,6.41841735407668,59.2726598281492,2.78539520362674,62.7375286745584,102.450072689151,0,137.522263135159,0,68.1137153898107,0,0,0,"chi","un",33,264,0.5,0,0.1,0,FALSE,0,TRUE,0.5,200,TRUE,0.0022375758893052,97
39.9605610844821,6.4752640355137,6.41841735407668,59.2726598281492,2.78539520362674,12.1616529094877,102.450072689151,0,137.522263135159,0,71.9883184249385,0,0,0,"chi","un",33,264,0.5,0,0.1,0,FALSE,0,TRUE,0.5,200,TRUE,0.0022375758893052,97
39.9605610844821,6.4752640355137,6.41841735407668,59.2726598281492,2.78539520362674,-32.0240314822485,102.450072689151,0,137.522263135159,0,91.9891041356861,0,307.863179455728,0,"chi","un",33,264,0.5,0,0.1,0,FALSE,0,TRUE,0.5,200,TRUE,0.0022375758893052,97
39.9605610844821,6.4752640355137,6.41841735407668,59.2726598281492,2.78539520362674,4.25526719476674,102.450072689151,0,137.522263135159,0,58.6595875676509,0,0,0,"chi","un",33,264,0.5,0,0.1,0,FALSE,0,TRUE,0.5,200,TRUE,0.0022375758893052,97
39.9605610844821,6.4752640355137,6.41841735407668,59.2726598281492,2.78539520362674,57.8057252401055,102.450072689151,0,137.522263135159,0,121.5672106021,0,253.005818710429,0,"chi","un",33,264,0.5,0,0.1,0,FALSE,0,TRUE,0.5,200,TRUE,0.0022375758893052,97
39.9605610844821,6.4752640355137,6.41841735407668,59.2726598281492,2.78539520362674,46.4484327293397,102.450072689151,0,137.522263135159,0,48.9369388809772,0,203.330601578827,0,"chi","un",33,264,0.5,0,0.1,0,FALSE,0,TRUE,0.5,200,TRUE,0.0022375758893052,97
39.9605610844821,6.4752640355137,6.41841735407668,59.2726598281492,2.78539520362674,-1.17001309861021,102.450072689151,0,137.522263135159,0,83.3188596904602,0,0,0,"chi","un",33,264,0.5,0,0.1,0,FALSE,0,TRUE,0.5,200,TRUE,0.0022375758893052,97
39.9605610844821,6.4752640355137,6.41841735407668,59.2726598281492,2.78539520362674,-269.262725644709,102.450072689151,0,137.522263135159,0,94.0477143568614,0,0,0,"chi","un",33,264,0.5,0,0.1,0,FALSE,0,TRUE,0.5,200,TRUE,0.0022375758893052,97
39.9605610844821,6.4752640355137,6.41841735407668,59.2726598281492,2.78539520362674,-35.2947517857637,102.450072689151,0,137.522263135159,0,87.8106863623108,0,232.495256923712,0,"chi","un",33,264,0.5,0,0.1,0,FALSE,0,TRUE,0.5,200,TRUE,0.0022375758893052,97
39.9605610844821,6.4752640355137,6.41841735407668,59.2726598281492,2.78539520362674,35.6854703613315,102.450072689151,0,137.522263135159,0,52.7536056343738,0,0,0,"chi","un",33,264,0.5,0,0.1,0,FALSE,0,TRUE,0.5,200,TRUE,0.0022375758893052,97
39.9605610844821,6.4752640355137,6.41841735407668,59.2726598281492,2.78539520362674,-27.6373590305118,102.450072689151,0,137.522263135159,0,98.257383397947,0,318.738930854138,0,"chi","un",33,264,0.5,0,0.1,0,FALSE,0,TRUE,0.5,200,TRUE,0.0022375758893052,97
39.9605610844821,6.4752640355137,6.41841735407668,59.2726598281492,2.78539520362674,-42.1221608360491,102.450072689151,0,137.522263135159,0,81.7780264679734,0,280.11283497151,0,"chi","un",33,264,0.5,0,0.1,0,FALSE,0,TRUE,0.5,200,TRUE,0.0022375758893052,97
39.9605610844821,6.4752640355137,6.41841735407668,59.2726598281492,2.78539520362674,-132.300481297682,102.450072689151,0,137.522263135159,0,79.3602585480972,0,0,0,"chi","un",33,264,0.5,0,0.1,0,FALSE,0,TRUE,0.5,200,TRUE,0.0022375758893052,97
39.9605610844821,6.4752640355137,6.41841735407668,59.2726598281492,2.78539520362674,57.7614855995206,102.450072689151,0,137.522263135159,0,113.37366655494,0,0,0,"chi","un",33,264,0.5,0,0.1,0,FALSE,0,TRUE,0.5,200,TRUE,0.0022375758893052,97
39.9605610844821,6.4752640355137,6.41841735407668,59.2726598281492,2.78539520362674,39.498778735921,102.450072689151,0,137.522263135159,0,37.0256017329822,0,0,0,"chi","un",33,264,0.5,0,0.1,0,FALSE,0,TRUE,0.5,200,TRUE,0.0022375758893052,97
39.9605610844821,6.4752640355137,6.41841735407668,59.2726598281492,2.78539520362674,-258.285508302555,102.450072689151,0,137.522263135159,0,156.467446385868,0,305.381497889522,0,"chi","un",33,264,0.5,0,0.1,0,FALSE,0,TRUE,0.5,200,TRUE,0.0022375758893052,97
39.9605610844821,6.4752640355137,6.41841735407668,59.2726598281492,2.78539520362674,-69.7940289153362,102.450072689151,0,137.522263135159,0,128.826500729814,0,0,0,"chi","un",33,264,0.5,0,0.1,0,FALSE,0,TRUE,0.5,200,TRUE,0.0022375758893052,97
39.9605610844821,6.4752640355137,6.41841735407668,59.2726598281492,2.78539520362674,17.512850503598,102.450072689151,0,137.522263135159,0,56.4896955144378,0,0,0,"chi","un",33,264,0.5,0,0.1,0,FALSE,0,TRUE,0.5,200,TRUE,0.0022375758893052,97
39.9605610844821,6.4752640355137,6.41841735407668,59.2726598281492,2.78539520362674,-218.953975596372,102.450072689151,0,137.522263135159,0,116.200830570502,0,289.662502729534,0,"chi","un",33,264,0.5,0,0.1,0,FALSE,0,TRUE,0.5,200,TRUE,0.0022375758893052,97
39.9605610844821,6.4752640355137,6.41841735407668,59.2726598281492,2.78539520362674,-265.096150480716,102.450072689151,0,137.522263135159,0,112.083320023023,0,325.427841532906,0,"chi","un",33,264,0.5,0,0.1,0,FALSE,0,TRUE,0.5,200,TRUE,0.0022375758893052,97
39.9605610844821,6.4752640355137,6.41841735407668,59.2726598281492,2.78539520362674,-294.429902031221,102.450072689151,0,137.522263135159,0,89.1667794762399,0,0,0,"chi","un",33,264,0.5,0,0.1,0,FALSE,0,TRUE,0.5,200,TRUE,0.0022375758893052,97
39.9605610844821,6.4752640355137,6.41841735407668,59.2726598281492,2.78539520362674,32.5585735359598,102.450072689151,0,137.522263135159,0,103.841292221312,0,283.125014493638,0,"chi","un",33,264,0.5,0,0.1,0,FALSE,0,TRUE,0.5,200,TRUE,0.0022375758893052,97
39.9605610844821,6.4752640355137,6.41841735407668,59.2726598281492,2.78539520362674,42.3068259267027,102.450072689151,0,137.522263135159,0,91.7500373511547,0,0,0,"chi","un",33,264,0.5,0,0.1,0,FALSE,0,TRUE,0.5,200,TRUE,0.0022375758893052,97
39.9605610844821,6.4752640355137,6.41841735407668,59.2726598281492,2.78539520362674,-57.5116822565427,102.450072689151,0,137.522263135159,0,121.565720541518,0,349.040953974918,0,"chi","un",33,264,0.5,0,0.1,0,FALSE,0,TRUE,0.5,200,TRUE,0.0022375758893052,97
39.9605610844821,6.4752640355137,6.41841735407668,59.2726598281492,2.78539520362674,-4.23646163518137,102.450072689151,0,137.522263135159,0,63.268570552109,0,0,0,"chi","un",33,264,0.5,0,0.1,0,FALSE,0,TRUE,0.5,200,TRUE,0.0022375758893052,97
39.9605610844821,6.4752640355137,6.41841735407668,59.2726598281492,2.78539520362674,69.4110997182956,102.450072689151,0,137.522263135159,0,131.929658405735,0,309.875248363348,0,"chi","un",33,264,0.5,0,0.1,0,FALSE,0,TRUE,0.5,200,TRUE,0.0022375758893052,97
39.9605610844821,6.4752640355137,6.41841735407668,59.2726598281492,2.78539520362674,-28.0370149734055,102.450072689151,0,137.522263135159,0,100.646665428682,0,0,0,"chi","un",33,264,0.5,0,0.1,0,FALSE,0,TRUE,0.5,200,TRUE,0.0022375758893052,97
39.9605610844821,6.4752640355137,6.41841735407668,59.2726598281492,2.78539520362674,44.1539804140012,102.450072689151,0,137.522263135159,0,95.9384573633993,0,225.651970864242,0,"chi","un",33,264,0.5,0,0.1,0,FALSE,0,TRUE,0.5,200,TRUE,0.0022375758893052,97
39.9605610844821,6.4752640355137,6.41841735407668,59.2726598281492,2.78539520362674,-2.8128266773514,102.450072689151,0,137.522263135159,0,85.2492922138611,0,0,0,"chi","un",33,264,0.5,0,0.1,0,FALSE,0,TRUE,0.5,200,TRUE,0.0022375758893052,97
39.9605610844821,6.4752640355137,6.41841735407668,59.2726598281492,2.78539520362674,-37.9235289302284,102.450072689151,0,137.522263135159,0,129.712758242973,0,339.965250178992,0,"chi","un",33,264,0.5,0,0.1,0,FALSE,0,TRUE,0.5,200,TRUE,0.0022375758893052,97
39.9605610844821,6.4752640355137,6.41841735407668,59.2726598281492,2.78539520362674,-85.2908596312612,102.450072689151,0,137.522263135159,0,98.9676327049388,0,0,0,"chi","un",33,264,0.5,0,0.1,0,FALSE,0,TRUE,0.5,200,TRUE,0.0022375758893052,97
39.9605610844821,6.4752640355137,6.41841735407668,59.2726598281492,2.78539520362674,47.1247300811691,102.450072689151,0,137.522263135159,0,59.8097948884559,0,0,0,"chi","un",33,264,0.5,0,0.1,0,FALSE,0,TRUE,0.5,200,TRUE,0.0022375758893052,97
39.9605610844821,6.4752640355137,6.41841735407668,59.2726598281492,2.78539520362674,32.9858948080873,102.450072689151,0,137.522263135159,0,66.9640678556379,0,0,0,"chi","un",33,264,0.5,0,0.1,0,FALSE,0,TRUE,0.5,200,TRUE,0.0022375758893052,97
39.9605610844821,6.4752640355137,6.41841735407668,59.2726598281492,2.78539520362674,-30.768351132631,102.450072689151,0,137.522263135159,0,106.742008058064,0,0,0,"chi","un",33,264,0.5,0,0.1,0,FALSE,0,TRUE,0.5,200,TRUE,0.0022375758893052,97
39.9605610844821,6.4752640355137,6.41841735407668,59.2726598281492,2.78539520362674,-81.0045104763226,102.450072689151,0,137.522263135159,0,75.6339440387927,0,313.048778862112,0,"chi","un",33,264,0.5,0,0.1,0,FALSE,0,TRUE,0.5,200,TRUE,0.0022375758893052,97
39.9605610844821,6.4752640355137,6.41841735407668,59.2726598281492,2.78539520362674,-26.8866866453692,102.450072689151,0,137.522263135159,0,117.215156602308,0,0,0,"chi","un",33,264,0.5,0,0.1,0,FALSE,0,TRUE,0.5,200,TRUE,0.0022375758893052,97
39.9605610844821,6.4752640355137,6.41841735407668,59.2726598281492,2.78539520362674,53.8197096790265,102.450072689151,0,137.522263135159,0,54.8590126218115,0,234.92508173939,0,"chi","un",33,264,0.5,0,0.1,0,FALSE,0,TRUE,0.5,200,TRUE,0.0022375758893052,97
39.9605610844821,6.4752640355137,6.41841735407668,59.2726598281492,2.78539520362674,11.2077117173597,102.450072689151,0,137.522263135159,0,86.7713401937055,0,243.649926987326,0,"chi","un",33,264,0.5,0,0.1,0,FALSE,0,TRUE,0.5,200,TRUE,0.0022375758893052,97
39.9605610844821,6.4752640355137,6.41841735407668,59.2726598281492,2.78539520362674,-134.490075631657,102.450072689151,0,137.522263135159,0,49.7564838452433,0,313.492400904039,0,"chi","un",33,264,0.5,0,0.1,0,FALSE,0,TRUE,0.5,200,TRUE,0.0022375758893052,97
39.9605610844821,6.4752640355137,6.41841735407668,59.2726598281492,2.78539520362674,51.079190617923,102.450072689151,0,137.522263135159,0,99.5318965167427,0,286.532779437273,0,"chi","un",33,264,0.5,0,0.1,0,FALSE,0,TRUE,0.5,200,TRUE,0.0022375758893052,97
39.9605610844821,6.4752640355137,6.41841735407668,59.2726598281492,2.78539520362674,8.62112625223193,102.450072689151,0,137.522263135159,0,63.7961185430343,0,270.561040482615,0,"chi","un",33,264,0.5,0,0.1,0,FALSE,0,TRUE,0.5,200,TRUE,0.0022375758893052,97
39.9605610844821,6.4752640355137,6.41841735407668,59.2726598281492,2.78539520362674,49.3139568255026,102.450072689151,0,137.522263135159,0,68.2693926657205,0,0,0,"chi","un",33,264,0.5,0,0.1,0,FALSE,0,TRUE,0.5,200,TRUE,0.0022375758893052,97
39.9605610844821,6.4752640355137,6.41841735407668,59.2726598281492,2.78539520362674,-22.2566609212039,102.450072689151,0,137.522263135159,0,94.5351513508763,0,276.202918995192,0,"chi","un",33,264,0.5,0,0.1,0,FALSE,0,TRUE,0.5,200,TRUE,0.0022375758893052,97
39.9605610844821,6.4752640355137,6.41841735407668,59.2726598281492,2.78539520362674,62.8771562451455,102.450072689151,0,137.522263135159,0,67.9661626662901,0,0,0,"chi","un",33,264,0.5,0,0.1,0,FALSE,0,TRUE,0.5,200,TRUE,0.0022375758893052,97
39.9605610844821,6.4752640355137,6.41841735407668,59.2726598281492,2.78539520362674,42.6078778972995,102.450072689151,0,137.522263135159,0,48.1895503187409,0,0,0,"chi","un",33,264,0.5,0,0.1,0,FALSE,0,TRUE,0.5,200,TRUE,0.0022375758893052,97
39.9605610844821,6.4752640355137,6.41841735407668,59.2726598281492,2.78539520362674,-84.1166279007352,102.450072689151,0,137.522263135159,0,53.7217677094192,0,0,0,"chi","un",33,264,0.5,0,0.1,0,FALSE,0,TRUE,0.5,200,TRUE,0.0022375758893052,97
39.9605610844821,6.4752640355137,6.41841735407668,59.2726598281492,2.78539520362674,69.4680078731918,102.450072689151,0,137.522263135159,0,89.1224869851063,0,335.822840475293,0,"chi","un",33,264,0.5,0,0.1,0,FALSE,0,TRUE,0.5,200,TRUE,0.0022375758893052,97
39.9605610844821,6.4752640355137,6.41841735407668,59.2726598281492,2.78539520362674,-0.636725908497809,102.450072689151,0,137.522263135159,0,74.5137808809773,0,0,0,"chi","un",33,264,0.5,0,0.1,0,FALSE,0,TRUE,0.5,200,TRUE,0.0022375758893052,97
39.9605610844821,6.4752640355137,6.41841735407668,59.2726598281492,2.78539520362674,-19.295011731225,102.450072689151,0,137.522263135159,0,127.741992633387,0,260.167933474128,0,"chi","un",33,264,0.5,0,0.1,0,FALSE,0,TRUE,0.5,200,TRUE,0.0022375758893052,97
39.9605610844821,6.4752640355137,6.41841735407668,59.2726598281492,2.78539520362674,65.0198421437319,102.450072689151,0,137.522263135159,0,56.863144276865,0,292.036361775387,0,"chi","un",33,264,0.5,0,0.1,0,FALSE,0,TRUE,0.5,200,TRUE,0.0022375758893052,97
39.9605610844821,6.4752640355137,6.41841735407668,59.2726598281492,2.78539520362674,-1.52520049177074,102.450072689151,0,137.522263135159,0,76.6498772376585,0,0,0,"chi","un",33,264,0.5,0,0.1,0,FALSE,0,TRUE,0.5,200,TRUE,0.0022375758893052,97
39.9605610844821,6.4752640355137,6.41841735407668,59.2726598281492,2.78539520362674,53.992607178373,102.450072689151,0,137.522263135159,0,78.9417525789997,0,0,0,"chi","un",33,264,0.5,0,0.1,0,FALSE,0,TRUE,0.5,200,TRUE,0.0022375758893052,97
39.9605610844821,6.4752640355137,6.41841735407668,59.2726598281492,2.78539520362674,59.4091050846636,102.450072689151,0,137.522263135159,0,46.8738974938724,0,254.416092376415,0,"chi","un",33,264,0.5,0,0.1,0,FALSE,0,TRUE,0.5,200,TRUE,0.0022375758893052,97
39.9605610844821,6.4752640355137,6.41841735407668,59.2726598281492,2.78539520362674,60.0331904621897,102.450072689151,0,137.522263135159,0,84.9903199651496,0,315.940735266428,0,"chi","un",33,264,0.5,0,0.1,0,FALSE,0,TRUE,0.5,200,TRUE,0.0022375758893052,97
39.9605610844821,6.4752640355137,6.41841735407668,59.2726598281492,2.78539520362674,39.7648117146972,102.450072689151,0,137.522263135159,0,89.061260162332,0,272.371478967583,0,"chi","un",33,264,0.5,0,0.1,0,FALSE,0,TRUE,0.5,200,TRUE,0.0022375758893052,97
39.9605610844821,6.4752640355137,6.41841735407668,59.2726598281492,2.78539520362674,70.7364881070376,102.450072689151,0,137.522263135159,0,78.5866697036003,0,0,0,"chi","un",33,264,0.5,0,0.1,0,FALSE,0,TRUE,0.5,200,TRUE,0.0022375758893052,97
39.9605610844821,6.4752640355137,6.41841735407668,59.2726598281492,2.78539520362674,20.2887769670309,102.450072689151,0,137.522263135159,0,99.8103596960141,0,313.62835487013,0,"chi","un",33,264,0.5,0,0.1,0,FALSE,0,TRUE,0.5,200,TRUE,0.0022375758893052,97
39.9605610844821,6.4752640355137,6.41841735407668,59.2726598281492,2.78539520362674,-127.531378821279,102.450072689151,0,137.522263135159,0,109.287430806166,0,267.175358403186,0,"chi","un",33,264,0.5,0,0.1,0,FALSE,0,TRUE,0.5,200,TRUE,0.0022375758893052,97
39.9605610844821,6.4752640355137,6.41841735407668,59.2726598281492,2.78539520362674,53.7299953314241,102.450072689151,0,137.522263135159,0,72.8140979292052,0,0,0,"chi","un",33,264,0.5,0,0.1,0,FALSE,0,TRUE,0.5,200,TRUE,0.0022375758893052,97
39.9605610844821,6.4752640355137,6.41841735407668,59.2726598281492,2.78539520362674,3.7537133783249,102.450072689151,0,137.522263135159,0,61.1374109714769,0,261.228844635757,0,"chi","un",33,264,0.5,0,0.1,0,FALSE,0,TRUE,0.5,200,TRUE,0.0022375758893052,97
39.9605610844821,6.4752640355137,6.41841735407668,59.2726598281492,2.78539520362674,-42.165174511813,102.450072689151,0,137.522263135159,0,82.4102539549419,0,0,0,"chi","un",33,264,0.5,0,0.1,0,FALSE,0,TRUE,0.5,200,TRUE,0.0022375758893052,97
39.9605610844821,6.4752640355137,6.41841735407668,59.2726598281492,2.78539520362674,19.5581068833028,102.450072689151,0,137.522263135159,0,42.63021148191,0,198.928191070598,0,"chi","un",33,264,0.5,0,0.1,0,FALSE,0,TRUE,0.5,200,TRUE,0.0022375758893052,97
39.9605610844821,6.4752640355137,6.41841735407668,59.2726598281492,2.78539520362674,-16.4507928068059,102.450072689151,0,137.522263135159,0,48.8358123125299,0,275.134037800306,0,"chi","un",33,264,0.5,0,0.1,0,FALSE,0,TRUE,0.5,200,TRUE,0.0022375758893052,97
39.9605610844821,6.4752640355137,6.41841735407668,59.2726598281492,2.78539520362674,72.1315317549607,102.450072689151,0,137.522263135159,0,115.035090311269,0,0,0,"chi","un",33,264,0.5,0,0.1,0,FALSE,0,TRUE,0.5,200,TRUE,0.0022375758893052,97
39.9605610844821,6.4752640355137,6.41841735407668,59.2726598281492,2.78539520362674,23.5484774734701,102.450072689151,0,137.522263135159,0,73.754352021462,0,0,0,"chi","un",33,264,0.5,0,0.1,0,FALSE,0,TRUE,0.5,200,TRUE,0.0022375758893052,97
39.9605610844821,6.4752640355137,6.41841735407668,59.2726598281492,2.78539520362674,57.119802467019,102.450072689151,0,137.522263135159,0,86.3908728514364,0,0,0,"chi","un",33,264,0.5,0,0.1,0,FALSE,0,TRUE,0.5,200,TRUE,0.0022375758893052,97
39.9605610844821,6.4752640355137,6.41841735407668,59.2726598281492,2.78539520362674,-228.846613338827,102.450072689151,0,137.522263135159,0,129.652824970283,0,299.267075423515,0,"chi","un",33,264,0.5,0,0.1,0,FALSE,0,TRUE,0.5,200,TRUE,0.0022375758893052,97
39.9605610844821,6.4752640355137,6.41841735407668,59.2726598281492,2.78539520362674,53.4577161725056,102.450072689151,0,137.522263135159,0,41.1258816812746,0,229.617648156644,0,"chi","un",33,264,0.5,0,0.1,0,FALSE,0,TRUE,0.5,200,TRUE,0.0022375758893052,97
39.9605610844821,6.4752640355137,6.41841735407668,59.2726598281492,2.78539520362674,-36.4921126629887,102.450072689151,0,137.522263135159,0,75.1127847108736,0,289.727045818287,0,"chi","un",33,264,0.5,0,0.1,0,FALSE,0,TRUE,0.5,200,TRUE,0.0022375758893052,97
39.9605610844821,6.4752640355137,6.41841735407668,59.2726598281492,2.78539520362674,36.5727979903125,102.450072689151,0,137.522263135159,0,73.2461954633273,0,283.316304472824,0,"chi","un",33,264,0.5,0,0.1,0,FALSE,0,TRUE,0.5,200,TRUE,0.0022375758893052,97
39.9605610844821,6.4752640355137,6.41841735407668,59.2726598281492,2.78539520362674,20.2945603410005,102.450072689151,0,137.522263135159,0,125.183690638385,0,0,0,"chi","un",33,264,0.5,0,0.1,0,FALSE,0,TRUE,0.5,200,TRUE,0.0022375758893052,97
39.9605610844821,6.4752640355137,6.41841735407668,59.2726598281492,2.78539520362674,54.5237782367354,102.450072689151,0,137.522263135159,0,64.5907975923944,0,251.96271829669,0,"chi","un",33,264,0.5,0,0.1,0,FALSE,0,TRUE,0.5,200,TRUE,0.0022375758893052,97
39.9605610844821,6.4752640355137,6.41841735407668,59.2726598281492,2.78539520362674,25.2641403479173,102.450072689151,0,137.522263135159,0,71.2268900134799,0,234.679680864298,0,"chi","un",33,264,0.5,0,0.1,0,FALSE,0,TRUE,0.5,200,TRUE,0.0022375758893052,97
39.9605610844821,6.4752640355137,6.41841735407668,59.2726598281492,2.78539520362674,31.9572918395001,102.450072689151,0,137.522263135159,0,39.4610785383926,0,0,0,"chi","un",33,264,0.5,0,0.1,0,FALSE,0,TRUE,0.5,200,TRUE,0.0022375758893052,97
39.9605610844821,6.4752640355137,6.41841735407668,59.2726598281492,2.78539520362674,-70.2418311510446,102.450072689151,0,137.522263135159,0,111.356078109448,0,0,0,"chi","un",33,264,0.5,0,0.1,0,FALSE,0,TRUE,0.5,200,TRUE,0.0022375758893052,97
39.9605610844821,6.4752640355137,6.41841735407668,59.2726598281492,2.78539520362674,-8.06168365586977,102.450072689151,0,137.522263135159,0,63.366000668504,0,243.040455713648,0,"chi","un",33,264,0.5,0,0.1,0,FALSE,0,TRUE,0.5,200,TRUE,0.0022375758893052,97
39.9605610844821,6.4752640355137,6.41841735407668,59.2726598281492,2.78539520362674,24.1563995160058,102.450072689151,0,137.522263135159,0,82.5668258426985,0,234.749598538503,0,"chi","un",33,264,0.5,0,0.1,0,FALSE,0,TRUE,0.5,200,TRUE,0.0022375758893052,97
39.9605610844821,6.4752640355137,6.41841735407668,59.2726598281492,2.78539520362674,60.3397606630077,102.450072689151,0,137.522263135159,0,107.359090010219,0,270.518945320496,0,"chi","un",33,264,0.5,0,0.1,0,FALSE,0,TRUE,0.5,200,TRUE,0.0022375758893052,97
39.9605610844821,6.4752640355137,6.41841735407668,59.2726598281492,2.78539520362674,70.8391447842422,102.450072689151,0,137.522263135159,0,81.6848214627837,0,309.16733353804,0,"chi","un",33,264,0.5,0,0.1,0,FALSE,0,TRUE,0.5,200,TRUE,0.0022375758893052,97
39.9605610844821,6.4752640355137,6.41841735407668,59.2726598281492,2.78539520362674,60.9613711053782,102.450072689151,0,137.522263135159,0,60.4963845850353,0,272.888111013237,0,"chi","un",33,264,0.5,0,0.1,0,FALSE,0,TRUE,0.5,200,TRUE,0.0022375758893052,97
39.9605610844821,6.4752640355137,6.41841735407668,59.2726598281492,2.78539520362674,52.6414807927148,102.450072689151,0,137.522263135159,0,102.517236155195,0,0,0,"chi","un",33,264,0.5,0,0.1,0,FALSE,0,TRUE,0.5,200,TRUE,0.0022375758893052,97
39.9605610844821,6.4752640355137,6.41841735407668,59.2726598281492,2.78539520362674,58.3066070356738,102.450072689151,0,137.522263135159,0,151.908566846726,0,295.556230240547,0,"chi","un",33,264,0.5,0,0.1,0,FALSE,0,TRUE,0.5,200,TRUE,0.0022375758893052,97
39.9605610844821,6.4752640355137,6.41841735407668,59.2726598281492,2.78539520362674,46.5825518995532,102.450072689151,0,137.522263135159,0,57.5677044755102,0,263.582067089027,0,"chi","un",33,264,0.5,0,0.1,0,FALSE,0,TRUE,0.5,200,TRUE,0.0022375758893052,97
39.9605610844821,6.4752640355137,6.41841735407668,59.2726598281492,2.78539520362674,68.777855815714,102.450072689151,0,137.522263135159,0,86.0245013646743,0,0,0,"chi","un",33,264,0.5,0,0.1,0,FALSE,0,TRUE,0.5,200,TRUE,0.0022375758893052,97
39.9605610844821,6.4752640355137,6.41841735407668,59.2726598281492,2.78539520362674,23.6303174428363,102.450072689151,0,137.522263135159,0,58.2519961102885,0,0,0,"chi","un",33,264,0.5,0,0.1,0,FALSE,0,TRUE,0.5,200,TRUE,0.0022375758893052,97
39.9605610844821,6.4752640355137,6.41841735407668,59.2726598281492,2.78539520362674,-262.355845179332,102.450072689151,0,137.522263135159,0,59.3488647977603,0,301.911712029938,0,"chi","un",33,264,0.5,0,0.1,0,FALSE,0,TRUE,0.5,200,TRUE,0.0022375758893052,97
39.9605610844821,6.4752640355137,6.41841735407668,59.2726598281492,2.78539520362674,-0.397174620078417,102.450072689151,0,137.522263135159,0,102.227647153992,0,311.047053312436,0,"chi","un",33,264,0.5,0,0.1,0,FALSE,0,TRUE,0.5,200,TRUE,0.0022375758893052,97
39.9605610844821,6.4752640355137,6.41841735407668,59.2726598281492,2.78539520362674,39.9224075962886,102.450072689151,0,137.522263135159,0,102.904013240311,0,270.900470210817,0,"chi","un",33,264,0.5,0,0.1,0,FALSE,0,TRUE,0.5,200,TRUE,0.0022375758893052,97
39.9605610844821,6.4752640355137,6.41841735407668,59.2726598281492,2.78539520362674,-11.7024250869851,102.450072689151,0,137.522263135159,0,134.668388419316,0,0,0,"chi","un",33,264,0.5,0,0.1,0,FALSE,0,TRUE,0.5,200,TRUE,0.0022375758893052,97
39.9605610844821,6.4752640355137,6.41841735407668,59.2726598281492,2.78539520362674,-198.867380217186,102.450072689151,0,137.522263135159,0,129.676788764218,0,0,0,"chi","un",33,264,0.5,0,0.1,0,FALSE,0,TRUE,0.5,200,TRUE,0.0022375758893052,97
39.9605610844821,6.4752640355137,6.41841735407668,59.2726598281492,2.78539520362674,-116.408122778436,102.450072689151,0,137.522263135159,0,89.5542088045901,0,0,0,"chi","un",33,264,0.5,0,0.1,0,FALSE,0,TRUE,0.5,200,TRUE,0.0022375758893052,97
39.9605610844821,6.4752640355137,6.41841735407668,59.2726598281492,2.78539520362674,19.7373176768765,102.450072689151,0,137.522263135159,0,83.8986500258194,0,0,0,"chi","un",33,264,0.5,0,0.1,0,FALSE,0,TRUE,0.5,200,TRUE,0.0022375758893052,97
39.9605610844821,6.4752640355137,6.41841735407668,59.2726598281492,2.78539520362674,-59.1833818974307,102.450072689151,0,137.522263135159,0,87.7363399501148,0,0,0,"chi","un",33,264,0.5,0,0.1,0,FALSE,0,TRUE,0.5,200,TRUE,0.0022375758893052,97
39.9605610844821,6.4752640355137,6.41841735407668,59.2726598281492,2.78539520362674,17.4666016195583,102.450072689151,0,137.522263135159,0,85.2855948127145,0,0,0,"chi","un",33,264,0.5,0,0.1,0,FALSE,0,TRUE,0.5,200,TRUE,0.0022375758893052,97
39.9605610844821,6.4752640355137,6.41841735407668,59.2726598281492,2.78539520362674,56.6051222587117,102.450072689151,0,137.522263135159,0,133.977028053369,0,247.635171722794,0,"chi","un",33,264,0.5,0,0.1,0,FALSE,0,TRUE,0.5,200,TRUE,0.0022375758893052,97
39.9605610844821,6.4752640355137,6.41841735407668,59.2726598281492,2.78539520362674,-140.524025082873,102.450072689151,0,137.522263135159,0,62.6765816726135,0,268.614962465733,0,"chi","un",33,264,0.5,0,0.1,0,FALSE,0,TRUE,0.5,200,TRUE,0.0022375758893052,97
39.9605610844821,6.4752640355137,6.41841735407668,59.2726598281492,2.78539520362674,47.2854336973316,102.450072689151,0,137.522263135159,0,109.621917340951,0,251.273494564179,0,"chi","un",33,264,0.5,0,0.1,0,FALSE,0,TRUE,0.5,200,TRUE,0.0022375758893052,97
39.9605610844821,6.4752640355137,6.41841735407668,59.2726598281492,2.78539520362674,18.3881020075824,102.450072689151,0,137.522263135159,0,80.4078555310742,0,0,0,"chi","un",33,264,0.5,0,0.1,0,FALSE,0,TRUE,0.5,200,TRUE,0.0022375758893052,97
39.9605610844821,6.4752640355137,6.41841735407668,59.2726598281492,2.78539520362674,53.4341227527137,102.450072689151,0,137.522263135159,0,75.3284295027665,0,287.426169119584,0,"chi","un",33,264,0.5,0,0.1,0,FALSE,0,TRUE,0.5,200,TRUE,0.0022375758893052,97
39.9605610844821,6.4752640355137,6.41841735407668,59.2726598281492,2.78539520362674,36.7814843627025,102.450072689151,0,137.522263135159,0,135.83532065614,0,0,0,"chi","un",33,264,0.5,0,0.1,0,FALSE,0,TRUE,0.5,200,TRUE,0.0022375758893052,97
39.9605610844821,6.4752640355137,6.41841735407668,59.2726598281492,2.78539520362674,11.7217002584904,102.450072689151,0,137.522263135159,0,68.8943357051827,0,334.662673475782,0,"chi","un",33,264,0.5,0,0.1,0,FALSE,0,TRUE,0.5,200,TRUE,0.0022375758893052,97
39.9605610844821,6.4752640355137,6.41841735407668,59.2726598281492,2.78539520362674,-79.3817744922602,102.450072689151,0,137.522263135159,0,82.0789391751036,0,295.359933648356,0,"chi","un",33,264,0.5,0,0.1,0,FALSE,0,TRUE,0.5,200,TRUE,0.0022375758893052,97
39.9605610844821,6.4752640355137,6.41841735407668,59.2726598281492,2.78539520362674,-0.364829576006414,102.450072689151,0,137.522263135159,0,141.796849504823,0,0,0,"chi","un",33,264,0.5,0,0.1,0,FALSE,0,TRUE,0.5,200,TRUE,0.0022375758893052,97
39.9605610844821,6.4752640355137,6.41841735407668,59.2726598281492,2.78539520362674,34.8354723649446,102.450072689151,0,137.522263135159,0,83.8538126272927,0,0,0,"chi","un",33,264,0.5,0,0.1,0,FALSE,0,TRUE,0.5,200,TRUE,0.0022375758893052,97
39.9605610844821,6.4752640355137,6.41841735407668,59.2726598281492,2.78539520362674,8.07680805932101,102.450072689151,0,137.522263135159,0,71.7620634437664,0,267.257482161442,0,"chi","un",33,264,0.5,0,0.1,0,FALSE,0,TRUE,0.5,200,TRUE,0.0022375758893052,97
39.9605610844821,6.4752640355137,6.41841735407668,59.2726598281492,2.78539520362674,68.2642496724665,102.450072689151,0,137.522263135159,0,70.2824009467841,0,299.361969967448,0,"chi","un",33,264,0.5,0,0.1,0,FALSE,0,TRUE,0.5,200,TRUE,0.0022375758893052,97
39.9605610844821,6.4752640355137,6.41841735407668,59.2726598281492,2.78539520362674,27.5250003088241,102.450072689151,0,137.522263135159,0,47.2098200635377,0,215.442058807608,0,"chi","un",33,264,0.5,0,0.1,0,FALSE,0,TRUE,0.5,200,TRUE,0.0022375758893052,97
39.9605610844821,6.4752640355137,6.41841735407668,59.2726598281492,2.78539520362674,38.619239861029,102.450072689151,0,137.522263135159,0,53.6254719093202,0,288.639767112455,0,"chi","un",33,264,0.5,0,0.1,0,FALSE,0,TRUE,0.5,200,TRUE,0.0022375758893052,97
39.9605610844821,6.4752640355137,6.41841735407668,59.2726598281492,2.78539520362674,45.1321275342131,102.450072689151,0,137.522263135159,0,104.063071950075,0,0,0,"chi","un",33,264,0.5,0,0.1,0,FALSE,0,TRUE,0.5,200,TRUE,0.0022375758893052,97
39.9605610844821,6.4752640355137,6.41841735407668,59.2726598281492,2.78539520362674,-20.5819811662765,102.450072689151,0,137.522263135159,0,69.8251636248821,0,0,0,"chi","un",33,264,0.5,0,0.1,0,FALSE,0,TRUE,0.5,200,TRUE,0.0022375758893052,97
39.9605610844821,6.4752640355137,6.41841735407668,59.2726598281492,2.78539520362674,-34.1436847042767,102.450072689151,0,137.522263135159,0,70.8335920820445,0,0,0,"chi","un",33,264,0.5,0,0.1,0,FALSE,0,TRUE,0.5,200,TRUE,0.0022375758893052,97
39.9605610844821,6.4752640355137,6.41841735407668,59.2726598281492,2.78539520362674,-175.767951683708,102.450072689151,0,137.522263135159,0,98.1597472245022,0,291.634115398785,0,"chi","un",33,264,0.5,0,0.1,0,FALSE,0,TRUE,0.5,200,TRUE,0.0022375758893052,97
39.9605610844821,6.4752640355137,6.41841735407668,59.2726598281492,2.78539520362674,26.8836560606777,102.450072689151,0,137.522263135159,0,39.9054542420371,0,0,0,"chi","un",33,264,0.5,0,0.1,0,FALSE,0,TRUE,0.5,200,TRUE,0.0022375758893052,97
39.9605610844821,6.4752640355137,6.41841735407668,59.2726598281492,2.78539520362674,60.3686710007547,102.450072689151,0,137.522263135159,0,61.8467064957897,0,259.073073723453,0,"chi","un",33,264,0.5,0,0.1,0,FALSE,0,TRUE,0.5,200,TRUE,0.0022375758893052,97
39.9605610844821,6.4752640355137,6.41841735407668,59.2726598281492,2.78539520362674,38.1126184105433,102.450072689151,0,137.522263135159,0,65.8282368360259,0,252.090441532685,0,"chi","un",33,264,0.5,0,0.1,0,FALSE,0,TRUE,0.5,200,TRUE,0.0022375758893052,97
39.9605610844821,6.4752640355137,6.41841735407668,59.2726598281492,2.78539520362674,23.7590820067343,102.450072689151,0,137.522263135159,0,121.338925945775,0,0,0,"chi","un",33,264,0.5,0,0.1,0,FALSE,0,TRUE,0.5,200,TRUE,0.0022375758893052,97
39.9605610844821,6.4752640355137,6.41841735407668,59.2726598281492,2.78539520362674,60.1989492707038,102.450072689151,0,137.522263135159,0,83.1816786697744,0,272.843848997726,0,"chi","un",33,264,0.5,0,0.1,0,FALSE,0,TRUE,0.5,200,TRUE,0.0022375758893052,97
39.9605610844821,6.4752640355137,6.41841735407668,59.2726598281492,2.78539520362674,55.7178033519171,102.450072689151,0,137.522263135159,0,51.2149739018775,0,0,0,"chi","un",33,264,0.5,0,0.1,0,FALSE,0,TRUE,0.5,200,TRUE,0.0022375758893052,97
39.9605610844821,6.4752640355137,6.41841735407668,59.2726598281492,2.78539520362674,-60.6833256050251,102.450072689151,0,137.522263135159,0,137.887930747683,0,256.695039208146,0,"chi","un",33,264,0.5,0,0.1,0,FALSE,0,TRUE,0.5,200,TRUE,0.0022375758893052,97
39.9605610844821,6.4752640355137,6.41841735407668,59.2726598281492,2.78539520362674,36.036083588188,102.450072689151,0,137.522263135159,0,100.332851024544,0,0,0,"chi","un",33,264,0.5,0,0.1,0,FALSE,0,TRUE,0.5,200,TRUE,0.0022375758893052,97
39.9605610844821,6.4752640355137,6.41841735407668,59.2726598281492,2.78539520362674,55.839500519632,102.450072689151,0,137.522263135159,0,74.7812539947604,0,0,0,"chi","un",33,264,0.5,0,0.1,0,FALSE,0,TRUE,0.5,200,TRUE,0.0022375758893052,97
39.9605610844821,6.4752640355137,6.41841735407668,59.2726598281492,2.78539520362674,16.4074937033468,102.450072689151,0,137.522263135159,0,74.8632579547229,0,0,0,"chi","un",33,264,0.5,0,0.1,0,FALSE,0,TRUE,0.5,200,TRUE,0.0022375758893052,97
39.9605610844821,6.4752640355137,6.41841735407668,59.2726598281492,2.78539520362674,39.9675568747729,102.450072689151,0,137.522263135159,0,48.9552526058605,0,191.001748546241,0,"chi","un",33,264,0.5,0,0.1,0,FALSE,0,TRUE,0.5,200,TRUE,0.0022375758893052,97
39.9605610844821,6.4752640355137,6.41841735407668,59.2726598281492,2.78539520362674,-17.513028060928,102.450072689151,0,137.522263135159,0,61.0124737017631,0,0,0,"chi","un",33,264,0.5,0,0.1,0,FALSE,0,TRUE,0.5,200,TRUE,0.0022375758893052,97
39.9605610844821,6.4752640355137,6.41841735407668,59.2726598281492,2.78539520362674,55.2997553007548,102.450072689151,0,137.522263135159,0,53.9101811131583,0,0,0,"chi","un",33,264,0.5,0,0.1,0,FALSE,0,TRUE,0.5,200,TRUE,0.0022375758893052,97
39.9605610844821,6.4752640355137,6.41841735407668,59.2726598281492,2.78539520362674,37.7054758530407,102.450072689151,0,137.522263135159,0,76.375935804206,0,234.358516705787,0,"chi","un",33,264,0.5,0,0.1,0,FALSE,0,TRUE,0.5,200,TRUE,0.0022375758893052,97
39.9605610844821,6.4752640355137,6.41841735407668,59.2726598281492,2.78539520362674,61.6152331400479,102.450072689151,0,137.522263135159,0,130.34536639122,0,263.864355029114,0,"chi","un",33,264,0.5,0,0.1,0,FALSE,0,TRUE,0.5,200,TRUE,0.0022375758893052,97
39.9605610844821,6.4752640355137,6.41841735407668,59.2726598281492,2.78539520362674,-248.131003330139,102.450072689151,0,137.522263135159,0,122.69038517834,0,320.204831591839,0,"chi","un",33,264,0.5,0,0.1,0,FALSE,0,TRUE,0.5,200,TRUE,0.0022375758893052,97
39.9605610844821,6.4752640355137,6.41841735407668,59.2726598281492,2.78539520362674,-37.0577787235358,102.450072689151,0,137.522263135159,0,68.4825382900818,0,0,0,"chi","un",33,264,0.5,0,0.1,0,FALSE,0,TRUE,0.5,200,TRUE,0.0022375758893052,97
39.9605610844821,6.4752640355137,6.41841735407668,59.2726598281492,2.78539520362674,22.688544703895,102.450072689151,0,137.522263135159,0,131.424099823678,0,322.017486024868,0,"chi","un",33,264,0.5,0,0.1,0,FALSE,0,TRUE,0.5,200,TRUE,0.0022375758893052,97
39.9605610844821,6.4752640355137,6.41841735407668,59.2726598281492,2.78539520362674,-0.0401384642912319,102.450072689151,0,137.522263135159,0,136.344910732875,0,0,0,"chi","un",33,264,0.5,0,0.1,0,FALSE,0,TRUE,0.5,200,TRUE,0.0022375758893052,97
39.9605610844821,6.4752640355137,6.41841735407668,59.2726598281492,2.78539520362674,37.9230968045956,102.450072689151,0,137.522263135159,0,61.3208654863203,0,0,0,"chi","un",33,264,0.5,0,0.1,0,FALSE,0,TRUE,0.5,200,TRUE,0.0022375758893052,97
39.9605610844821,6.4752640355137,6.41841735407668,59.2726598281492,2.78539520362674,-47.2625457665236,102.450072689151,0,137.522263135159,0,69.2657296476103,0,0,0,"chi","un",33,264,0.5,0,0.1,0,FALSE,0,TRUE,0.5,200,TRUE,0.0022375758893052,97
39.9605610844821,6.4752640355137,6.41841735407668,59.2726598281492,2.78539520362674,61.6269460732488,102.450072689151,0,137.522263135159,0,57.6923916375621,0,0,0,"chi","un",33,264,0.5,0,0.1,0,FALSE,0,TRUE,0.5,200,TRUE,0.0022375758893052,97
39.9605610844821,6.4752640355137,6.41841735407668,59.2726598281492,2.78539520362674,50.5435097829247,102.450072689151,0,137.522263135159,0,38.5495351505426,0,228.331037162834,0,"chi","un",33,264,0.5,0,0.1,0,FALSE,0,TRUE,0.5,200,TRUE,0.0022375758893052,97
39.9605610844821,6.4752640355137,6.41841735407668,59.2726598281492,2.78539520362674,-113.975234695055,102.450072689151,0,137.522263135159,0,116.497376353055,0,315.286585688739,0,"chi","un",33,264,0.5,0,0.1,0,FALSE,0,TRUE,0.5,200,TRUE,0.0022375758893052,97
39.9605610844821,6.4752640355137,6.41841735407668,59.2726598281492,2.78539520362674,53.4245345102795,102.450072689151,0,137.522263135159,0,122.293611663954,0,0,0,"chi","un",33,264,0.5,0,0.1,0,FALSE,0,TRUE,0.5,200,TRUE,0.0022375758893052,97
39.9605610844821,6.4752640355137,6.41841735407668,59.2726598281492,2.78539520362674,-12.9378808983853,102.450072689151,0,137.522263135159,0,74.6860673052862,0,0,0,"chi","un",33,264,0.5,0,0.1,0,FALSE,0,TRUE,0.5,200,TRUE,0.0022375758893052,97
39.9605610844821,6.4752640355137,6.41841735407668,59.2726598281492,2.78539520362674,38.3622430402925,102.450072689151,0,137.522263135159,0,90.5123790454497,0,0,0,"chi","un",33,264,0.5,0,0.1,0,FALSE,0,TRUE,0.5,200,TRUE,0.0022375758893052,97
39.9605610844821,6.4752640355137,6.41841735407668,59.2726598281492,2.78539520362674,36.7158045557946,102.450072689151,0,137.522263135159,0,109.325093308206,0,273.143794794552,0,"chi","un",33,264,0.5,0,0.1,0,FALSE,0,TRUE,0.5,200,TRUE,0.0022375758893052,97
39.9605610844821,6.4752640355137,6.41841735407668,59.2726598281492,2.78539520362674,-15.4041379906905,102.450072689151,0,137.522263135159,0,158.175319220987,0,263.345829923999,0,"chi","un",33,264,0.5,0,0.1,0,FALSE,0,TRUE,0.5,200,TRUE,0.0022375758893052,97
39.9605610844821,6.4752640355137,6.41841735407668,59.2726598281492,2.78539520362674,-161.604274220588,102.450072689151,0,137.522263135159,0,95.715944600307,0,0,0,"chi","un",33,264,0.5,0,0.1,0,FALSE,0,TRUE,0.5,200,TRUE,0.0022375758893052,97
39.9605610844821,6.4752640355137,6.41841735407668,59.2726598281492,2.78539520362674,16.1028817001806,102.450072689151,0,137.522263135159,0,90.868219218226,0,217.534255086766,0,"chi","un",33,264,0.5,0,0.1,0,FALSE,0,TRUE,0.5,200,TRUE,0.0022375758893052,97
39.9605610844821,6.4752640355137,6.41841735407668,59.2726598281492,2.78539520362674,44.5779189534778,102.450072689151,0,137.522263135159,0,108.823623551068,0,270.275356171396,0,"chi","un",33,264,0.5,0,0.1,0,FALSE,0,TRUE,0.5,200,TRUE,0.0022375758893052,97
39.9605610844821,6.4752640355137,6.41841735407668,59.2726598281492,2.78539520362674,4.41169669569173,102.450072689151,0,137.522263135159,0,86.4368774480438,0,0,0,"chi","un",33,264,0.5,0,0.1,0,FALSE,0,TRUE,0.5,200,TRUE,0.0022375758893052,97
39.9605610844821,6.4752640355137,6.41841735407668,59.2726598281492,2.78539520362674,-108.540056005664,102.450072689151,0,137.522263135159,0,133.20223782578,0,261.279973121882,0,"chi","un",33,264,0.5,0,0.1,0,FALSE,0,TRUE,0.5,200,TRUE,0.0022375758893052,97
39.9605610844821,6.4752640355137,6.41841735407668,59.2726598281492,2.78539520362674,-23.0878442984802,102.450072689151,0,137.522263135159,0,58.6103070787188,0,219.238704166242,0,"chi","un",33,264,0.5,0,0.1,0,FALSE,0,TRUE,0.5,200,TRUE,0.0022375758893052,97
39.9605610844821,6.4752640355137,6.41841735407668,59.2726598281492,2.78539520362674,18.3895749400281,102.450072689151,0,137.522263135159,0,102.382026824859,0,338.037508308698,0,"chi","un",33,264,0.5,0,0.1,0,FALSE,0,TRUE,0.5,200,TRUE,0.0022375758893052,97
39.9605610844821,6.4752640355137,6.41841735407668,59.2726598281492,2.78539520362674,37.2308166271165,102.450072689151,0,137.522263135159,0,86.2577122639184,0,321.572028351753,0,"chi","un",33,264,0.5,0,0.1,0,FALSE,0,TRUE,0.5,200,TRUE,0.0022375758893052,97
39.9605610844821,6.4752640355137,6.41841735407668,59.2726598281492,2.78539520362674,64.6949967515227,102.450072689151,0,137.522263135159,0,153.523561667087,0,0,0,"chi","un",33,264,0.5,0,0.1,0,FALSE,0,TRUE,0.5,200,TRUE,0.0022375758893052,97
39.9605610844821,6.4752640355137,6.41841735407668,59.2726598281492,2.78539520362674,37.7740599040108,102.450072689151,0,137.522263135159,0,73.0289024019214,0,0,0,"chi","un",33,264,0.5,0,0.1,0,FALSE,0,TRUE,0.5,200,TRUE,0.0022375758893052,97
39.9605610844821,6.4752640355137,6.41841735407668,59.2726598281492,2.78539520362674,54.2300911465785,102.450072689151,0,137.522263135159,0,38.7070094576966,0,0,0,"chi","un",33,264,0.5,0,0.1,0,FALSE,0,TRUE,0.5,200,TRUE,0.0022375758893052,97
39.9605610844821,6.4752640355137,6.41841735407668,59.2726598281492,2.78539520362674,56.5301424346111,102.450072689151,0,137.522263135159,0,101.053353097922,0,254.985642823331,0,"chi","un",33,264,0.5,0,0.1,0,FALSE,0,TRUE,0.5,200,TRUE,0.0022375758893052,97
39.9605610844821,6.4752640355137,6.41841735407668,59.2726598281492,2.78539520362674,67.6375694646099,102.450072689151,0,137.522263135159,0,62.1082774421458,0,0,0,"chi","un",33,264,0.5,0,0.1,0,FALSE,0,TRUE,0.5,200,TRUE,0.0022375758893052,97
39.9605610844821,6.4752640355137,6.41841735407668,59.2726598281492,2.78539520362674,42.2502384115921,102.450072689151,0,137.522263135159,0,85.261769689497,0,0,0,"chi","un",33,264,0.5,0,0.1,0,FALSE,0,TRUE,0.5,200,TRUE,0.0022375758893052,97
39.9605610844821,6.4752640355137,6.41841735407668,59.2726598281492,2.78539520362674,-99.2728817262482,102.450072689151,0,137.522263135159,0,102.182720476348,0,0,0,"chi","un",33,264,0.5,0,0.1,0,FALSE,0,TRUE,0.5,200,TRUE,0.0022375758893052,97
39.9605610844821,6.4752640355137,6.41841735407668,59.2726598281492,2.78539520362674,56.515853057222,102.450072689151,0,137.522263135159,0,75.944627351513,0,252.765356416244,0,"chi","un",33,264,0.5,0,0.1,0,FALSE,0,TRUE,0.5,200,TRUE,0.0022375758893052,97
39.9605610844821,6.4752640355137,6.41841735407668,59.2726598281492,2.78539520362674,-20.0761125893075,102.450072689151,0,137.522263135159,0,94.6220814457075,0,0,0,"chi","un",33,264,0.5,0,0.1,0,FALSE,0,TRUE,0.5,200,TRUE,0.0022375758893052,97
39.9605610844821,6.4752640355137,6.41841735407668,59.2726598281492,2.78539520362674,-0.757018654330849,102.450072689151,0,137.522263135159,0,61.3820718092893,0,0,0,"chi","un",33,264,0.5,0,0.1,0,FALSE,0,TRUE,0.5,200,TRUE,0.0022375758893052,97
39.9605610844821,6.4752640355137,6.41841735407668,59.2726598281492,2.78539520362674,-30.8703578139098,102.450072689151,0,137.522263135159,0,103.198455072118,0,0,0,"chi","un",33,264,0.5,0,0.1,0,FALSE,0,TRUE,0.5,200,TRUE,0.0022375758893052,97
39.9605610844821,6.4752640355137,6.41841735407668,59.2726598281492,2.78539520362674,-31.3003328135209,102.450072689151,0,137.522263135159,0,58.845667580372,0,0,0,"chi","un",33,264,0.5,0,0.1,0,FALSE,0,TRUE,0.5,200,TRUE,0.0022375758893052,97
39.9605610844821,6.4752640355137,6.41841735407668,59.2726598281492,2.78539520362674,9.02095979890044,102.450072689151,0,137.522263135159,0,77.792607950945,0,241.242628903566,0,"chi","un",33,264,0.5,0,0.1,0,FALSE,0,TRUE,0.5,200,TRUE,0.0022375758893052,97
39.9605610844821,6.4752640355137,6.41841735407668,59.2726598281492,2.78539520362674,46.1240096856644,102.450072689151,0,137.522263135159,0,29.8426641658234,0,0,0,"chi","un",33,264,0.5,0,0.1,0,FALSE,0,TRUE,0.5,200,TRUE,0.0022375758893052,97
39.9605610844821,6.4752640355137,6.41841735407668,59.2726598281492,2.78539520362674,-15.9405193382025,102.450072689151,0,137.522263135159,0,95.8222737663553,0,0,0,"chi","un",33,264,0.5,0,0.1,0,FALSE,0,TRUE,0.5,200,TRUE,0.0022375758893052,97
39.9605610844821,6.4752640355137,6.41841735407668,59.2726598281492,2.78539520362674,53.4795779988475,102.450072689151,0,137.522263135159,0,88.6841658429333,0,0,0,"chi","un",33,264,0.5,0,0.1,0,FALSE,0,TRUE,0.5,200,TRUE,0.0022375758893052,97
39.9605610844821,6.4752640355137,6.41841735407668,59.2726598281492,2.78539520362674,-94.5279116187712,102.450072689151,0,137.522263135159,0,85.762620401797,0,0,0,"chi","un",33,264,0.5,0,0.1,0,FALSE,0,TRUE,0.5,200,TRUE,0.0022375758893052,97
39.9605610844821,6.4752640355137,6.41841735407668,59.2726598281492,2.78539520362674,-75.1838853757562,102.450072689151,0,137.522263135159,0,131.392692191042,0,347.181089406136,0,"chi","un",33,264,0.5,0,0.1,0,FALSE,0,TRUE,0.5,200,TRUE,0.0022375758893052,97
39.9605610844821,6.4752640355137,6.41841735407668,59.2726598281492,2.78539520362674,37.8710285282553,102.450072689151,0,137.522263135159,0,44.5326867376775,0,256.403260357923,0,"chi","un",33,264,0.5,0,0.1,0,FALSE,0,TRUE,0.5,200,TRUE,0.0022375758893052,97
39.9605610844821,6.4752640355137,6.41841735407668,59.2726598281492,2.78539520362674,46.9653497557749,102.450072689151,0,137.522263135159,0,66.2590781093773,0,253.212091034358,0,"chi","un",33,264,0.5,0,0.1,0,FALSE,0,TRUE,0.5,200,TRUE,0.0022375758893052,97
39.9605610844821,6.4752640355137,6.41841735407668,59.2726598281492,2.78539520362674,29.1186000183277,102.450072689151,0,137.522263135159,0,68.727758361165,0,0,0,"chi","un",33,264,0.5,0,0.1,0,FALSE,0,TRUE,0.5,200,TRUE,0.0022375758893052,97
39.9605610844821,6.4752640355137,6.41841735407668,59.2726598281492,2.78539520362674,30.247924312579,102.450072689151,0,137.522263135159,0,59.1442380919272,0,250.562453087637,0,"chi","un",33,264,0.5,0,0.1,0,FALSE,0,TRUE,0.5,200,TRUE,0.0022375758893052,97
39.9605610844821,6.4752640355137,6.41841735407668,59.2726598281492,2.78539520362674,57.0236425543788,102.450072689151,0,137.522263135159,0,76.1659206329351,0,251.178267942282,0,"chi","un",33,264,0.5,0,0.1,0,FALSE,0,TRUE,0.5,200,TRUE,0.0022375758893052,97
39.9605610844821,6.4752640355137,6.41841735407668,59.2726598281492,2.78539520362674,55.6679283112831,102.450072689151,0,137.522263135159,0,63.8083060617315,0,0,0,"chi","un",33,264,0.5,0,0.1,0,FALSE,0,TRUE,0.5,200,TRUE,0.0022375758893052,97
39.9605610844821,6.4752640355137,6.41841735407668,59.2726598281492,2.78539520362674,47.0840376805568,102.450072689151,0,137.522263135159,0,70.8093374120542,0,242.318541485995,0,"chi","un",33,264,0.5,0,0.1,0,FALSE,0,TRUE,0.5,200,TRUE,0.0022375758893052,97
39.9605610844821,6.4752640355137,6.41841735407668,59.2726598281492,2.78539520362674,56.8803791024537,102.450072689151,0,137.522263135159,0,49.0764816999095,0,247.254050683716,0,"chi","un",33,264,0.5,0,0.1,0,FALSE,0,TRUE,0.5,200,TRUE,0.0022375758893052,97
39.9605610844821,6.4752640355137,6.41841735407668,59.2726598281492,2.78539520362674,-44.8413319237073,102.450072689151,0,137.522263135159,0,74.3219357337072,0,270.262760424862,0,"chi","un",33,264,0.5,0,0.1,0,FALSE,0,TRUE,0.5,200,TRUE,0.0022375758893052,97
39.9605610844821,6.4752640355137,6.41841735407668,59.2726598281492,2.78539520362674,65.0443838435213,102.450072689151,0,137.522263135159,0,51.6658630407122,0,0,0,"chi","un",33,264,0.5,0,0.1,0,FALSE,0,TRUE,0.5,200,TRUE,0.0022375758893052,97
39.9605610844821,6.4752640355137,6.41841735407668,59.2726598281492,2.78539520362674,40.9651908439942,102.450072689151,0,137.522263135159,0,56.5542856847984,0,0,0,"chi","un",33,264,0.5,0,0.1,0,FALSE,0,TRUE,0.5,200,TRUE,0.0022375758893052,97
39.9605610844821,6.4752640355137,6.41841735407668,59.2726598281492,2.78539520362674,52.2088106291879,102.450072689151,0,137.522263135159,0,60.5635429175814,0,0,0,"chi","un",33,264,0.5,0,0.1,0,FALSE,0,TRUE,0.5,200,TRUE,0.0022375758893052,97
39.9605610844821,6.4752640355137,6.41841735407668,59.2726598281492,2.78539520362674,56.752750084253,102.450072689151,0,137.522263135159,0,82.5873394095456,0,250.47764624702,0,"chi","un",33,264,0.5,0,0.1,0,FALSE,0,TRUE,0.5,200,TRUE,0.0022375758893052,97
39.9605610844821,6.4752640355137,6.41841735407668,59.2726598281492,2.78539520362674,-221.16341068442,102.450072689151,0,137.522263135159,0,65.1522276199417,0,257.230233367124,0,"chi","un",33,264,0.5,0,0.1,0,FALSE,0,TRUE,0.5,200,TRUE,0.0022375758893052,97
39.9605610844821,6.4752640355137,6.41841735407668,59.2726598281492,2.78539520362674,-45.036299796468,102.450072689151,0,137.522263135159,0,74.0768807996408,0,0,0,"chi","un",33,264,0.5,0,0.1,0,FALSE,0,TRUE,0.5,200,TRUE,0.0022375758893052,97
39.9605610844821,6.4752640355137,6.41841735407668,59.2726598281492,2.78539520362674,48.2224072885617,102.450072689151,0,137.522263135159,0,74.6940376690262,0,0,0,"chi","un",33,264,0.5,0,0.1,0,FALSE,0,TRUE,0.5,200,TRUE,0.0022375758893052,97
39.9605610844821,6.4752640355137,6.41841735407668,59.2726598281492,2.78539520362674,-146.345438112238,102.450072689151,0,137.522263135159,0,114.246975842065,0,0,0,"chi","un",33,264,0.5,0,0.1,0,FALSE,0,TRUE,0.5,200,TRUE,0.0022375758893052,97
39.9605610844821,6.4752640355137,6.41841735407668,59.2726598281492,2.78539520362674,31.8374455527568,102.450072689151,0,137.522263135159,0,61.927290899018,0,0,0,"chi","un",33,264,0.5,0,0.1,0,FALSE,0,TRUE,0.5,200,TRUE,0.0022375758893052,97
39.9605610844821,6.4752640355137,6.41841735407668,59.2726598281492,2.78539520362674,53.9075811542752,102.450072689151,0,137.522263135159,0,64.6962886331685,0,253.89131379934,0,"chi","un",33,264,0.5,0,0.1,0,FALSE,0,TRUE,0.5,200,TRUE,0.0022375758893052,97
39.9605610844821,6.4752640355137,6.41841735407668,59.2726598281492,2.78539520362674,59.698241845379,102.450072689151,0,137.522263135159,0,94.5066537503462,0,262.527400642755,0,"chi","un",33,264,0.5,0,0.1,0,FALSE,0,TRUE,0.5,200,TRUE,0.0022375758893052,97
39.9605610844821,6.4752640355137,6.41841735407668,59.2726598281492,2.78539520362674,-59.0045026351773,102.450072689151,0,137.522263135159,0,143.515198919267,0,246.235645790464,0,"chi","un",33,264,0.5,0,0.1,0,FALSE,0,TRUE,0.5,200,TRUE,0.0022375758893052,97
39.9605610844821,6.4752640355137,6.41841735407668,59.2726598281492,2.78539520362674,-51.12569028949,102.450072689151,0,137.522263135159,0,100.824763610939,0,0,0,"chi","un",33,264,0.5,0,0.1,0,FALSE,0,TRUE,0.5,200,TRUE,0.0022375758893052,97
39.9605610844821,6.4752640355137,6.41841735407668,59.2726598281492,2.78539520362674,59.7829700673236,102.450072689151,0,137.522263135159,0,91.0472613154628,0,0,0,"chi","un",33,264,0.5,0,0.1,0,FALSE,0,TRUE,0.5,200,TRUE,0.0022375758893052,97
39.9605610844821,6.4752640355137,6.41841735407668,59.2726598281492,2.78539520362674,-189.87236458517,102.450072689151,0,137.522263135159,0,145.412114602488,0,271.354149916703,0,"chi","un",33,264,0.5,0,0.1,0,FALSE,0,TRUE,0.5,200,TRUE,0.0022375758893052,97
39.9605610844821,6.4752640355137,6.41841735407668,59.2726598281492,2.78539520362674,10.5489625263159,102.450072689151,0,137.522263135159,0,82.1559850967739,0,0,0,"chi","un",33,264,0.5,0,0.1,0,FALSE,0,TRUE,0.5,200,TRUE,0.0022375758893052,97
39.9605610844821,6.4752640355137,6.41841735407668,59.2726598281492,2.78539520362674,52.0128346513927,102.450072689151,0,137.522263135159,0,43.1647421067266,0,0,0,"chi","un",33,264,0.5,0,0.1,0,FALSE,0,TRUE,0.5,200,TRUE,0.0022375758893052,97
39.9605610844821,6.4752640355137,6.41841735407668,59.2726598281492,2.78539520362674,65.2843358663091,102.450072689151,0,137.522263135159,0,104.215855162309,0,0,0,"chi","un",33,264,0.5,0,0.1,0,FALSE,0,TRUE,0.5,200,TRUE,0.0022375758893052,97
39.9605610844821,6.4752640355137,6.41841735407668,59.2726598281492,2.78539520362674,-154.550939776891,102.450072689151,0,137.522263135159,0,148.70962080834,0,0,0,"chi","un",33,264,0.5,0,0.1,0,FALSE,0,TRUE,0.5,200,TRUE,0.0022375758893052,97
39.9605610844821,6.4752640355137,6.41841735407668,59.2726598281492,2.78539520362674,37.932657808548,102.450072689151,0,137.522263135159,0,42.8455567672661,0,0,0,"chi","un",33,264,0.5,0,0.1,0,FALSE,0,TRUE,0.5,200,TRUE,0.0022375758893052,97
