"var_main_effect","var_inter_effect","cov_main_inter_effect","var_total_effect","EigenPrism_main","EigenPrism_CI1","EigenPrism_CI2","sub_EigenPrism_main","sub_EigenPrism_CI1","sub_EigenPrism_CI2","GCTA_main","GCTA_inter","sub_GCTA_main","sub_GCTA_inter","x_dist","structure","p","n","main_fixed_var","main_random_var","inter_fixed_var","inter_random_var","decor","interact","combine","pro","bs","n_sub","rho_e","emp_n","inter_std","i"
10,0,0,0,23.0673023874416,-5.12872343756909,51.2633282124523,11.5291455277334,-20.5611684823278,43.6194595377946,19.4193710668492,0,2.27763292464381,0,"chi","I",1000,100,0.5,0,0,0,FALSE,0,FALSE,0.5,"leave-d",200,0.2,1e+05,TRUE,520
10,0,0,0,23.0673023874416,-5.12872343756909,51.2633282124523,38.6318576184988,-5.78373835959979,83.0474535965974,19.4193710668492,0,48.2719960067971,0,"chi","I",1000,100,0.5,0,0,0,FALSE,0,FALSE,0.5,"leave-d",200,0.2,1e+05,TRUE,520
10,0,0,0,23.0673023874416,-5.12872343756909,51.2633282124523,38.6659915792636,-5.84757078990414,83.1795539484313,19.4193710668492,0,38.5457846169298,0,"chi","I",1000,100,0.5,0,0,0,FALSE,0,FALSE,0.5,"leave-d",200,0.2,1e+05,TRUE,520
10,0,0,0,23.0673023874416,-5.12872343756909,51.2633282124523,16.6514418471437,-29.5874429306718,62.8903266249592,19.4193710668492,0,5.82206248784192,0,"chi","I",1000,100,0.5,0,0,0,FALSE,0,FALSE,0.5,"leave-d",200,0.2,1e+05,TRUE,520
10,0,0,0,23.0673023874416,-5.12872343756909,51.2633282124523,86.0376977821292,32.4986152641932,139.576780300065,19.4193710668492,0,53.3757870893032,0,"chi","I",1000,100,0.5,0,0,0,FALSE,0,FALSE,0.5,"leave-d",200,0.2,1e+05,TRUE,520
10,0,0,0,23.0673023874416,-5.12872343756909,51.2633282124523,48.6503558554052,-0.0630076789568719,97.3637193897673,19.4193710668492,0,29.7146682292655,0,"chi","I",1000,100,0.5,0,0,0,FALSE,0,FALSE,0.5,"leave-d",200,0.2,1e+05,TRUE,520
10,0,0,0,23.0673023874416,-5.12872343756909,51.2633282124523,66.2009402305214,20.1922016993166,112.209678761726,19.4193710668492,0,46.5582875900489,0,"chi","I",1000,100,0.5,0,0,0,FALSE,0,FALSE,0.5,"leave-d",200,0.2,1e+05,TRUE,520
10,0,0,0,23.0673023874416,-5.12872343756909,51.2633282124523,60.2263023233273,20.3999809291281,100.052623717527,19.4193710668492,0,40.3655655768242,0,"chi","I",1000,100,0.5,0,0,0,FALSE,0,FALSE,0.5,"leave-d",200,0.2,1e+05,TRUE,520
10,0,0,0,23.0673023874416,-5.12872343756909,51.2633282124523,-35.8158892825488,-90.5252095347578,18.8934309696602,19.4193710668492,0,0,0,"chi","I",1000,100,0.5,0,0,0,FALSE,0,FALSE,0.5,"leave-d",200,0.2,1e+05,TRUE,520
10,0,0,0,23.0673023874416,-5.12872343756909,51.2633282124523,38.9906157505166,-14.7620769722273,92.7433084732605,19.4193710668492,0,56.2924586928485,0,"chi","I",1000,100,0.5,0,0,0,FALSE,0,FALSE,0.5,"leave-d",200,0.2,1e+05,TRUE,520
10,0,0,0,23.0673023874416,-5.12872343756909,51.2633282124523,37.6029162502481,-14.7625806752654,89.9684131757616,19.4193710668492,0,25.2616266776484,0,"chi","I",1000,100,0.5,0,0,0,FALSE,0,FALSE,0.5,"leave-d",200,0.2,1e+05,TRUE,520
10,0,0,0,23.0673023874416,-5.12872343756909,51.2633282124523,6.52791941970182,-39.0420332372588,52.0978720766625,19.4193710668492,0,0,0,"chi","I",1000,100,0.5,0,0,0,FALSE,0,FALSE,0.5,"leave-d",200,0.2,1e+05,TRUE,520
10,0,0,0,23.0673023874416,-5.12872343756909,51.2633282124523,24.6834875930181,-20.7120242026912,70.0789993887274,19.4193710668492,0,20.5982003508316,0,"chi","I",1000,100,0.5,0,0,0,FALSE,0,FALSE,0.5,"leave-d",200,0.2,1e+05,TRUE,520
10,0,0,0,23.0673023874416,-5.12872343756909,51.2633282124523,68.2530959264697,21.6789597601591,114.82723209278,19.4193710668492,0,48.6882585222738,0,"chi","I",1000,100,0.5,0,0,0,FALSE,0,FALSE,0.5,"leave-d",200,0.2,1e+05,TRUE,520
10,0,0,0,23.0673023874416,-5.12872343756909,51.2633282124523,34.9132387619446,-12.2206957204155,82.0471732443047,19.4193710668492,0,34.4189547159081,0,"chi","I",1000,100,0.5,0,0,0,FALSE,0,FALSE,0.5,"leave-d",200,0.2,1e+05,TRUE,520
10,0,0,0,23.0673023874416,-5.12872343756909,51.2633282124523,55.5620486202648,11.7713976801404,99.3526995603891,19.4193710668492,0,44.9887393698259,0,"chi","I",1000,100,0.5,0,0,0,FALSE,0,FALSE,0.5,"leave-d",200,0.2,1e+05,TRUE,520
10,0,0,0,23.0673023874416,-5.12872343756909,51.2633282124523,24.749155502813,-22.0235971754897,71.5219081811156,19.4193710668492,0,30.4150491656567,0,"chi","I",1000,100,0.5,0,0,0,FALSE,0,FALSE,0.5,"leave-d",200,0.2,1e+05,TRUE,520
10,0,0,0,23.0673023874416,-5.12872343756909,51.2633282124523,16.9620181574954,-43.6759511404348,77.5999874554257,19.4193710668492,0,0,0,"chi","I",1000,100,0.5,0,0,0,FALSE,0,FALSE,0.5,"leave-d",200,0.2,1e+05,TRUE,520
10,0,0,0,23.0673023874416,-5.12872343756909,51.2633282124523,33.993881729058,-8.77007696535237,76.7578404234684,19.4193710668492,0,45.1016346687892,0,"chi","I",1000,100,0.5,0,0,0,FALSE,0,FALSE,0.5,"leave-d",200,0.2,1e+05,TRUE,520
10,0,0,0,23.0673023874416,-5.12872343756909,51.2633282124523,-5.31145820127848,-56.5239955157409,45.9010791131839,19.4193710668492,0,0,0,"chi","I",1000,100,0.5,0,0,0,FALSE,0,FALSE,0.5,"leave-d",200,0.2,1e+05,TRUE,520
10,0,0,0,23.0673023874416,-5.12872343756909,51.2633282124523,26.029688264617,-23.3423985860349,75.401775115269,19.4193710668492,0,16.3358407597358,0,"chi","I",1000,100,0.5,0,0,0,FALSE,0,FALSE,0.5,"leave-d",200,0.2,1e+05,TRUE,520
10,0,0,0,23.0673023874416,-5.12872343756909,51.2633282124523,76.1531373716465,33.9630865153275,118.343188227965,19.4193710668492,0,42.4379868871783,0,"chi","I",1000,100,0.5,0,0,0,FALSE,0,FALSE,0.5,"leave-d",200,0.2,1e+05,TRUE,520
10,0,0,0,23.0673023874416,-5.12872343756909,51.2633282124523,47.4625275009302,-14.8730265703547,109.798081572215,19.4193710668492,0,37.7522157997085,0,"chi","I",1000,100,0.5,0,0,0,FALSE,0,FALSE,0.5,"leave-d",200,0.2,1e+05,TRUE,520
10,0,0,0,23.0673023874416,-5.12872343756909,51.2633282124523,31.7796571547323,-16.2621731470631,79.8214874565277,19.4193710668492,0,34.3826663981469,0,"chi","I",1000,100,0.5,0,0,0,FALSE,0,FALSE,0.5,"leave-d",200,0.2,1e+05,TRUE,520
10,0,0,0,23.0673023874416,-5.12872343756909,51.2633282124523,70.778850942178,33.3585058149636,108.199196069392,19.4193710668492,0,37.2529660448795,0,"chi","I",1000,100,0.5,0,0,0,FALSE,0,FALSE,0.5,"leave-d",200,0.2,1e+05,TRUE,520
10,0,0,0,23.0673023874416,-5.12872343756909,51.2633282124523,-52.5083398409764,-102.134049287089,-2.88263039486396,19.4193710668492,0,0,0,"chi","I",1000,100,0.5,0,0,0,FALSE,0,FALSE,0.5,"leave-d",200,0.2,1e+05,TRUE,520
10,0,0,0,23.0673023874416,-5.12872343756909,51.2633282124523,60.3462154850453,10.0510095537663,110.641421416324,19.4193710668492,0,51.619589928483,0,"chi","I",1000,100,0.5,0,0,0,FALSE,0,FALSE,0.5,"leave-d",200,0.2,1e+05,TRUE,520
10,0,0,0,23.0673023874416,-5.12872343756909,51.2633282124523,49.5111551979743,-0.503251871556508,99.5255622675052,19.4193710668492,0,54.3831271545896,0,"chi","I",1000,100,0.5,0,0,0,FALSE,0,FALSE,0.5,"leave-d",200,0.2,1e+05,TRUE,520
10,0,0,0,23.0673023874416,-5.12872343756909,51.2633282124523,72.4585935846332,25.9938606839975,118.923326485269,19.4193710668492,0,48.0345812692629,0,"chi","I",1000,100,0.5,0,0,0,FALSE,0,FALSE,0.5,"leave-d",200,0.2,1e+05,TRUE,520
10,0,0,0,23.0673023874416,-5.12872343756909,51.2633282124523,5.54347193514108,-37.9207469489373,49.0076908192195,19.4193710668492,0,0,0,"chi","I",1000,100,0.5,0,0,0,FALSE,0,FALSE,0.5,"leave-d",200,0.2,1e+05,TRUE,520
10,0,0,0,23.0673023874416,-5.12872343756909,51.2633282124523,42.5129800331207,-7.63395590299236,92.6599159692338,19.4193710668492,0,30.8070101396714,0,"chi","I",1000,100,0.5,0,0,0,FALSE,0,FALSE,0.5,"leave-d",200,0.2,1e+05,TRUE,520
10,0,0,0,23.0673023874416,-5.12872343756909,51.2633282124523,17.4851643806211,-30.7958435964749,65.7661723577172,19.4193710668492,0,4.98413081020817,0,"chi","I",1000,100,0.5,0,0,0,FALSE,0,FALSE,0.5,"leave-d",200,0.2,1e+05,TRUE,520
10,0,0,0,23.0673023874416,-5.12872343756909,51.2633282124523,15.9844134957235,-29.8817750936273,61.8506020850744,19.4193710668492,0,1.97866478193876,0,"chi","I",1000,100,0.5,0,0,0,FALSE,0,FALSE,0.5,"leave-d",200,0.2,1e+05,TRUE,520
10,0,0,0,23.0673023874416,-5.12872343756909,51.2633282124523,-6.82142945367845,-54.5348400346853,40.8919811273284,19.4193710668492,0,0,0,"chi","I",1000,100,0.5,0,0,0,FALSE,0,FALSE,0.5,"leave-d",200,0.2,1e+05,TRUE,520
10,0,0,0,23.0673023874416,-5.12872343756909,51.2633282124523,9.11124571243747,-57.1663204859924,75.3888119108673,19.4193710668492,0,0,0,"chi","I",1000,100,0.5,0,0,0,FALSE,0,FALSE,0.5,"leave-d",200,0.2,1e+05,TRUE,520
10,0,0,0,23.0673023874416,-5.12872343756909,51.2633282124523,43.1401141089168,-17.81691920494,104.097147422774,19.4193710668492,0,37.6816097353272,0,"chi","I",1000,100,0.5,0,0,0,FALSE,0,FALSE,0.5,"leave-d",200,0.2,1e+05,TRUE,520
10,0,0,0,23.0673023874416,-5.12872343756909,51.2633282124523,86.141900415306,35.423643226431,136.860157604181,19.4193710668492,0,51.7132279327747,0,"chi","I",1000,100,0.5,0,0,0,FALSE,0,FALSE,0.5,"leave-d",200,0.2,1e+05,TRUE,520
10,0,0,0,23.0673023874416,-5.12872343756909,51.2633282124523,34.5851456594092,-7.97389715269109,77.1441884715096,19.4193710668492,0,41.921686851223,0,"chi","I",1000,100,0.5,0,0,0,FALSE,0,FALSE,0.5,"leave-d",200,0.2,1e+05,TRUE,520
10,0,0,0,23.0673023874416,-5.12872343756909,51.2633282124523,58.908905275984,21.2283692939669,96.5894412580011,19.4193710668492,0,37.7236846943876,0,"chi","I",1000,100,0.5,0,0,0,FALSE,0,FALSE,0.5,"leave-d",200,0.2,1e+05,TRUE,520
10,0,0,0,23.0673023874416,-5.12872343756909,51.2633282124523,1.49283930921643,-46.7046596173378,49.6903382357707,19.4193710668492,0,0,0,"chi","I",1000,100,0.5,0,0,0,FALSE,0,FALSE,0.5,"leave-d",200,0.2,1e+05,TRUE,520
10,0,0,0,23.0673023874416,-5.12872343756909,51.2633282124523,24.8307420627913,-30.4657666070729,80.1272507326555,19.4193710668492,0,15.8340075280511,0,"chi","I",1000,100,0.5,0,0,0,FALSE,0,FALSE,0.5,"leave-d",200,0.2,1e+05,TRUE,520
10,0,0,0,23.0673023874416,-5.12872343756909,51.2633282124523,40.361132680198,-14.8459286668321,95.568194027228,19.4193710668492,0,38.7677691571156,0,"chi","I",1000,100,0.5,0,0,0,FALSE,0,FALSE,0.5,"leave-d",200,0.2,1e+05,TRUE,520
10,0,0,0,23.0673023874416,-5.12872343756909,51.2633282124523,37.1515720747622,-4.69675796594593,78.9999021154703,19.4193710668492,0,43.9097079723945,0,"chi","I",1000,100,0.5,0,0,0,FALSE,0,FALSE,0.5,"leave-d",200,0.2,1e+05,TRUE,520
10,0,0,0,23.0673023874416,-5.12872343756909,51.2633282124523,27.6411361719367,-18.5966753388875,73.8789476827609,19.4193710668492,0,22.5507590931832,0,"chi","I",1000,100,0.5,0,0,0,FALSE,0,FALSE,0.5,"leave-d",200,0.2,1e+05,TRUE,520
10,0,0,0,23.0673023874416,-5.12872343756909,51.2633282124523,10.1125175478757,-43.4445689727565,63.6696040685078,19.4193710668492,0,0,0,"chi","I",1000,100,0.5,0,0,0,FALSE,0,FALSE,0.5,"leave-d",200,0.2,1e+05,TRUE,520
10,0,0,0,23.0673023874416,-5.12872343756909,51.2633282124523,56.9229414339989,10.5699136783123,103.275969189685,19.4193710668492,0,47.441662871822,0,"chi","I",1000,100,0.5,0,0,0,FALSE,0,FALSE,0.5,"leave-d",200,0.2,1e+05,TRUE,520
10,0,0,0,23.0673023874416,-5.12872343756909,51.2633282124523,27.3191474577197,-17.2082007715955,71.8464956870349,19.4193710668492,0,27.5860681397847,0,"chi","I",1000,100,0.5,0,0,0,FALSE,0,FALSE,0.5,"leave-d",200,0.2,1e+05,TRUE,520
10,0,0,0,23.0673023874416,-5.12872343756909,51.2633282124523,51.1746372512168,3.10400517085098,99.2452693315825,19.4193710668492,0,48.5265697383726,0,"chi","I",1000,100,0.5,0,0,0,FALSE,0,FALSE,0.5,"leave-d",200,0.2,1e+05,TRUE,520
10,0,0,0,23.0673023874416,-5.12872343756909,51.2633282124523,74.4767768158819,35.8366139340632,113.116939697701,19.4193710668492,0,38.8539296759885,0,"chi","I",1000,100,0.5,0,0,0,FALSE,0,FALSE,0.5,"leave-d",200,0.2,1e+05,TRUE,520
10,0,0,0,23.0673023874416,-5.12872343756909,51.2633282124523,104.777090045447,53.9829068329267,155.571273257968,19.4193710668492,0,48.8751193645993,0,"chi","I",1000,100,0.5,0,0,0,FALSE,0,FALSE,0.5,"leave-d",200,0.2,1e+05,TRUE,520
10,0,0,0,23.0673023874416,-5.12872343756909,51.2633282124523,40.689122129038,-9.60880819086238,90.9870524489383,19.4193710668492,0,53.1086110494726,0,"chi","I",1000,100,0.5,0,0,0,FALSE,0,FALSE,0.5,"leave-d",200,0.2,1e+05,TRUE,520
10,0,0,0,23.0673023874416,-5.12872343756909,51.2633282124523,46.9659499599142,-2.1715222402857,96.1034221601141,19.4193710668492,0,52.035304610264,0,"chi","I",1000,100,0.5,0,0,0,FALSE,0,FALSE,0.5,"leave-d",200,0.2,1e+05,TRUE,520
10,0,0,0,23.0673023874416,-5.12872343756909,51.2633282124523,16.0517637770889,-34.9706871858656,67.0742147400434,19.4193710668492,0,2.21567666376641,0,"chi","I",1000,100,0.5,0,0,0,FALSE,0,FALSE,0.5,"leave-d",200,0.2,1e+05,TRUE,520
10,0,0,0,23.0673023874416,-5.12872343756909,51.2633282124523,26.1035542343045,-13.3877250636797,65.5948335322888,19.4193710668492,0,35.239232645933,0,"chi","I",1000,100,0.5,0,0,0,FALSE,0,FALSE,0.5,"leave-d",200,0.2,1e+05,TRUE,520
10,0,0,0,23.0673023874416,-5.12872343756909,51.2633282124523,19.4118616777103,-24.441367487146,63.2650908425665,19.4193710668492,0,8.89948593361325,0,"chi","I",1000,100,0.5,0,0,0,FALSE,0,FALSE,0.5,"leave-d",200,0.2,1e+05,TRUE,520
10,0,0,0,23.0673023874416,-5.12872343756909,51.2633282124523,1.38573484805673,-55.903552502929,58.6750221990425,19.4193710668492,0,0,0,"chi","I",1000,100,0.5,0,0,0,FALSE,0,FALSE,0.5,"leave-d",200,0.2,1e+05,TRUE,520
10,0,0,0,23.0673023874416,-5.12872343756909,51.2633282124523,50.5300263061491,1.71190170133108,99.3481509109672,19.4193710668492,0,51.441577823818,0,"chi","I",1000,100,0.5,0,0,0,FALSE,0,FALSE,0.5,"leave-d",200,0.2,1e+05,TRUE,520
10,0,0,0,23.0673023874416,-5.12872343756909,51.2633282124523,15.3694737858946,-41.8386444800446,72.5775920518338,19.4193710668492,0,0,0,"chi","I",1000,100,0.5,0,0,0,FALSE,0,FALSE,0.5,"leave-d",200,0.2,1e+05,TRUE,520
10,0,0,0,23.0673023874416,-5.12872343756909,51.2633282124523,45.2611694102696,-1.05108910725004,91.5734279277893,19.4193710668492,0,48.2263144040241,0,"chi","I",1000,100,0.5,0,0,0,FALSE,0,FALSE,0.5,"leave-d",200,0.2,1e+05,TRUE,520
10,0,0,0,23.0673023874416,-5.12872343756909,51.2633282124523,-0.289390589126753,-49.3043515611043,48.7255703828508,19.4193710668492,0,0,0,"chi","I",1000,100,0.5,0,0,0,FALSE,0,FALSE,0.5,"leave-d",200,0.2,1e+05,TRUE,520
10,0,0,0,23.0673023874416,-5.12872343756909,51.2633282124523,52.6423757405052,-7.89340599510364,113.178157476114,19.4193710668492,0,57.4078774439696,0,"chi","I",1000,100,0.5,0,0,0,FALSE,0,FALSE,0.5,"leave-d",200,0.2,1e+05,TRUE,520
10,0,0,0,23.0673023874416,-5.12872343756909,51.2633282124523,47.5348208168023,6.35168103782431,88.7179605957803,19.4193710668492,0,42.6221941815138,0,"chi","I",1000,100,0.5,0,0,0,FALSE,0,FALSE,0.5,"leave-d",200,0.2,1e+05,TRUE,520
10,0,0,0,23.0673023874416,-5.12872343756909,51.2633282124523,58.9594559934119,13.1132136663606,104.805698320463,19.4193710668492,0,46.2411395883179,0,"chi","I",1000,100,0.5,0,0,0,FALSE,0,FALSE,0.5,"leave-d",200,0.2,1e+05,TRUE,520
10,0,0,0,23.0673023874416,-5.12872343756909,51.2633282124523,37.3851415608505,-4.82740432618701,79.5976874478879,19.4193710668492,0,25.6519637057619,0,"chi","I",1000,100,0.5,0,0,0,FALSE,0,FALSE,0.5,"leave-d",200,0.2,1e+05,TRUE,520
10,0,0,0,23.0673023874416,-5.12872343756909,51.2633282124523,54.761015999459,20.231435790344,89.2905962085741,19.4193710668492,0,33.7969326374109,0,"chi","I",1000,100,0.5,0,0,0,FALSE,0,FALSE,0.5,"leave-d",200,0.2,1e+05,TRUE,520
10,0,0,0,23.0673023874416,-5.12872343756909,51.2633282124523,6.83029600345081,-42.6018861404858,56.2624781473874,19.4193710668492,0,0,0,"chi","I",1000,100,0.5,0,0,0,FALSE,0,FALSE,0.5,"leave-d",200,0.2,1e+05,TRUE,520
10,0,0,0,23.0673023874416,-5.12872343756909,51.2633282124523,27.4571009344822,-28.4872953849204,83.4014972538848,19.4193710668492,0,20.9906167793777,0,"chi","I",1000,100,0.5,0,0,0,FALSE,0,FALSE,0.5,"leave-d",200,0.2,1e+05,TRUE,520
10,0,0,0,23.0673023874416,-5.12872343756909,51.2633282124523,18.3718470576614,-29.019878891411,65.7635730067338,19.4193710668492,0,4.04663058918567,0,"chi","I",1000,100,0.5,0,0,0,FALSE,0,FALSE,0.5,"leave-d",200,0.2,1e+05,TRUE,520
10,0,0,0,23.0673023874416,-5.12872343756909,51.2633282124523,94.5055089583467,42.7644631434327,146.246554773261,19.4193710668492,0,51.5187719489527,0,"chi","I",1000,100,0.5,0,0,0,FALSE,0,FALSE,0.5,"leave-d",200,0.2,1e+05,TRUE,520
10,0,0,0,23.0673023874416,-5.12872343756909,51.2633282124523,73.4688866229058,15.3571484880854,131.580624757726,19.4193710668492,0,59.7804642996765,0,"chi","I",1000,100,0.5,0,0,0,FALSE,0,FALSE,0.5,"leave-d",200,0.2,1e+05,TRUE,520
10,0,0,0,23.0673023874416,-5.12872343756909,51.2633282124523,34.6431803217534,-4.38084271552067,73.6672033590274,19.4193710668492,0,33.9280896556849,0,"chi","I",1000,100,0.5,0,0,0,FALSE,0,FALSE,0.5,"leave-d",200,0.2,1e+05,TRUE,520
10,0,0,0,23.0673023874416,-5.12872343756909,51.2633282124523,-17.4653970131048,-64.2829241173337,29.3521300911242,19.4193710668492,0,0,0,"chi","I",1000,100,0.5,0,0,0,FALSE,0,FALSE,0.5,"leave-d",200,0.2,1e+05,TRUE,520
10,0,0,0,23.0673023874416,-5.12872343756909,51.2633282124523,34.2574289048879,-3.61315978728122,72.1280175970571,19.4193710668492,0,40.4611656076585,0,"chi","I",1000,100,0.5,0,0,0,FALSE,0,FALSE,0.5,"leave-d",200,0.2,1e+05,TRUE,520
10,0,0,0,23.0673023874416,-5.12872343756909,51.2633282124523,26.0006795329683,-22.6005478843883,74.6019069503249,19.4193710668492,0,11.6454012919895,0,"chi","I",1000,100,0.5,0,0,0,FALSE,0,FALSE,0.5,"leave-d",200,0.2,1e+05,TRUE,520
10,0,0,0,23.0673023874416,-5.12872343756909,51.2633282124523,33.3317515657978,-14.6458586175259,81.3093617491214,19.4193710668492,0,51.5185273665842,0,"chi","I",1000,100,0.5,0,0,0,FALSE,0,FALSE,0.5,"leave-d",200,0.2,1e+05,TRUE,520
10,0,0,0,23.0673023874416,-5.12872343756909,51.2633282124523,14.2725476151863,-31.1233674358901,59.6684626662627,19.4193710668492,0,2.60660144495965,0,"chi","I",1000,100,0.5,0,0,0,FALSE,0,FALSE,0.5,"leave-d",200,0.2,1e+05,TRUE,520
10,0,0,0,23.0673023874416,-5.12872343756909,51.2633282124523,-6.11814718968824,-53.0734296412832,40.8371352619067,19.4193710668492,0,0,0,"chi","I",1000,100,0.5,0,0,0,FALSE,0,FALSE,0.5,"leave-d",200,0.2,1e+05,TRUE,520
10,0,0,0,23.0673023874416,-5.12872343756909,51.2633282124523,-2.62722434722976,-55.1388146888984,49.8843659944389,19.4193710668492,0,0,0,"chi","I",1000,100,0.5,0,0,0,FALSE,0,FALSE,0.5,"leave-d",200,0.2,1e+05,TRUE,520
10,0,0,0,23.0673023874416,-5.12872343756909,51.2633282124523,15.2193650446129,-33.498718257136,63.9374483463619,19.4193710668492,0,0.754893625081944,0,"chi","I",1000,100,0.5,0,0,0,FALSE,0,FALSE,0.5,"leave-d",200,0.2,1e+05,TRUE,520
10,0,0,0,23.0673023874416,-5.12872343756909,51.2633282124523,32.4063580730939,-22.1415020008058,86.9542181469937,19.4193710668492,0,32.5756804270017,0,"chi","I",1000,100,0.5,0,0,0,FALSE,0,FALSE,0.5,"leave-d",200,0.2,1e+05,TRUE,520
10,0,0,0,23.0673023874416,-5.12872343756909,51.2633282124523,31.0683881035126,-15.0719955186784,77.2087717257037,19.4193710668492,0,49.4767970023162,0,"chi","I",1000,100,0.5,0,0,0,FALSE,0,FALSE,0.5,"leave-d",200,0.2,1e+05,TRUE,520
10,0,0,0,23.0673023874416,-5.12872343756909,51.2633282124523,61.7073914936116,10.7430365216687,112.671746465555,19.4193710668492,0,42.7805893028495,0,"chi","I",1000,100,0.5,0,0,0,FALSE,0,FALSE,0.5,"leave-d",200,0.2,1e+05,TRUE,520
10,0,0,0,23.0673023874416,-5.12872343756909,51.2633282124523,4.53581546309475,-24.4186949213899,33.4903258475794,19.4193710668492,0,0,0,"chi","I",1000,100,0.5,0,0,0,FALSE,0,FALSE,0.5,"leave-d",200,0.2,1e+05,TRUE,520
10,0,0,0,23.0673023874416,-5.12872343756909,51.2633282124523,-14.1425795155996,-64.4399180315793,36.15475900038,19.4193710668492,0,0,0,"chi","I",1000,100,0.5,0,0,0,FALSE,0,FALSE,0.5,"leave-d",200,0.2,1e+05,TRUE,520
10,0,0,0,23.0673023874416,-5.12872343756909,51.2633282124523,-5.82023157262663,-66.0174544056049,54.3769912603517,19.4193710668492,0,0,0,"chi","I",1000,100,0.5,0,0,0,FALSE,0,FALSE,0.5,"leave-d",200,0.2,1e+05,TRUE,520
10,0,0,0,23.0673023874416,-5.12872343756909,51.2633282124523,21.5571533478931,-20.9800832150572,64.0943899108433,19.4193710668492,0,30.351179412287,0,"chi","I",1000,100,0.5,0,0,0,FALSE,0,FALSE,0.5,"leave-d",200,0.2,1e+05,TRUE,520
10,0,0,0,23.0673023874416,-5.12872343756909,51.2633282124523,29.8850313192609,-21.5640162153547,81.3340788538764,19.4193710668492,0,23.0702284566299,0,"chi","I",1000,100,0.5,0,0,0,FALSE,0,FALSE,0.5,"leave-d",200,0.2,1e+05,TRUE,520
10,0,0,0,23.0673023874416,-5.12872343756909,51.2633282124523,46.7045810702688,-2.57045454547239,95.9796166860099,19.4193710668492,0,39.8024464731013,0,"chi","I",1000,100,0.5,0,0,0,FALSE,0,FALSE,0.5,"leave-d",200,0.2,1e+05,TRUE,520
10,0,0,0,23.0673023874416,-5.12872343756909,51.2633282124523,-25.050066691392,-74.5770000808135,24.4768666980294,19.4193710668492,0,0,0,"chi","I",1000,100,0.5,0,0,0,FALSE,0,FALSE,0.5,"leave-d",200,0.2,1e+05,TRUE,520
10,0,0,0,23.0673023874416,-5.12872343756909,51.2633282124523,33.3263404270817,-17.0129378558555,83.6656187100188,19.4193710668492,0,23.1670885562273,0,"chi","I",1000,100,0.5,0,0,0,FALSE,0,FALSE,0.5,"leave-d",200,0.2,1e+05,TRUE,520
10,0,0,0,23.0673023874416,-5.12872343756909,51.2633282124523,52.2751689271539,-6.39214175309556,110.942479607403,19.4193710668492,0,45.9839875728245,0,"chi","I",1000,100,0.5,0,0,0,FALSE,0,FALSE,0.5,"leave-d",200,0.2,1e+05,TRUE,520
10,0,0,0,23.0673023874416,-5.12872343756909,51.2633282124523,-12.4024380367142,-65.4584071617249,40.6535310882965,19.4193710668492,0,0,0,"chi","I",1000,100,0.5,0,0,0,FALSE,0,FALSE,0.5,"leave-d",200,0.2,1e+05,TRUE,520
10,0,0,0,23.0673023874416,-5.12872343756909,51.2633282124523,27.4212547772751,-29.4617625955594,84.3042721501096,19.4193710668492,0,17.6716090534481,0,"chi","I",1000,100,0.5,0,0,0,FALSE,0,FALSE,0.5,"leave-d",200,0.2,1e+05,TRUE,520
10,0,0,0,23.0673023874416,-5.12872343756909,51.2633282124523,33.8446162358752,-11.1916741007797,78.88090657253,19.4193710668492,0,28.6432619910613,0,"chi","I",1000,100,0.5,0,0,0,FALSE,0,FALSE,0.5,"leave-d",200,0.2,1e+05,TRUE,520
10,0,0,0,23.0673023874416,-5.12872343756909,51.2633282124523,39.7156681308414,-2.92125420954803,82.3525904712309,19.4193710668492,0,28.2951591067775,0,"chi","I",1000,100,0.5,0,0,0,FALSE,0,FALSE,0.5,"leave-d",200,0.2,1e+05,TRUE,520
10,0,0,0,23.0673023874416,-5.12872343756909,51.2633282124523,41.5066756811157,-15.1071144014043,98.1204657636357,19.4193710668492,0,26.4615979678329,0,"chi","I",1000,100,0.5,0,0,0,FALSE,0,FALSE,0.5,"leave-d",200,0.2,1e+05,TRUE,520
10,0,0,0,23.0673023874416,-5.12872343756909,51.2633282124523,51.2820056170417,6.19169261960585,96.3723186144775,19.4193710668492,0,43.7652844149596,0,"chi","I",1000,100,0.5,0,0,0,FALSE,0,FALSE,0.5,"leave-d",200,0.2,1e+05,TRUE,520
10,0,0,0,23.0673023874416,-5.12872343756909,51.2633282124523,3.96345712060143,-48.0788465297797,56.0057607709825,19.4193710668492,0,0,0,"chi","I",1000,100,0.5,0,0,0,FALSE,0,FALSE,0.5,"leave-d",200,0.2,1e+05,TRUE,520
10,0,0,0,23.0673023874416,-5.12872343756909,51.2633282124523,75.6770516391486,29.6974771581416,121.656626120156,19.4193710668492,0,46.8120744197726,0,"chi","I",1000,100,0.5,0,0,0,FALSE,0,FALSE,0.5,"leave-d",200,0.2,1e+05,TRUE,520
10,0,0,0,23.0673023874416,-5.12872343756909,51.2633282124523,31.6341421763143,-5.05196577282997,68.3202501254585,19.4193710668492,0,33.7720491728501,0,"chi","I",1000,100,0.5,0,0,0,FALSE,0,FALSE,0.5,"leave-d",200,0.2,1e+05,TRUE,520
10,0,0,0,23.0673023874416,-5.12872343756909,51.2633282124523,27.8282377888158,-16.6166378030994,72.2731133807309,19.4193710668492,0,20.8566685824109,0,"chi","I",1000,100,0.5,0,0,0,FALSE,0,FALSE,0.5,"leave-d",200,0.2,1e+05,TRUE,520
10,0,0,0,23.0673023874416,-5.12872343756909,51.2633282124523,22.020819774467,-31.5221011420932,75.5637406910273,19.4193710668492,0,22.6202696683597,0,"chi","I",1000,100,0.5,0,0,0,FALSE,0,FALSE,0.5,"leave-d",200,0.2,1e+05,TRUE,520
10,0,0,0,23.0673023874416,-5.12872343756909,51.2633282124523,26.083484610352,-36.9343019588581,89.1012711795622,19.4193710668492,0,9.74155314429287,0,"chi","I",1000,100,0.5,0,0,0,FALSE,0,FALSE,0.5,"leave-d",200,0.2,1e+05,TRUE,520
10,0,0,0,23.0673023874416,-5.12872343756909,51.2633282124523,31.9876550036741,-16.3111908115764,80.2865008189246,19.4193710668492,0,51.788643123175,0,"chi","I",1000,100,0.5,0,0,0,FALSE,0,FALSE,0.5,"leave-d",200,0.2,1e+05,TRUE,520
10,0,0,0,23.0673023874416,-5.12872343756909,51.2633282124523,13.3387068553056,-42.9264216946188,69.60383540523,19.4193710668492,0,0,0,"chi","I",1000,100,0.5,0,0,0,FALSE,0,FALSE,0.5,"leave-d",200,0.2,1e+05,TRUE,520
10,0,0,0,23.0673023874416,-5.12872343756909,51.2633282124523,31.542557600907,-15.3560175283303,78.4411327301443,19.4193710668492,0,35.034057228618,0,"chi","I",1000,100,0.5,0,0,0,FALSE,0,FALSE,0.5,"leave-d",200,0.2,1e+05,TRUE,520
10,0,0,0,23.0673023874416,-5.12872343756909,51.2633282124523,53.1239980088575,11.1148902867949,95.1331057309202,19.4193710668492,0,43.3476755560325,0,"chi","I",1000,100,0.5,0,0,0,FALSE,0,FALSE,0.5,"leave-d",200,0.2,1e+05,TRUE,520
10,0,0,0,23.0673023874416,-5.12872343756909,51.2633282124523,24.7835195359355,-22.9664095931951,72.533448665066,19.4193710668492,0,11.6509504057176,0,"chi","I",1000,100,0.5,0,0,0,FALSE,0,FALSE,0.5,"leave-d",200,0.2,1e+05,TRUE,520
10,0,0,0,23.0673023874416,-5.12872343756909,51.2633282124523,4.86359457086477,-47.4843153634415,57.211504505171,19.4193710668492,0,0,0,"chi","I",1000,100,0.5,0,0,0,FALSE,0,FALSE,0.5,"leave-d",200,0.2,1e+05,TRUE,520
10,0,0,0,23.0673023874416,-5.12872343756909,51.2633282124523,22.9248678516218,-16.8272644055225,62.6770001087662,19.4193710668492,0,20.3070507552697,0,"chi","I",1000,100,0.5,0,0,0,FALSE,0,FALSE,0.5,"leave-d",200,0.2,1e+05,TRUE,520
10,0,0,0,23.0673023874416,-5.12872343756909,51.2633282124523,29.660873250955,-14.061921766372,73.3836682682819,19.4193710668492,0,19.4210453731503,0,"chi","I",1000,100,0.5,0,0,0,FALSE,0,FALSE,0.5,"leave-d",200,0.2,1e+05,TRUE,520
10,0,0,0,23.0673023874416,-5.12872343756909,51.2633282124523,74.7081248945517,11.4801246681122,137.936125120991,19.4193710668492,0,64.3365470359035,0,"chi","I",1000,100,0.5,0,0,0,FALSE,0,FALSE,0.5,"leave-d",200,0.2,1e+05,TRUE,520
10,0,0,0,23.0673023874416,-5.12872343756909,51.2633282124523,46.1534154935091,-14.5988689309468,106.905699917965,19.4193710668492,0,28.106457685752,0,"chi","I",1000,100,0.5,0,0,0,FALSE,0,FALSE,0.5,"leave-d",200,0.2,1e+05,TRUE,520
10,0,0,0,23.0673023874416,-5.12872343756909,51.2633282124523,21.8133644815177,-12.6553469571535,56.2820759201889,19.4193710668492,0,17.9089731870359,0,"chi","I",1000,100,0.5,0,0,0,FALSE,0,FALSE,0.5,"leave-d",200,0.2,1e+05,TRUE,520
10,0,0,0,23.0673023874416,-5.12872343756909,51.2633282124523,51.7064473577489,9.08297798728313,94.3299167282147,19.4193710668492,0,43.4526453858189,0,"chi","I",1000,100,0.5,0,0,0,FALSE,0,FALSE,0.5,"leave-d",200,0.2,1e+05,TRUE,520
10,0,0,0,23.0673023874416,-5.12872343756909,51.2633282124523,24.0497383410128,-10.4008018827894,58.5002785648151,19.4193710668492,0,36.1780486899766,0,"chi","I",1000,100,0.5,0,0,0,FALSE,0,FALSE,0.5,"leave-d",200,0.2,1e+05,TRUE,520
10,0,0,0,23.0673023874416,-5.12872343756909,51.2633282124523,36.1301494708512,-5.31383472063818,77.5741336623405,19.4193710668492,0,44.1772084430161,0,"chi","I",1000,100,0.5,0,0,0,FALSE,0,FALSE,0.5,"leave-d",200,0.2,1e+05,TRUE,520
10,0,0,0,23.0673023874416,-5.12872343756909,51.2633282124523,21.5135544304395,-24.8389087392034,67.8660176000824,19.4193710668492,0,15.2785161553089,0,"chi","I",1000,100,0.5,0,0,0,FALSE,0,FALSE,0.5,"leave-d",200,0.2,1e+05,TRUE,520
10,0,0,0,23.0673023874416,-5.12872343756909,51.2633282124523,32.0149315792405,-9.23979129926734,73.2696544577483,19.4193710668492,0,29.0624435788304,0,"chi","I",1000,100,0.5,0,0,0,FALSE,0,FALSE,0.5,"leave-d",200,0.2,1e+05,TRUE,520
10,0,0,0,23.0673023874416,-5.12872343756909,51.2633282124523,-1.3173276135484,-58.2065969282851,55.5719417011883,19.4193710668492,0,0,0,"chi","I",1000,100,0.5,0,0,0,FALSE,0,FALSE,0.5,"leave-d",200,0.2,1e+05,TRUE,520
10,0,0,0,23.0673023874416,-5.12872343756909,51.2633282124523,-11.9394003339541,-64.7170580535705,40.8382573856624,19.4193710668492,0,0,0,"chi","I",1000,100,0.5,0,0,0,FALSE,0,FALSE,0.5,"leave-d",200,0.2,1e+05,TRUE,520
10,0,0,0,23.0673023874416,-5.12872343756909,51.2633282124523,13.2866447252859,-30.07681474326,56.6501041938319,19.4193710668492,0,1.02088421389895,0,"chi","I",1000,100,0.5,0,0,0,FALSE,0,FALSE,0.5,"leave-d",200,0.2,1e+05,TRUE,520
10,0,0,0,23.0673023874416,-5.12872343756909,51.2633282124523,48.763269277565,-2.45937237845944,99.9859109335895,19.4193710668492,0,54.1303425397826,0,"chi","I",1000,100,0.5,0,0,0,FALSE,0,FALSE,0.5,"leave-d",200,0.2,1e+05,TRUE,520
10,0,0,0,23.0673023874416,-5.12872343756909,51.2633282124523,48.3814138417166,6.90995425255573,89.8528734308775,19.4193710668492,0,44.2228376798213,0,"chi","I",1000,100,0.5,0,0,0,FALSE,0,FALSE,0.5,"leave-d",200,0.2,1e+05,TRUE,520
10,0,0,0,23.0673023874416,-5.12872343756909,51.2633282124523,22.4032181372737,-17.7192110939964,62.5256473685439,19.4193710668492,0,19.3406178910939,0,"chi","I",1000,100,0.5,0,0,0,FALSE,0,FALSE,0.5,"leave-d",200,0.2,1e+05,TRUE,520
10,0,0,0,23.0673023874416,-5.12872343756909,51.2633282124523,58.4856561328319,1.8063459382336,115.16496632743,19.4193710668492,0,59.8951515795905,0,"chi","I",1000,100,0.5,0,0,0,FALSE,0,FALSE,0.5,"leave-d",200,0.2,1e+05,TRUE,520
10,0,0,0,23.0673023874416,-5.12872343756909,51.2633282124523,38.6012263199975,-11.985955844214,89.188408484209,19.4193710668492,0,32.5019728094578,0,"chi","I",1000,100,0.5,0,0,0,FALSE,0,FALSE,0.5,"leave-d",200,0.2,1e+05,TRUE,520
10,0,0,0,23.0673023874416,-5.12872343756909,51.2633282124523,37.8292979587735,-15.9483252327265,91.6069211502734,19.4193710668492,0,33.2617065981916,0,"chi","I",1000,100,0.5,0,0,0,FALSE,0,FALSE,0.5,"leave-d",200,0.2,1e+05,TRUE,520
10,0,0,0,23.0673023874416,-5.12872343756909,51.2633282124523,-28.6122540653717,-92.583316803133,35.3588086723896,19.4193710668492,0,0,0,"chi","I",1000,100,0.5,0,0,0,FALSE,0,FALSE,0.5,"leave-d",200,0.2,1e+05,TRUE,520
10,0,0,0,23.0673023874416,-5.12872343756909,51.2633282124523,15.8854015181442,-24.2499453225725,56.020748358861,19.4193710668492,0,4.38432325680992,0,"chi","I",1000,100,0.5,0,0,0,FALSE,0,FALSE,0.5,"leave-d",200,0.2,1e+05,TRUE,520
10,0,0,0,23.0673023874416,-5.12872343756909,51.2633282124523,22.2740095704136,-23.8838758283537,68.431894969181,19.4193710668492,0,27.6648070415495,0,"chi","I",1000,100,0.5,0,0,0,FALSE,0,FALSE,0.5,"leave-d",200,0.2,1e+05,TRUE,520
10,0,0,0,23.0673023874416,-5.12872343756909,51.2633282124523,7.22243628493643,-35.9815343082473,50.4264068781202,19.4193710668492,0,0,0,"chi","I",1000,100,0.5,0,0,0,FALSE,0,FALSE,0.5,"leave-d",200,0.2,1e+05,TRUE,520
10,0,0,0,23.0673023874416,-5.12872343756909,51.2633282124523,8.27704269890988,-33.7422977927923,50.2963831906121,19.4193710668492,0,0,0,"chi","I",1000,100,0.5,0,0,0,FALSE,0,FALSE,0.5,"leave-d",200,0.2,1e+05,TRUE,520
10,0,0,0,23.0673023874416,-5.12872343756909,51.2633282124523,31.5954624639844,-16.6247249006101,79.8156498285789,19.4193710668492,0,21.2529534268977,0,"chi","I",1000,100,0.5,0,0,0,FALSE,0,FALSE,0.5,"leave-d",200,0.2,1e+05,TRUE,520
10,0,0,0,23.0673023874416,-5.12872343756909,51.2633282124523,77.7318520300369,14.0797683115766,141.383935748497,19.4193710668492,0,56.9131967255176,0,"chi","I",1000,100,0.5,0,0,0,FALSE,0,FALSE,0.5,"leave-d",200,0.2,1e+05,TRUE,520
10,0,0,0,23.0673023874416,-5.12872343756909,51.2633282124523,50.7034551423846,3.04666747068967,98.3602428140795,19.4193710668492,0,43.5909705476692,0,"chi","I",1000,100,0.5,0,0,0,FALSE,0,FALSE,0.5,"leave-d",200,0.2,1e+05,TRUE,520
10,0,0,0,23.0673023874416,-5.12872343756909,51.2633282124523,21.2198018866651,-34.6286864688826,77.0682902422128,19.4193710668492,0,6.33460946369243,0,"chi","I",1000,100,0.5,0,0,0,FALSE,0,FALSE,0.5,"leave-d",200,0.2,1e+05,TRUE,520
10,0,0,0,23.0673023874416,-5.12872343756909,51.2633282124523,-4.99137421352747,-49.4775799888842,39.4948315618293,19.4193710668492,0,0,0,"chi","I",1000,100,0.5,0,0,0,FALSE,0,FALSE,0.5,"leave-d",200,0.2,1e+05,TRUE,520
10,0,0,0,23.0673023874416,-5.12872343756909,51.2633282124523,15.5832305633071,-38.9652191117726,70.1316802383869,19.4193710668492,0,0,0,"chi","I",1000,100,0.5,0,0,0,FALSE,0,FALSE,0.5,"leave-d",200,0.2,1e+05,TRUE,520
10,0,0,0,23.0673023874416,-5.12872343756909,51.2633282124523,-29.1025585394174,-67.1118584323041,8.90674135346931,19.4193710668492,0,0,0,"chi","I",1000,100,0.5,0,0,0,FALSE,0,FALSE,0.5,"leave-d",200,0.2,1e+05,TRUE,520
10,0,0,0,23.0673023874416,-5.12872343756909,51.2633282124523,51.757220369667,7.52779511805007,95.9866456212839,19.4193710668492,0,46.550203519231,0,"chi","I",1000,100,0.5,0,0,0,FALSE,0,FALSE,0.5,"leave-d",200,0.2,1e+05,TRUE,520
10,0,0,0,23.0673023874416,-5.12872343756909,51.2633282124523,16.6007053397723,-22.3746349382363,55.5760456177809,19.4193710668492,0,8.22561665038292,0,"chi","I",1000,100,0.5,0,0,0,FALSE,0,FALSE,0.5,"leave-d",200,0.2,1e+05,TRUE,520
10,0,0,0,23.0673023874416,-5.12872343756909,51.2633282124523,47.0694368299888,4.68817566881735,89.4506979911602,19.4193710668492,0,43.8370530413024,0,"chi","I",1000,100,0.5,0,0,0,FALSE,0,FALSE,0.5,"leave-d",200,0.2,1e+05,TRUE,520
10,0,0,0,23.0673023874416,-5.12872343756909,51.2633282124523,17.0085688880937,-30.8752802121555,64.8924179883429,19.4193710668492,0,2.85577264223059,0,"chi","I",1000,100,0.5,0,0,0,FALSE,0,FALSE,0.5,"leave-d",200,0.2,1e+05,TRUE,520
10,0,0,0,23.0673023874416,-5.12872343756909,51.2633282124523,81.6538263270277,29.3523074868116,133.955345167244,19.4193710668492,0,51.7723900724484,0,"chi","I",1000,100,0.5,0,0,0,FALSE,0,FALSE,0.5,"leave-d",200,0.2,1e+05,TRUE,520
10,0,0,0,23.0673023874416,-5.12872343756909,51.2633282124523,51.7495617314128,-3.55405420591114,107.053177668737,19.4193710668492,0,48.529950360985,0,"chi","I",1000,100,0.5,0,0,0,FALSE,0,FALSE,0.5,"leave-d",200,0.2,1e+05,TRUE,520
10,0,0,0,23.0673023874416,-5.12872343756909,51.2633282124523,28.7365619004324,-11.8916598676412,69.364783668506,19.4193710668492,0,42.3707276814444,0,"chi","I",1000,100,0.5,0,0,0,FALSE,0,FALSE,0.5,"leave-d",200,0.2,1e+05,TRUE,520
10,0,0,0,23.0673023874416,-5.12872343756909,51.2633282124523,88.8966132452113,37.5679173443912,140.225309146031,19.4193710668492,0,50.4507305804312,0,"chi","I",1000,100,0.5,0,0,0,FALSE,0,FALSE,0.5,"leave-d",200,0.2,1e+05,TRUE,520
10,0,0,0,23.0673023874416,-5.12872343756909,51.2633282124523,17.3320639797735,-32.6091946873098,67.2733226468568,19.4193710668492,0,3.83296513345788,0,"chi","I",1000,100,0.5,0,0,0,FALSE,0,FALSE,0.5,"leave-d",200,0.2,1e+05,TRUE,520
10,0,0,0,23.0673023874416,-5.12872343756909,51.2633282124523,13.9880898043704,-29.4473174686503,57.4234970773911,19.4193710668492,0,1.99707455152575,0,"chi","I",1000,100,0.5,0,0,0,FALSE,0,FALSE,0.5,"leave-d",200,0.2,1e+05,TRUE,520
10,0,0,0,23.0673023874416,-5.12872343756909,51.2633282124523,-3.57418681851425,-46.4064470507306,39.2580734137021,19.4193710668492,0,0,0,"chi","I",1000,100,0.5,0,0,0,FALSE,0,FALSE,0.5,"leave-d",200,0.2,1e+05,TRUE,520
10,0,0,0,23.0673023874416,-5.12872343756909,51.2633282124523,14.2895634903833,-31.9627936515309,60.5419206322975,19.4193710668492,0,0.487362789428741,0,"chi","I",1000,100,0.5,0,0,0,FALSE,0,FALSE,0.5,"leave-d",200,0.2,1e+05,TRUE,520
10,0,0,0,23.0673023874416,-5.12872343756909,51.2633282124523,35.7164520493795,-11.0057325070237,82.4386366057828,19.4193710668492,0,22.7919026985397,0,"chi","I",1000,100,0.5,0,0,0,FALSE,0,FALSE,0.5,"leave-d",200,0.2,1e+05,TRUE,520
10,0,0,0,23.0673023874416,-5.12872343756909,51.2633282124523,37.4436241769757,-5.49735857877654,80.3846069327278,19.4193710668492,0,44.7824416625787,0,"chi","I",1000,100,0.5,0,0,0,FALSE,0,FALSE,0.5,"leave-d",200,0.2,1e+05,TRUE,520
10,0,0,0,23.0673023874416,-5.12872343756909,51.2633282124523,-14.1610917375302,-70.7147518392534,42.392568364193,19.4193710668492,0,0,0,"chi","I",1000,100,0.5,0,0,0,FALSE,0,FALSE,0.5,"leave-d",200,0.2,1e+05,TRUE,520
10,0,0,0,23.0673023874416,-5.12872343756909,51.2633282124523,18.034549134369,-27.045067617036,63.1141658857741,19.4193710668492,0,6.74463623213076,0,"chi","I",1000,100,0.5,0,0,0,FALSE,0,FALSE,0.5,"leave-d",200,0.2,1e+05,TRUE,520
10,0,0,0,23.0673023874416,-5.12872343756909,51.2633282124523,61.0206765243352,8.36698140134145,113.674371647329,19.4193710668492,0,48.4971083494072,0,"chi","I",1000,100,0.5,0,0,0,FALSE,0,FALSE,0.5,"leave-d",200,0.2,1e+05,TRUE,520
10,0,0,0,23.0673023874416,-5.12872343756909,51.2633282124523,6.96577632492738,-40.2546172812105,54.1861699310653,19.4193710668492,0,0,0,"chi","I",1000,100,0.5,0,0,0,FALSE,0,FALSE,0.5,"leave-d",200,0.2,1e+05,TRUE,520
10,0,0,0,23.0673023874416,-5.12872343756909,51.2633282124523,32.869909899552,-18.6748457895544,84.4146655886583,19.4193710668492,0,24.5743032890226,0,"chi","I",1000,100,0.5,0,0,0,FALSE,0,FALSE,0.5,"leave-d",200,0.2,1e+05,TRUE,520
10,0,0,0,23.0673023874416,-5.12872343756909,51.2633282124523,68.8662803108348,24.6622003750178,113.070360246652,19.4193710668492,0,45.100633386455,0,"chi","I",1000,100,0.5,0,0,0,FALSE,0,FALSE,0.5,"leave-d",200,0.2,1e+05,TRUE,520
10,0,0,0,23.0673023874416,-5.12872343756909,51.2633282124523,32.2846415320295,-16.7895442916361,81.3588273556951,19.4193710668492,0,51.2504563379232,0,"chi","I",1000,100,0.5,0,0,0,FALSE,0,FALSE,0.5,"leave-d",200,0.2,1e+05,TRUE,520
10,0,0,0,23.0673023874416,-5.12872343756909,51.2633282124523,-11.3065981375754,-55.00038909618,32.3871928210292,19.4193710668492,0,0,0,"chi","I",1000,100,0.5,0,0,0,FALSE,0,FALSE,0.5,"leave-d",200,0.2,1e+05,TRUE,520
10,0,0,0,23.0673023874416,-5.12872343756909,51.2633282124523,46.7783605563177,5.73715260069502,87.8195685119403,19.4193710668492,0,38.761200142817,0,"chi","I",1000,100,0.5,0,0,0,FALSE,0,FALSE,0.5,"leave-d",200,0.2,1e+05,TRUE,520
10,0,0,0,23.0673023874416,-5.12872343756909,51.2633282124523,54.6426265747022,13.4995596777382,95.7856934716661,19.4193710668492,0,42.0276257240224,0,"chi","I",1000,100,0.5,0,0,0,FALSE,0,FALSE,0.5,"leave-d",200,0.2,1e+05,TRUE,520
10,0,0,0,23.0673023874416,-5.12872343756909,51.2633282124523,70.0319417983548,15.3076661329946,124.756217463715,19.4193710668492,0,55.9762470304139,0,"chi","I",1000,100,0.5,0,0,0,FALSE,0,FALSE,0.5,"leave-d",200,0.2,1e+05,TRUE,520
10,0,0,0,23.0673023874416,-5.12872343756909,51.2633282124523,17.2531463123503,-32.917893708431,67.4241863331317,19.4193710668492,0,7.12033922039662,0,"chi","I",1000,100,0.5,0,0,0,FALSE,0,FALSE,0.5,"leave-d",200,0.2,1e+05,TRUE,520
10,0,0,0,23.0673023874416,-5.12872343756909,51.2633282124523,42.4973517915449,2.07543759083749,82.9192659922523,19.4193710668492,0,41.8864620925864,0,"chi","I",1000,100,0.5,0,0,0,FALSE,0,FALSE,0.5,"leave-d",200,0.2,1e+05,TRUE,520
10,0,0,0,23.0673023874416,-5.12872343756909,51.2633282124523,73.7585509183277,18.5919509518901,128.925150884765,19.4193710668492,0,56.5789782280515,0,"chi","I",1000,100,0.5,0,0,0,FALSE,0,FALSE,0.5,"leave-d",200,0.2,1e+05,TRUE,520
10,0,0,0,23.0673023874416,-5.12872343756909,51.2633282124523,62.2946899123297,12.4796808055948,112.109699019065,19.4193710668492,0,51.7306564598656,0,"chi","I",1000,100,0.5,0,0,0,FALSE,0,FALSE,0.5,"leave-d",200,0.2,1e+05,TRUE,520
10,0,0,0,23.0673023874416,-5.12872343756909,51.2633282124523,-41.4372318147474,-97.2834598391845,14.4089962096897,19.4193710668492,0,0,0,"chi","I",1000,100,0.5,0,0,0,FALSE,0,FALSE,0.5,"leave-d",200,0.2,1e+05,TRUE,520
10,0,0,0,23.0673023874416,-5.12872343756909,51.2633282124523,22.9336170039753,-32.2409443133224,78.108178321273,19.4193710668492,0,13.7748623521345,0,"chi","I",1000,100,0.5,0,0,0,FALSE,0,FALSE,0.5,"leave-d",200,0.2,1e+05,TRUE,520
10,0,0,0,23.0673023874416,-5.12872343756909,51.2633282124523,48.2312297855568,-6.79790753237521,103.260367103489,19.4193710668492,0,35.9886542820614,0,"chi","I",1000,100,0.5,0,0,0,FALSE,0,FALSE,0.5,"leave-d",200,0.2,1e+05,TRUE,520
10,0,0,0,23.0673023874416,-5.12872343756909,51.2633282124523,47.5342409222647,7.54632953358441,87.5221523109449,19.4193710668492,0,40.8744882897456,0,"chi","I",1000,100,0.5,0,0,0,FALSE,0,FALSE,0.5,"leave-d",200,0.2,1e+05,TRUE,520
10,0,0,0,23.0673023874416,-5.12872343756909,51.2633282124523,17.5256251368401,-25.4577187824344,60.5089690561146,19.4193710668492,0,4.76105041034413,0,"chi","I",1000,100,0.5,0,0,0,FALSE,0,FALSE,0.5,"leave-d",200,0.2,1e+05,TRUE,520
10,0,0,0,23.0673023874416,-5.12872343756909,51.2633282124523,-5.02680686929559,-50.7849147229854,40.7313009843943,19.4193710668492,0,0,0,"chi","I",1000,100,0.5,0,0,0,FALSE,0,FALSE,0.5,"leave-d",200,0.2,1e+05,TRUE,520
10,0,0,0,23.0673023874416,-5.12872343756909,51.2633282124523,57.2271455917279,5.50773660993374,108.946554573522,19.4193710668492,0,46.7429167268583,0,"chi","I",1000,100,0.5,0,0,0,FALSE,0,FALSE,0.5,"leave-d",200,0.2,1e+05,TRUE,520
10,0,0,0,23.0673023874416,-5.12872343756909,51.2633282124523,81.3906138300987,27.8105368382953,134.970690821902,19.4193710668492,0,54.4452939443999,0,"chi","I",1000,100,0.5,0,0,0,FALSE,0,FALSE,0.5,"leave-d",200,0.2,1e+05,TRUE,520
10,0,0,0,23.0673023874416,-5.12872343756909,51.2633282124523,26.8427964512045,-27.9338758315685,81.6194687339774,19.4193710668492,0,14.479981137104,0,"chi","I",1000,100,0.5,0,0,0,FALSE,0,FALSE,0.5,"leave-d",200,0.2,1e+05,TRUE,520
10,0,0,0,23.0673023874416,-5.12872343756909,51.2633282124523,51.9555315877475,-1.59596572646524,105.50702890196,19.4193710668492,0,35.6159253657395,0,"chi","I",1000,100,0.5,0,0,0,FALSE,0,FALSE,0.5,"leave-d",200,0.2,1e+05,TRUE,520
10,0,0,0,23.0673023874416,-5.12872343756909,51.2633282124523,33.750219758531,-8.20625741464804,75.70669693171,19.4193710668492,0,26.5438090571499,0,"chi","I",1000,100,0.5,0,0,0,FALSE,0,FALSE,0.5,"leave-d",200,0.2,1e+05,TRUE,520
10,0,0,0,23.0673023874416,-5.12872343756909,51.2633282124523,99.9661318430442,51.7895279709015,148.142735715187,19.4193710668492,0,46.2631057291036,0,"chi","I",1000,100,0.5,0,0,0,FALSE,0,FALSE,0.5,"leave-d",200,0.2,1e+05,TRUE,520
10,0,0,0,23.0673023874416,-5.12872343756909,51.2633282124523,29.5970413357454,-13.5822418876836,72.7763245591745,19.4193710668492,0,38.826436094064,0,"chi","I",1000,100,0.5,0,0,0,FALSE,0,FALSE,0.5,"leave-d",200,0.2,1e+05,TRUE,520
10,0,0,0,23.0673023874416,-5.12872343756909,51.2633282124523,50.1671196495713,7.54303298163698,92.7912063175057,19.4193710668492,0,44.242626683474,0,"chi","I",1000,100,0.5,0,0,0,FALSE,0,FALSE,0.5,"leave-d",200,0.2,1e+05,TRUE,520
10,0,0,0,23.0673023874416,-5.12872343756909,51.2633282124523,14.1717621655581,-39.6670823671365,68.0106066982526,19.4193710668492,0,0,0,"chi","I",1000,100,0.5,0,0,0,FALSE,0,FALSE,0.5,"leave-d",200,0.2,1e+05,TRUE,520
10,0,0,0,23.0673023874416,-5.12872343756909,51.2633282124523,62.8520900137757,16.7098211298911,108.99435889766,19.4193710668492,0,41.6070152144224,0,"chi","I",1000,100,0.5,0,0,0,FALSE,0,FALSE,0.5,"leave-d",200,0.2,1e+05,TRUE,520
10,0,0,0,23.0673023874416,-5.12872343756909,51.2633282124523,45.4536182753517,5.56338499304622,85.3438515576572,19.4193710668492,0,35.86310486968,0,"chi","I",1000,100,0.5,0,0,0,FALSE,0,FALSE,0.5,"leave-d",200,0.2,1e+05,TRUE,520
10,0,0,0,23.0673023874416,-5.12872343756909,51.2633282124523,46.7959963154723,1.18291617350854,92.4090764574362,19.4193710668492,0,47.0302103577522,0,"chi","I",1000,100,0.5,0,0,0,FALSE,0,FALSE,0.5,"leave-d",200,0.2,1e+05,TRUE,520
10,0,0,0,23.0673023874416,-5.12872343756909,51.2633282124523,9.11493848237337,-33.1886782785322,51.4185552432789,19.4193710668492,0,0,0,"chi","I",1000,100,0.5,0,0,0,FALSE,0,FALSE,0.5,"leave-d",200,0.2,1e+05,TRUE,520
10,0,0,0,23.0673023874416,-5.12872343756909,51.2633282124523,46.9796030443002,-12.7125896516654,106.671795740266,19.4193710668492,0,43.6026319233044,0,"chi","I",1000,100,0.5,0,0,0,FALSE,0,FALSE,0.5,"leave-d",200,0.2,1e+05,TRUE,520
10,0,0,0,23.0673023874416,-5.12872343756909,51.2633282124523,66.2598472740201,23.5944595099071,108.925235038133,19.4193710668492,0,42.4844757300655,0,"chi","I",1000,100,0.5,0,0,0,FALSE,0,FALSE,0.5,"leave-d",200,0.2,1e+05,TRUE,520
10,0,0,0,23.0673023874416,-5.12872343756909,51.2633282124523,93.3026363991625,49.0606004917198,137.544672306605,19.4193710668492,0,43.2858351198348,0,"chi","I",1000,100,0.5,0,0,0,FALSE,0,FALSE,0.5,"leave-d",200,0.2,1e+05,TRUE,520
10,0,0,0,23.0673023874416,-5.12872343756909,51.2633282124523,107.841606057965,50.5670032663648,165.116208849565,19.4193710668492,0,56.6776270211697,0,"chi","I",1000,100,0.5,0,0,0,FALSE,0,FALSE,0.5,"leave-d",200,0.2,1e+05,TRUE,520
10,0,0,0,23.0673023874416,-5.12872343756909,51.2633282124523,-22.2804386822655,-67.7870080329944,23.2261306684633,19.4193710668492,0,0,0,"chi","I",1000,100,0.5,0,0,0,FALSE,0,FALSE,0.5,"leave-d",200,0.2,1e+05,TRUE,520
10,0,0,0,23.0673023874416,-5.12872343756909,51.2633282124523,30.3734958243729,-16.8543855375523,77.6013771862982,19.4193710668492,0,30.3447629329737,0,"chi","I",1000,100,0.5,0,0,0,FALSE,0,FALSE,0.5,"leave-d",200,0.2,1e+05,TRUE,520
10,0,0,0,23.0673023874416,-5.12872343756909,51.2633282124523,37.190597122538,-8.84931546992259,83.2305097149986,19.4193710668492,0,29.2375670413262,0,"chi","I",1000,100,0.5,0,0,0,FALSE,0,FALSE,0.5,"leave-d",200,0.2,1e+05,TRUE,520
10,0,0,0,23.0673023874416,-5.12872343756909,51.2633282124523,13.95835086199,-45.1026752617479,73.0193769857279,19.4193710668492,0,0,0,"chi","I",1000,100,0.5,0,0,0,FALSE,0,FALSE,0.5,"leave-d",200,0.2,1e+05,TRUE,520
10,0,0,0,23.0673023874416,-5.12872343756909,51.2633282124523,35.7699344170748,-23.498856291776,95.0387251259256,19.4193710668492,0,16.4507058290123,0,"chi","I",1000,100,0.5,0,0,0,FALSE,0,FALSE,0.5,"leave-d",200,0.2,1e+05,TRUE,520
10,0,0,0,23.0673023874416,-5.12872343756909,51.2633282124523,49.2398676776272,0.0958593001049337,98.3838760551495,19.4193710668492,0,50.4571231437078,0,"chi","I",1000,100,0.5,0,0,0,FALSE,0,FALSE,0.5,"leave-d",200,0.2,1e+05,TRUE,520
10,0,0,0,23.0673023874416,-5.12872343756909,51.2633282124523,64.8789044281164,15.6063917344349,114.151417121798,19.4193710668492,0,50.9555184033261,0,"chi","I",1000,100,0.5,0,0,0,FALSE,0,FALSE,0.5,"leave-d",200,0.2,1e+05,TRUE,520
10,0,0,0,23.0673023874416,-5.12872343756909,51.2633282124523,14.9199985992967,-26.7108756785429,56.5508728771363,19.4193710668492,0,7.33805236637556,0,"chi","I",1000,100,0.5,0,0,0,FALSE,0,FALSE,0.5,"leave-d",200,0.2,1e+05,TRUE,520
