"var_main_effect","var_inter_effect","cov_main_inter_effect","var_total_effect","EigenPrism_main","EigenPrism_CI1","EigenPrism_CI2","sub_EigenPrism_main","sub_EigenPrism_CI1","sub_EigenPrism_CI2","GCTA_main","GCTA_inter","prop_main","prop_inter","sub_GCTA_main","sub_GCTA_inter","sub_prop_main","sub_prop_inter","x_dist","structure","p","n","main_fixed_var","main_random_var","inter_fixed_var","inter_random_var","decor","interact","combine","pro","n_sub","inter_std","sigma_main_approx","i"
39.9391014221924,0,0,39.9391014221924,NA,NA,NA,NA,NA,NA,98.5451819281143,0,39.5581404119618,0,93.7438636584764,0,37.5356152535666,0,"chi","un",33,1000,0.5,0,0,0,FALSE,0,FALSE,0.5,200,TRUE,0.00225743825825325,64
39.9391014221924,0,0,39.9391014221924,NA,NA,NA,NA,NA,NA,98.5451819281143,0,39.5581404119618,0,81.1422377582286,0,40.8056534446335,0,"chi","un",33,1000,0.5,0,0,0,FALSE,0,FALSE,0.5,200,TRUE,0.00225743825825325,64
39.9391014221924,0,0,39.9391014221924,NA,NA,NA,103.085950986724,73.898700154559,132.273201818889,98.5451819281143,0,39.5581404119618,0,87.8876771971638,0,41.8673549386891,0,"chi","un",33,1000,0.5,0,0,0,FALSE,0,FALSE,0.5,200,TRUE,0.00225743825825325,64
39.9391014221924,0,0,39.9391014221924,NA,NA,NA,133.822556058576,106.071338699678,161.573773417474,98.5451819281143,0,39.5581404119618,0,126.10840169289,0,40.2528935640426,0,"chi","un",33,1000,0.5,0,0,0,FALSE,0,FALSE,0.5,200,TRUE,0.00225743825825325,64
39.9391014221924,0,0,39.9391014221924,NA,NA,NA,NA,NA,NA,98.5451819281143,0,39.5581404119618,0,95.9634171040545,0,37.0355676823242,0,"chi","un",33,1000,0.5,0,0,0,FALSE,0,FALSE,0.5,200,TRUE,0.00225743825825325,64
39.9391014221924,0,0,39.9391014221924,NA,NA,NA,NA,NA,NA,98.5451819281143,0,39.5581404119618,0,95.6150209485773,0,36.4876789032979,0,"chi","un",33,1000,0.5,0,0,0,FALSE,0,FALSE,0.5,200,TRUE,0.00225743825825325,64
39.9391014221924,0,0,39.9391014221924,NA,NA,NA,NA,NA,NA,98.5451819281143,0,39.5581404119618,0,102.633545724585,0,44.8153257439332,0,"chi","un",33,1000,0.5,0,0,0,FALSE,0,FALSE,0.5,200,TRUE,0.00225743825825325,64
39.9391014221924,0,0,39.9391014221924,NA,NA,NA,NA,NA,NA,98.5451819281143,0,39.5581404119618,0,90.4953151986011,0,39.8337126477085,0,"chi","un",33,1000,0.5,0,0,0,FALSE,0,FALSE,0.5,200,TRUE,0.00225743825825325,64
39.9391014221924,0,0,39.9391014221924,NA,NA,NA,NA,NA,NA,98.5451819281143,0,39.5581404119618,0,131.027284176445,0,44.9330770055213,0,"chi","un",33,1000,0.5,0,0,0,FALSE,0,FALSE,0.5,200,TRUE,0.00225743825825325,64
39.9391014221924,0,0,39.9391014221924,NA,NA,NA,NA,NA,NA,98.5451819281143,0,39.5581404119618,0,66.8183721252586,0,36.9133754077223,0,"chi","un",33,1000,0.5,0,0,0,FALSE,0,FALSE,0.5,200,TRUE,0.00225743825825325,64
39.9391014221924,0,0,39.9391014221924,NA,NA,NA,112.491011478099,81.6945541639318,143.287468792266,98.5451819281143,0,39.5581404119618,0,98.7480097052154,0,45.1841323028956,0,"chi","un",33,1000,0.5,0,0,0,FALSE,0,FALSE,0.5,200,TRUE,0.00225743825825325,64
39.9391014221924,0,0,39.9391014221924,NA,NA,NA,NA,NA,NA,98.5451819281143,0,39.5581404119618,0,99.2465300105231,0,41.6812215597849,0,"chi","un",33,1000,0.5,0,0,0,FALSE,0,FALSE,0.5,200,TRUE,0.00225743825825325,64
39.9391014221924,0,0,39.9391014221924,NA,NA,NA,99.3446963169968,72.7223905942816,125.967002039712,98.5451819281143,0,39.5581404119618,0,83.7216965564243,0,36.2464968644751,0,"chi","un",33,1000,0.5,0,0,0,FALSE,0,FALSE,0.5,200,TRUE,0.00225743825825325,64
39.9391014221924,0,0,39.9391014221924,NA,NA,NA,NA,NA,NA,98.5451819281143,0,39.5581404119618,0,76.6514898413882,0,40.0378576652063,0,"chi","un",33,1000,0.5,0,0,0,FALSE,0,FALSE,0.5,200,TRUE,0.00225743825825325,64
39.9391014221924,0,0,39.9391014221924,NA,NA,NA,NA,NA,NA,98.5451819281143,0,39.5581404119618,0,74.8921034385746,0,35.9186792792615,0,"chi","un",33,1000,0.5,0,0,0,FALSE,0,FALSE,0.5,200,TRUE,0.00225743825825325,64
39.9391014221924,0,0,39.9391014221924,NA,NA,NA,NA,NA,NA,98.5451819281143,0,39.5581404119618,0,83.8734083937922,0,33.747250114896,0,"chi","un",33,1000,0.5,0,0,0,FALSE,0,FALSE,0.5,200,TRUE,0.00225743825825325,64
39.9391014221924,0,0,39.9391014221924,NA,NA,NA,NA,NA,NA,98.5451819281143,0,39.5581404119618,0,93.2325098768204,0,36.2277410444742,0,"chi","un",33,1000,0.5,0,0,0,FALSE,0,FALSE,0.5,200,TRUE,0.00225743825825325,64
39.9391014221924,0,0,39.9391014221924,NA,NA,NA,NA,NA,NA,98.5451819281143,0,39.5581404119618,0,66.6240831083887,0,35.4582742090284,0,"chi","un",33,1000,0.5,0,0,0,FALSE,0,FALSE,0.5,200,TRUE,0.00225743825825325,64
39.9391014221924,0,0,39.9391014221924,NA,NA,NA,NA,NA,NA,98.5451819281143,0,39.5581404119618,0,108.481363211935,0,40.0201488904025,0,"chi","un",33,1000,0.5,0,0,0,FALSE,0,FALSE,0.5,200,TRUE,0.00225743825825325,64
39.9391014221924,0,0,39.9391014221924,NA,NA,NA,106.81601606531,78.8203081873112,134.811723943309,98.5451819281143,0,39.5581404119618,0,90.5984155461732,0,40.1361783642913,0,"chi","un",33,1000,0.5,0,0,0,FALSE,0,FALSE,0.5,200,TRUE,0.00225743825825325,64
39.9391014221924,0,0,39.9391014221924,NA,NA,NA,NA,NA,NA,98.5451819281143,0,39.5581404119618,0,70.697246423803,0,36.0013470574948,0,"chi","un",33,1000,0.5,0,0,0,FALSE,0,FALSE,0.5,200,TRUE,0.00225743825825325,64
39.9391014221924,0,0,39.9391014221924,NA,NA,NA,NA,NA,NA,98.5451819281143,0,39.5581404119618,0,88.2042689758796,0,40.7817012473822,0,"chi","un",33,1000,0.5,0,0,0,FALSE,0,FALSE,0.5,200,TRUE,0.00225743825825325,64
39.9391014221924,0,0,39.9391014221924,NA,NA,NA,NA,NA,NA,98.5451819281143,0,39.5581404119618,0,120.419861838362,0,47.5798854606712,0,"chi","un",33,1000,0.5,0,0,0,FALSE,0,FALSE,0.5,200,TRUE,0.00225743825825325,64
39.9391014221924,0,0,39.9391014221924,NA,NA,NA,NA,NA,NA,98.5451819281143,0,39.5581404119618,0,88.0166179193213,0,38.1880897087932,0,"chi","un",33,1000,0.5,0,0,0,FALSE,0,FALSE,0.5,200,TRUE,0.00225743825825325,64
39.9391014221924,0,0,39.9391014221924,NA,NA,NA,NA,NA,NA,98.5451819281143,0,39.5581404119618,0,95.5912345624796,0,37.3863692458942,0,"chi","un",33,1000,0.5,0,0,0,FALSE,0,FALSE,0.5,200,TRUE,0.00225743825825325,64
39.9391014221924,0,0,39.9391014221924,NA,NA,NA,85.2942980965895,63.6196220115487,106.96897418163,98.5451819281143,0,39.5581404119618,0,67.7932952197319,0,28.3316596523005,0,"chi","un",33,1000,0.5,0,0,0,FALSE,0,FALSE,0.5,200,TRUE,0.00225743825825325,64
39.9391014221924,0,0,39.9391014221924,NA,NA,NA,NA,NA,NA,98.5451819281143,0,39.5581404119618,0,99.0623678316888,0,42.2453596901311,0,"chi","un",33,1000,0.5,0,0,0,FALSE,0,FALSE,0.5,200,TRUE,0.00225743825825325,64
39.9391014221924,0,0,39.9391014221924,NA,NA,NA,NA,NA,NA,98.5451819281143,0,39.5581404119618,0,95.4678319232697,0,39.4029403585584,0,"chi","un",33,1000,0.5,0,0,0,FALSE,0,FALSE,0.5,200,TRUE,0.00225743825825325,64
39.9391014221924,0,0,39.9391014221924,NA,NA,NA,NA,NA,NA,98.5451819281143,0,39.5581404119618,0,89.6113851290248,0,39.236020354221,0,"chi","un",33,1000,0.5,0,0,0,FALSE,0,FALSE,0.5,200,TRUE,0.00225743825825325,64
39.9391014221924,0,0,39.9391014221924,NA,NA,NA,NA,NA,NA,98.5451819281143,0,39.5581404119618,0,89.5420772874411,0,38.093595367068,0,"chi","un",33,1000,0.5,0,0,0,FALSE,0,FALSE,0.5,200,TRUE,0.00225743825825325,64
39.9391014221924,0,0,39.9391014221924,NA,NA,NA,NA,NA,NA,98.5451819281143,0,39.5581404119618,0,98.1353272348438,0,44.1498226457773,0,"chi","un",33,1000,0.5,0,0,0,FALSE,0,FALSE,0.5,200,TRUE,0.00225743825825325,64
39.9391014221924,0,0,39.9391014221924,NA,NA,NA,109.836235096516,83.503028358673,136.169441834359,98.5451819281143,0,39.5581404119618,0,94.6950469713745,0,36.1220210111524,0,"chi","un",33,1000,0.5,0,0,0,FALSE,0,FALSE,0.5,200,TRUE,0.00225743825825325,64
39.9391014221924,0,0,39.9391014221924,NA,NA,NA,NA,NA,NA,98.5451819281143,0,39.5581404119618,0,117.968433368751,0,39.3351132652609,0,"chi","un",33,1000,0.5,0,0,0,FALSE,0,FALSE,0.5,200,TRUE,0.00225743825825325,64
39.9391014221924,0,0,39.9391014221924,NA,NA,NA,NA,NA,NA,98.5451819281143,0,39.5581404119618,0,115.686498593675,0,42.0004069937823,0,"chi","un",33,1000,0.5,0,0,0,FALSE,0,FALSE,0.5,200,TRUE,0.00225743825825325,64
39.9391014221924,0,0,39.9391014221924,NA,NA,NA,100.326656580348,76.0468333959199,124.606479764775,98.5451819281143,0,39.5581404119618,0,87.9130576496081,0,33.8022721750833,0,"chi","un",33,1000,0.5,0,0,0,FALSE,0,FALSE,0.5,200,TRUE,0.00225743825825325,64
39.9391014221924,0,0,39.9391014221924,NA,NA,NA,94.1161676089089,66.2013626441952,122.030972573623,98.5451819281143,0,39.5581404119618,0,80.4243002636048,0,39.6908906968773,0,"chi","un",33,1000,0.5,0,0,0,FALSE,0,FALSE,0.5,200,TRUE,0.00225743825825325,64
39.9391014221924,0,0,39.9391014221924,NA,NA,NA,NA,NA,NA,98.5451819281143,0,39.5581404119618,0,109.734358154178,0,42.8702933832177,0,"chi","un",33,1000,0.5,0,0,0,FALSE,0,FALSE,0.5,200,TRUE,0.00225743825825325,64
39.9391014221924,0,0,39.9391014221924,NA,NA,NA,101.732563520498,77.4299571734148,126.035169867581,98.5451819281143,0,39.5581404119618,0,87.1628917419209,0,33.9238856601098,0,"chi","un",33,1000,0.5,0,0,0,FALSE,0,FALSE,0.5,200,TRUE,0.00225743825825325,64
39.9391014221924,0,0,39.9391014221924,NA,NA,NA,107.120821003909,79.9520722105938,134.289569797223,98.5451819281143,0,39.5581404119618,0,92.0977749526001,0,38.9212826910963,0,"chi","un",33,1000,0.5,0,0,0,FALSE,0,FALSE,0.5,200,TRUE,0.00225743825825325,64
39.9391014221924,0,0,39.9391014221924,NA,NA,NA,NA,NA,NA,98.5451819281143,0,39.5581404119618,0,78.5291037703375,0,31.2665631988908,0,"chi","un",33,1000,0.5,0,0,0,FALSE,0,FALSE,0.5,200,TRUE,0.00225743825825325,64
39.9391014221924,0,0,39.9391014221924,NA,NA,NA,NA,NA,NA,98.5451819281143,0,39.5581404119618,0,92.0335516471055,0,43.8863986875733,0,"chi","un",33,1000,0.5,0,0,0,FALSE,0,FALSE,0.5,200,TRUE,0.00225743825825325,64
39.9391014221924,0,0,39.9391014221924,NA,NA,NA,NA,NA,NA,98.5451819281143,0,39.5581404119618,0,82.3877649048136,0,37.7469792570539,0,"chi","un",33,1000,0.5,0,0,0,FALSE,0,FALSE,0.5,200,TRUE,0.00225743825825325,64
39.9391014221924,0,0,39.9391014221924,NA,NA,NA,111.833197997208,82.7080760617778,140.958319932639,98.5451819281143,0,39.5581404119618,0,100.023024554077,0,42.7421329288735,0,"chi","un",33,1000,0.5,0,0,0,FALSE,0,FALSE,0.5,200,TRUE,0.00225743825825325,64
39.9391014221924,0,0,39.9391014221924,NA,NA,NA,104.169968429673,79.2051209942306,129.134815865116,98.5451819281143,0,39.5581404119618,0,87.7051024334278,0,35.5011852435877,0,"chi","un",33,1000,0.5,0,0,0,FALSE,0,FALSE,0.5,200,TRUE,0.00225743825825325,64
39.9391014221924,0,0,39.9391014221924,NA,NA,NA,114.623540275111,86.4820162652475,142.765064284975,98.5451819281143,0,39.5581404119618,0,99.1058222390197,0,39.6300202432406,0,"chi","un",33,1000,0.5,0,0,0,FALSE,0,FALSE,0.5,200,TRUE,0.00225743825825325,64
39.9391014221924,0,0,39.9391014221924,NA,NA,NA,NA,NA,NA,98.5451819281143,0,39.5581404119618,0,61.7437020343935,0,32.2464936299242,0,"chi","un",33,1000,0.5,0,0,0,FALSE,0,FALSE,0.5,200,TRUE,0.00225743825825325,64
39.9391014221924,0,0,39.9391014221924,NA,NA,NA,NA,NA,NA,98.5451819281143,0,39.5581404119618,0,82.7614944023772,0,40.0381032467662,0,"chi","un",33,1000,0.5,0,0,0,FALSE,0,FALSE,0.5,200,TRUE,0.00225743825825325,64
39.9391014221924,0,0,39.9391014221924,NA,NA,NA,NA,NA,NA,98.5451819281143,0,39.5581404119618,0,108.317913340445,0,44.0872416139765,0,"chi","un",33,1000,0.5,0,0,0,FALSE,0,FALSE,0.5,200,TRUE,0.00225743825825325,64
39.9391014221924,0,0,39.9391014221924,NA,NA,NA,97.6829498835933,71.5857502942319,123.780149472955,98.5451819281143,0,39.5581404119618,0,81.1610459710156,0,36.313577029056,0,"chi","un",33,1000,0.5,0,0,0,FALSE,0,FALSE,0.5,200,TRUE,0.00225743825825325,64
39.9391014221924,0,0,39.9391014221924,NA,NA,NA,NA,NA,NA,98.5451819281143,0,39.5581404119618,0,74.2058468050748,0,35.6484329874717,0,"chi","un",33,1000,0.5,0,0,0,FALSE,0,FALSE,0.5,200,TRUE,0.00225743825825325,64
39.9391014221924,0,0,39.9391014221924,NA,NA,NA,NA,NA,NA,98.5451819281143,0,39.5581404119618,0,118.232377170566,0,47.5441530033204,0,"chi","un",33,1000,0.5,0,0,0,FALSE,0,FALSE,0.5,200,TRUE,0.00225743825825325,64
39.9391014221924,0,0,39.9391014221924,NA,NA,NA,119.053229289037,92.050883506669,146.055575071404,98.5451819281143,0,39.5581404119618,0,109.241728947136,0,39.5670379549,0,"chi","un",33,1000,0.5,0,0,0,FALSE,0,FALSE,0.5,200,TRUE,0.00225743825825325,64
39.9391014221924,0,0,39.9391014221924,NA,NA,NA,NA,NA,NA,98.5451819281143,0,39.5581404119618,0,87.8362564983668,0,43.3404438136274,0,"chi","un",33,1000,0.5,0,0,0,FALSE,0,FALSE,0.5,200,TRUE,0.00225743825825325,64
39.9391014221924,0,0,39.9391014221924,NA,NA,NA,NA,NA,NA,98.5451819281143,0,39.5581404119618,0,84.7128666861622,0,37.8106556501887,0,"chi","un",33,1000,0.5,0,0,0,FALSE,0,FALSE,0.5,200,TRUE,0.00225743825825325,64
39.9391014221924,0,0,39.9391014221924,NA,NA,NA,100.339727397628,74.4083193468841,126.271135448371,98.5451819281143,0,39.5581404119618,0,86.250142855024,0,36.4849746149234,0,"chi","un",33,1000,0.5,0,0,0,FALSE,0,FALSE,0.5,200,TRUE,0.00225743825825325,64
39.9391014221924,0,0,39.9391014221924,NA,NA,NA,115.822803969673,87.3715535808687,144.274054358477,98.5451819281143,0,39.5581404119618,0,101.017835746114,0,40.902326382753,0,"chi","un",33,1000,0.5,0,0,0,FALSE,0,FALSE,0.5,200,TRUE,0.00225743825825325,64
39.9391014221924,0,0,39.9391014221924,NA,NA,NA,NA,NA,NA,98.5451819281143,0,39.5581404119618,0,112.252993295807,0,45.696211064174,0,"chi","un",33,1000,0.5,0,0,0,FALSE,0,FALSE,0.5,200,TRUE,0.00225743825825325,64
39.9391014221924,0,0,39.9391014221924,NA,NA,NA,132.089367714309,103.807710662862,160.371024765756,98.5451819281143,0,39.5581404119618,0,122.771256439113,0,39.9554391738974,0,"chi","un",33,1000,0.5,0,0,0,FALSE,0,FALSE,0.5,200,TRUE,0.00225743825825325,64
39.9391014221924,0,0,39.9391014221924,NA,NA,NA,NA,NA,NA,98.5451819281143,0,39.5581404119618,0,72.8762619094986,0,31.6891014271977,0,"chi","un",33,1000,0.5,0,0,0,FALSE,0,FALSE,0.5,200,TRUE,0.00225743825825325,64
39.9391014221924,0,0,39.9391014221924,NA,NA,NA,NA,NA,NA,98.5451819281143,0,39.5581404119618,0,106.991875761658,0,44.5131352975203,0,"chi","un",33,1000,0.5,0,0,0,FALSE,0,FALSE,0.5,200,TRUE,0.00225743825825325,64
39.9391014221924,0,0,39.9391014221924,NA,NA,NA,NA,NA,NA,98.5451819281143,0,39.5581404119618,0,107.93080976013,0,48.2363820590424,0,"chi","un",33,1000,0.5,0,0,0,FALSE,0,FALSE,0.5,200,TRUE,0.00225743825825325,64
39.9391014221924,0,0,39.9391014221924,NA,NA,NA,121.791645690401,95.2469702374428,148.336321143359,98.5451819281143,0,39.5581404119618,0,108.008347799599,0,37.6697806915867,0,"chi","un",33,1000,0.5,0,0,0,FALSE,0,FALSE,0.5,200,TRUE,0.00225743825825325,64
39.9391014221924,0,0,39.9391014221924,NA,NA,NA,NA,NA,NA,98.5451819281143,0,39.5581404119618,0,80.8492447947863,0,40.4787976302303,0,"chi","un",33,1000,0.5,0,0,0,FALSE,0,FALSE,0.5,200,TRUE,0.00225743825825325,64
39.9391014221924,0,0,39.9391014221924,NA,NA,NA,NA,NA,NA,98.5451819281143,0,39.5581404119618,0,85.7588384324794,0,39.0925827847504,0,"chi","un",33,1000,0.5,0,0,0,FALSE,0,FALSE,0.5,200,TRUE,0.00225743825825325,64
39.9391014221924,0,0,39.9391014221924,NA,NA,NA,NA,NA,NA,98.5451819281143,0,39.5581404119618,0,71.0519061347128,0,35.5718527793274,0,"chi","un",33,1000,0.5,0,0,0,FALSE,0,FALSE,0.5,200,TRUE,0.00225743825825325,64
39.9391014221924,0,0,39.9391014221924,NA,NA,NA,NA,NA,NA,98.5451819281143,0,39.5581404119618,0,94.5285324051712,0,42.3001051414616,0,"chi","un",33,1000,0.5,0,0,0,FALSE,0,FALSE,0.5,200,TRUE,0.00225743825825325,64
39.9391014221924,0,0,39.9391014221924,NA,NA,NA,NA,NA,NA,98.5451819281143,0,39.5581404119618,0,82.7071295677011,0,37.8910779825892,0,"chi","un",33,1000,0.5,0,0,0,FALSE,0,FALSE,0.5,200,TRUE,0.00225743825825325,64
39.9391014221924,0,0,39.9391014221924,NA,NA,NA,NA,NA,NA,98.5451819281143,0,39.5581404119618,0,83.1949347884412,0,41.5275067619996,0,"chi","un",33,1000,0.5,0,0,0,FALSE,0,FALSE,0.5,200,TRUE,0.00225743825825325,64
39.9391014221924,0,0,39.9391014221924,NA,NA,NA,NA,NA,NA,98.5451819281143,0,39.5581404119618,0,85.4993717153617,0,41.0647547375181,0,"chi","un",33,1000,0.5,0,0,0,FALSE,0,FALSE,0.5,200,TRUE,0.00225743825825325,64
39.9391014221924,0,0,39.9391014221924,NA,NA,NA,NA,NA,NA,98.5451819281143,0,39.5581404119618,0,89.9091594864952,0,32.4056558638591,0,"chi","un",33,1000,0.5,0,0,0,FALSE,0,FALSE,0.5,200,TRUE,0.00225743825825325,64
39.9391014221924,0,0,39.9391014221924,NA,NA,NA,NA,NA,NA,98.5451819281143,0,39.5581404119618,0,107.937646657143,0,42.0286997018814,0,"chi","un",33,1000,0.5,0,0,0,FALSE,0,FALSE,0.5,200,TRUE,0.00225743825825325,64
39.9391014221924,0,0,39.9391014221924,NA,NA,NA,112.76281586987,85.4432809894285,140.082350750311,98.5451819281143,0,39.5581404119618,0,104.099802091114,0,39.2079598709752,0,"chi","un",33,1000,0.5,0,0,0,FALSE,0,FALSE,0.5,200,TRUE,0.00225743825825325,64
39.9391014221924,0,0,39.9391014221924,NA,NA,NA,NA,NA,NA,98.5451819281143,0,39.5581404119618,0,89.8569497777633,0,36.5258820413681,0,"chi","un",33,1000,0.5,0,0,0,FALSE,0,FALSE,0.5,200,TRUE,0.00225743825825325,64
39.9391014221924,0,0,39.9391014221924,NA,NA,NA,103.975837767892,73.6093916104107,134.342283925372,98.5451819281143,0,39.5581404119618,0,90.3801551409109,0,45.4467037574572,0,"chi","un",33,1000,0.5,0,0,0,FALSE,0,FALSE,0.5,200,TRUE,0.00225743825825325,64
39.9391014221924,0,0,39.9391014221924,NA,NA,NA,NA,NA,NA,98.5451819281143,0,39.5581404119618,0,71.9045087168062,0,41.5657918683503,0,"chi","un",33,1000,0.5,0,0,0,FALSE,0,FALSE,0.5,200,TRUE,0.00225743825825325,64
39.9391014221924,0,0,39.9391014221924,NA,NA,NA,NA,NA,NA,98.5451819281143,0,39.5581404119618,0,88.5987586232868,0,37.7268867348936,0,"chi","un",33,1000,0.5,0,0,0,FALSE,0,FALSE,0.5,200,TRUE,0.00225743825825325,64
39.9391014221924,0,0,39.9391014221924,NA,NA,NA,NA,NA,NA,98.5451819281143,0,39.5581404119618,0,88.1496162814311,0,39.9699683469753,0,"chi","un",33,1000,0.5,0,0,0,FALSE,0,FALSE,0.5,200,TRUE,0.00225743825825325,64
39.9391014221924,0,0,39.9391014221924,NA,NA,NA,NA,NA,NA,98.5451819281143,0,39.5581404119618,0,108.303381373031,0,43.1758521166912,0,"chi","un",33,1000,0.5,0,0,0,FALSE,0,FALSE,0.5,200,TRUE,0.00225743825825325,64
39.9391014221924,0,0,39.9391014221924,NA,NA,NA,NA,NA,NA,98.5451819281143,0,39.5581404119618,0,105.036953064364,0,43.19538205439,0,"chi","un",33,1000,0.5,0,0,0,FALSE,0,FALSE,0.5,200,TRUE,0.00225743825825325,64
39.9391014221924,0,0,39.9391014221924,NA,NA,NA,112.443928080162,86.5084566922548,138.379399468069,98.5451819281143,0,39.5581404119618,0,96.654785506907,0,35.1307932661403,0,"chi","un",33,1000,0.5,0,0,0,FALSE,0,FALSE,0.5,200,TRUE,0.00225743825825325,64
39.9391014221924,0,0,39.9391014221924,NA,NA,NA,106.01546821236,79.628933844216,132.402002580505,98.5451819281143,0,39.5581404119618,0,91.1507334669372,0,37.4887887835134,0,"chi","un",33,1000,0.5,0,0,0,FALSE,0,FALSE,0.5,200,TRUE,0.00225743825825325,64
39.9391014221924,0,0,39.9391014221924,NA,NA,NA,NA,NA,NA,98.5451819281143,0,39.5581404119618,0,86.9036515010837,0,40.2132948980459,0,"chi","un",33,1000,0.5,0,0,0,FALSE,0,FALSE,0.5,200,TRUE,0.00225743825825325,64
39.9391014221924,0,0,39.9391014221924,NA,NA,NA,NA,NA,NA,98.5451819281143,0,39.5581404119618,0,68.3924769113532,0,35.015801684494,0,"chi","un",33,1000,0.5,0,0,0,FALSE,0,FALSE,0.5,200,TRUE,0.00225743825825325,64
39.9391014221924,0,0,39.9391014221924,NA,NA,NA,130.66228040414,100.346909607685,160.977651200596,98.5451819281143,0,39.5581404119618,0,116.336553499613,0,44.9321675347974,0,"chi","un",33,1000,0.5,0,0,0,FALSE,0,FALSE,0.5,200,TRUE,0.00225743825825325,64
39.9391014221924,0,0,39.9391014221924,NA,NA,NA,NA,NA,NA,98.5451819281143,0,39.5581404119618,0,84.4322212183324,0,41.4710838870135,0,"chi","un",33,1000,0.5,0,0,0,FALSE,0,FALSE,0.5,200,TRUE,0.00225743825825325,64
39.9391014221924,0,0,39.9391014221924,NA,NA,NA,NA,NA,NA,98.5451819281143,0,39.5581404119618,0,72.02729398943,0,35.820214581307,0,"chi","un",33,1000,0.5,0,0,0,FALSE,0,FALSE,0.5,200,TRUE,0.00225743825825325,64
39.9391014221924,0,0,39.9391014221924,NA,NA,NA,NA,NA,NA,98.5451819281143,0,39.5581404119618,0,79.6158077327403,0,36.9402040200907,0,"chi","un",33,1000,0.5,0,0,0,FALSE,0,FALSE,0.5,200,TRUE,0.00225743825825325,64
39.9391014221924,0,0,39.9391014221924,NA,NA,NA,NA,NA,NA,98.5451819281143,0,39.5581404119618,0,90.9523061218585,0,37.6510319191746,0,"chi","un",33,1000,0.5,0,0,0,FALSE,0,FALSE,0.5,200,TRUE,0.00225743825825325,64
39.9391014221924,0,0,39.9391014221924,NA,NA,NA,NA,NA,NA,98.5451819281143,0,39.5581404119618,0,101.208463894356,0,35.6790198509495,0,"chi","un",33,1000,0.5,0,0,0,FALSE,0,FALSE,0.5,200,TRUE,0.00225743825825325,64
39.9391014221924,0,0,39.9391014221924,NA,NA,NA,NA,NA,NA,98.5451819281143,0,39.5581404119618,0,77.2711842300033,0,28.4035690640273,0,"chi","un",33,1000,0.5,0,0,0,FALSE,0,FALSE,0.5,200,TRUE,0.00225743825825325,64
39.9391014221924,0,0,39.9391014221924,NA,NA,NA,NA,NA,NA,98.5451819281143,0,39.5581404119618,0,92.8079342564993,0,40.8410292879671,0,"chi","un",33,1000,0.5,0,0,0,FALSE,0,FALSE,0.5,200,TRUE,0.00225743825825325,64
39.9391014221924,0,0,39.9391014221924,NA,NA,NA,112.642021896284,85.20369795435,140.080345838218,98.5451819281143,0,39.5581404119618,0,95.858497150919,0,38.7707387428384,0,"chi","un",33,1000,0.5,0,0,0,FALSE,0,FALSE,0.5,200,TRUE,0.00225743825825325,64
39.9391014221924,0,0,39.9391014221924,NA,NA,NA,NA,NA,NA,98.5451819281143,0,39.5581404119618,0,78.3043325706731,0,39.982985678515,0,"chi","un",33,1000,0.5,0,0,0,FALSE,0,FALSE,0.5,200,TRUE,0.00225743825825325,64
39.9391014221924,0,0,39.9391014221924,NA,NA,NA,NA,NA,NA,98.5451819281143,0,39.5581404119618,0,88.6406371801673,0,39.8664306188445,0,"chi","un",33,1000,0.5,0,0,0,FALSE,0,FALSE,0.5,200,TRUE,0.00225743825825325,64
39.9391014221924,0,0,39.9391014221924,NA,NA,NA,NA,NA,NA,98.5451819281143,0,39.5581404119618,0,94.5005752197792,0,44.3355433322077,0,"chi","un",33,1000,0.5,0,0,0,FALSE,0,FALSE,0.5,200,TRUE,0.00225743825825325,64
39.9391014221924,0,0,39.9391014221924,NA,NA,NA,101.715242397038,74.4870608575753,128.943423936502,98.5451819281143,0,39.5581404119618,0,86.7281729103014,0,38.6771651116161,0,"chi","un",33,1000,0.5,0,0,0,FALSE,0,FALSE,0.5,200,TRUE,0.00225743825825325,64
39.9391014221924,0,0,39.9391014221924,NA,NA,NA,NA,NA,NA,98.5451819281143,0,39.5581404119618,0,71.833502820683,0,36.718325301747,0,"chi","un",33,1000,0.5,0,0,0,FALSE,0,FALSE,0.5,200,TRUE,0.00225743825825325,64
39.9391014221924,0,0,39.9391014221924,NA,NA,NA,NA,NA,NA,98.5451819281143,0,39.5581404119618,0,94.6099326176259,0,36.5312426238921,0,"chi","un",33,1000,0.5,0,0,0,FALSE,0,FALSE,0.5,200,TRUE,0.00225743825825325,64
39.9391014221924,0,0,39.9391014221924,NA,NA,NA,NA,NA,NA,98.5451819281143,0,39.5581404119618,0,92.1770719837472,0,39.1862071655703,0,"chi","un",33,1000,0.5,0,0,0,FALSE,0,FALSE,0.5,200,TRUE,0.00225743825825325,64
39.9391014221924,0,0,39.9391014221924,NA,NA,NA,116.188379884049,90.7522245362511,141.624535231846,98.5451819281143,0,39.5581404119618,0,100.455250894622,0,35.1014571087694,0,"chi","un",33,1000,0.5,0,0,0,FALSE,0,FALSE,0.5,200,TRUE,0.00225743825825325,64
39.9391014221924,0,0,39.9391014221924,NA,NA,NA,NA,NA,NA,98.5451819281143,0,39.5581404119618,0,100.390641913132,0,38.9305513775177,0,"chi","un",33,1000,0.5,0,0,0,FALSE,0,FALSE,0.5,200,TRUE,0.00225743825825325,64
39.9391014221924,0,0,39.9391014221924,NA,NA,NA,109.189466042172,82.659516506579,135.719415577765,98.5451819281143,0,39.5581404119618,0,92.985126669225,0,38.2002661775162,0,"chi","un",33,1000,0.5,0,0,0,FALSE,0,FALSE,0.5,200,TRUE,0.00225743825825325,64
39.9391014221924,0,0,39.9391014221924,NA,NA,NA,88.6903323745539,63.2697170918909,114.110947657217,98.5451819281143,0,39.5581404119618,0,74.8569379050186,0,35.4370271286799,0,"chi","un",33,1000,0.5,0,0,0,FALSE,0,FALSE,0.5,200,TRUE,0.00225743825825325,64
39.9391014221924,0,0,39.9391014221924,NA,NA,NA,NA,NA,NA,98.5451819281143,0,39.5581404119618,0,115.487753582993,0,40.8303590296104,0,"chi","un",33,1000,0.5,0,0,0,FALSE,0,FALSE,0.5,200,TRUE,0.00225743825825325,64
39.9391014221924,0,0,39.9391014221924,NA,NA,NA,NA,NA,NA,98.5451819281143,0,39.5581404119618,0,99.0159021305678,0,40.3651381863106,0,"chi","un",33,1000,0.5,0,0,0,FALSE,0,FALSE,0.5,200,TRUE,0.00225743825825325,64
39.9391014221924,0,0,39.9391014221924,NA,NA,NA,NA,NA,NA,98.5451819281143,0,39.5581404119618,0,84.9726102644446,0,35.3015918109276,0,"chi","un",33,1000,0.5,0,0,0,FALSE,0,FALSE,0.5,200,TRUE,0.00225743825825325,64
39.9391014221924,0,0,39.9391014221924,NA,NA,NA,NA,NA,NA,98.5451819281143,0,39.5581404119618,0,121.313191746786,0,39.7603422498292,0,"chi","un",33,1000,0.5,0,0,0,FALSE,0,FALSE,0.5,200,TRUE,0.00225743825825325,64
39.9391014221924,0,0,39.9391014221924,NA,NA,NA,110.825519521809,83.7798641890643,137.871174854553,98.5451819281143,0,39.5581404119618,0,98.1009157530003,0,39.3816308740594,0,"chi","un",33,1000,0.5,0,0,0,FALSE,0,FALSE,0.5,200,TRUE,0.00225743825825325,64
39.9391014221924,0,0,39.9391014221924,NA,NA,NA,NA,NA,NA,98.5451819281143,0,39.5581404119618,0,81.2292905285124,0,39.2875859374607,0,"chi","un",33,1000,0.5,0,0,0,FALSE,0,FALSE,0.5,200,TRUE,0.00225743825825325,64
39.9391014221924,0,0,39.9391014221924,NA,NA,NA,NA,NA,NA,98.5451819281143,0,39.5581404119618,0,72.8663967161059,0,33.7954421861409,0,"chi","un",33,1000,0.5,0,0,0,FALSE,0,FALSE,0.5,200,TRUE,0.00225743825825325,64
39.9391014221924,0,0,39.9391014221924,NA,NA,NA,NA,NA,NA,98.5451819281143,0,39.5581404119618,0,87.8978553204191,0,37.8345444974853,0,"chi","un",33,1000,0.5,0,0,0,FALSE,0,FALSE,0.5,200,TRUE,0.00225743825825325,64
39.9391014221924,0,0,39.9391014221924,NA,NA,NA,NA,NA,NA,98.5451819281143,0,39.5581404119618,0,108.522913714364,0,49.0637516067539,0,"chi","un",33,1000,0.5,0,0,0,FALSE,0,FALSE,0.5,200,TRUE,0.00225743825825325,64
39.9391014221924,0,0,39.9391014221924,NA,NA,NA,NA,NA,NA,98.5451819281143,0,39.5581404119618,0,94.2514586152348,0,38.9305392969164,0,"chi","un",33,1000,0.5,0,0,0,FALSE,0,FALSE,0.5,200,TRUE,0.00225743825825325,64
39.9391014221924,0,0,39.9391014221924,NA,NA,NA,NA,NA,NA,98.5451819281143,0,39.5581404119618,0,98.1192373599968,0,40.8882416322895,0,"chi","un",33,1000,0.5,0,0,0,FALSE,0,FALSE,0.5,200,TRUE,0.00225743825825325,64
39.9391014221924,0,0,39.9391014221924,NA,NA,NA,NA,NA,NA,98.5451819281143,0,39.5581404119618,0,83.4869717543884,0,36.4064703848405,0,"chi","un",33,1000,0.5,0,0,0,FALSE,0,FALSE,0.5,200,TRUE,0.00225743825825325,64
39.9391014221924,0,0,39.9391014221924,NA,NA,NA,117.815848345402,89.2627546247373,146.368942066067,98.5451819281143,0,39.5581404119618,0,103.948794657759,0,40.8908189147004,0,"chi","un",33,1000,0.5,0,0,0,FALSE,0,FALSE,0.5,200,TRUE,0.00225743825825325,64
39.9391014221924,0,0,39.9391014221924,NA,NA,NA,NA,NA,NA,98.5451819281143,0,39.5581404119618,0,98.4071697502567,0,42.5928548683445,0,"chi","un",33,1000,0.5,0,0,0,FALSE,0,FALSE,0.5,200,TRUE,0.00225743825825325,64
39.9391014221924,0,0,39.9391014221924,NA,NA,NA,NA,NA,NA,98.5451819281143,0,39.5581404119618,0,104.92325306913,0,39.7391372004797,0,"chi","un",33,1000,0.5,0,0,0,FALSE,0,FALSE,0.5,200,TRUE,0.00225743825825325,64
39.9391014221924,0,0,39.9391014221924,NA,NA,NA,115.266717291221,91.6463743494553,138.887060232987,98.5451819281143,0,39.5581404119618,0,101.368946181111,0,32.686029372869,0,"chi","un",33,1000,0.5,0,0,0,FALSE,0,FALSE,0.5,200,TRUE,0.00225743825825325,64
39.9391014221924,0,0,39.9391014221924,NA,NA,NA,NA,NA,NA,98.5451819281143,0,39.5581404119618,0,104.421743980501,0,41.0516722645167,0,"chi","un",33,1000,0.5,0,0,0,FALSE,0,FALSE,0.5,200,TRUE,0.00225743825825325,64
39.9391014221924,0,0,39.9391014221924,NA,NA,NA,NA,NA,NA,98.5451819281143,0,39.5581404119618,0,105.846897179205,0,37.0106206748,0,"chi","un",33,1000,0.5,0,0,0,FALSE,0,FALSE,0.5,200,TRUE,0.00225743825825325,64
39.9391014221924,0,0,39.9391014221924,NA,NA,NA,NA,NA,NA,98.5451819281143,0,39.5581404119618,0,55.3255579788131,0,28.1913414120706,0,"chi","un",33,1000,0.5,0,0,0,FALSE,0,FALSE,0.5,200,TRUE,0.00225743825825325,64
39.9391014221924,0,0,39.9391014221924,NA,NA,NA,70.3730550178983,46.9895888657955,93.7565211700012,98.5451819281143,0,39.5581404119618,0,57.2982224446838,0,32.0408831561305,0,"chi","un",33,1000,0.5,0,0,0,FALSE,0,FALSE,0.5,200,TRUE,0.00225743825825325,64
39.9391014221924,0,0,39.9391014221924,NA,NA,NA,NA,NA,NA,98.5451819281143,0,39.5581404119618,0,112.442352639674,0,41.8429654951637,0,"chi","un",33,1000,0.5,0,0,0,FALSE,0,FALSE,0.5,200,TRUE,0.00225743825825325,64
39.9391014221924,0,0,39.9391014221924,NA,NA,NA,NA,NA,NA,98.5451819281143,0,39.5581404119618,0,111.530771748574,0,45.6746596841345,0,"chi","un",33,1000,0.5,0,0,0,FALSE,0,FALSE,0.5,200,TRUE,0.00225743825825325,64
39.9391014221924,0,0,39.9391014221924,NA,NA,NA,NA,NA,NA,98.5451819281143,0,39.5581404119618,0,101.439090795477,0,37.2461109270206,0,"chi","un",33,1000,0.5,0,0,0,FALSE,0,FALSE,0.5,200,TRUE,0.00225743825825325,64
39.9391014221924,0,0,39.9391014221924,NA,NA,NA,NA,NA,NA,98.5451819281143,0,39.5581404119618,0,97.5136236573427,0,49.5647875629291,0,"chi","un",33,1000,0.5,0,0,0,FALSE,0,FALSE,0.5,200,TRUE,0.00225743825825325,64
39.9391014221924,0,0,39.9391014221924,NA,NA,NA,102.873146436524,72.8432972360838,132.902995636963,98.5451819281143,0,39.5581404119618,0,88.4810180154499,0,43.2995136333352,0,"chi","un",33,1000,0.5,0,0,0,FALSE,0,FALSE,0.5,200,TRUE,0.00225743825825325,64
39.9391014221924,0,0,39.9391014221924,NA,NA,NA,NA,NA,NA,98.5451819281143,0,39.5581404119618,0,101.763049077833,0,40.4935394433727,0,"chi","un",33,1000,0.5,0,0,0,FALSE,0,FALSE,0.5,200,TRUE,0.00225743825825325,64
39.9391014221924,0,0,39.9391014221924,NA,NA,NA,NA,NA,NA,98.5451819281143,0,39.5581404119618,0,87.2681637723183,0,40.2340353125588,0,"chi","un",33,1000,0.5,0,0,0,FALSE,0,FALSE,0.5,200,TRUE,0.00225743825825325,64
39.9391014221924,0,0,39.9391014221924,NA,NA,NA,NA,NA,NA,98.5451819281143,0,39.5581404119618,0,74.1292781823799,0,36.4608360259876,0,"chi","un",33,1000,0.5,0,0,0,FALSE,0,FALSE,0.5,200,TRUE,0.00225743825825325,64
39.9391014221924,0,0,39.9391014221924,NA,NA,NA,NA,NA,NA,98.5451819281143,0,39.5581404119618,0,70.5730791891828,0,36.8709197736283,0,"chi","un",33,1000,0.5,0,0,0,FALSE,0,FALSE,0.5,200,TRUE,0.00225743825825325,64
39.9391014221924,0,0,39.9391014221924,NA,NA,NA,NA,NA,NA,98.5451819281143,0,39.5581404119618,0,77.6525335054732,0,33.6373241248063,0,"chi","un",33,1000,0.5,0,0,0,FALSE,0,FALSE,0.5,200,TRUE,0.00225743825825325,64
39.9391014221924,0,0,39.9391014221924,NA,NA,NA,116.587265278713,87.3583453819788,145.816185175448,98.5451819281143,0,39.5581404119618,0,103.390942208218,0,42.4484888189811,0,"chi","un",33,1000,0.5,0,0,0,FALSE,0,FALSE,0.5,200,TRUE,0.00225743825825325,64
39.9391014221924,0,0,39.9391014221924,NA,NA,NA,NA,NA,NA,98.5451819281143,0,39.5581404119618,0,77.6359849989218,0,36.6494530881448,0,"chi","un",33,1000,0.5,0,0,0,FALSE,0,FALSE,0.5,200,TRUE,0.00225743825825325,64
39.9391014221924,0,0,39.9391014221924,NA,NA,NA,NA,NA,NA,98.5451819281143,0,39.5581404119618,0,85.8499362805162,0,36.7526816234239,0,"chi","un",33,1000,0.5,0,0,0,FALSE,0,FALSE,0.5,200,TRUE,0.00225743825825325,64
39.9391014221924,0,0,39.9391014221924,NA,NA,NA,NA,NA,NA,98.5451819281143,0,39.5581404119618,0,78.2028491512923,0,34.4803837299116,0,"chi","un",33,1000,0.5,0,0,0,FALSE,0,FALSE,0.5,200,TRUE,0.00225743825825325,64
39.9391014221924,0,0,39.9391014221924,NA,NA,NA,NA,NA,NA,98.5451819281143,0,39.5581404119618,0,98.4198412287966,0,41.1892734933763,0,"chi","un",33,1000,0.5,0,0,0,FALSE,0,FALSE,0.5,200,TRUE,0.00225743825825325,64
39.9391014221924,0,0,39.9391014221924,NA,NA,NA,NA,NA,NA,98.5451819281143,0,39.5581404119618,0,103.866845942306,0,49.3158863734054,0,"chi","un",33,1000,0.5,0,0,0,FALSE,0,FALSE,0.5,200,TRUE,0.00225743825825325,64
39.9391014221924,0,0,39.9391014221924,NA,NA,NA,NA,NA,NA,98.5451819281143,0,39.5581404119618,0,87.8788244392723,0,36.5331718692782,0,"chi","un",33,1000,0.5,0,0,0,FALSE,0,FALSE,0.5,200,TRUE,0.00225743825825325,64
39.9391014221924,0,0,39.9391014221924,NA,NA,NA,NA,NA,NA,98.5451819281143,0,39.5581404119618,0,87.0028606565971,0,35.438092273089,0,"chi","un",33,1000,0.5,0,0,0,FALSE,0,FALSE,0.5,200,TRUE,0.00225743825825325,64
39.9391014221924,0,0,39.9391014221924,NA,NA,NA,126.769992512749,96.3395513217523,157.200433703746,98.5451819281143,0,39.5581404119618,0,113.124393008299,0,44.7145503394797,0,"chi","un",33,1000,0.5,0,0,0,FALSE,0,FALSE,0.5,200,TRUE,0.00225743825825325,64
39.9391014221924,0,0,39.9391014221924,NA,NA,NA,NA,NA,NA,98.5451819281143,0,39.5581404119618,0,94.2512958476592,0,42.1609109707818,0,"chi","un",33,1000,0.5,0,0,0,FALSE,0,FALSE,0.5,200,TRUE,0.00225743825825325,64
39.9391014221924,0,0,39.9391014221924,NA,NA,NA,NA,NA,NA,98.5451819281143,0,39.5581404119618,0,74.1817320123026,0,37.5184044719321,0,"chi","un",33,1000,0.5,0,0,0,FALSE,0,FALSE,0.5,200,TRUE,0.00225743825825325,64
39.9391014221924,0,0,39.9391014221924,NA,NA,NA,NA,NA,NA,98.5451819281143,0,39.5581404119618,0,89.9374972376199,0,37.3796653851881,0,"chi","un",33,1000,0.5,0,0,0,FALSE,0,FALSE,0.5,200,TRUE,0.00225743825825325,64
39.9391014221924,0,0,39.9391014221924,NA,NA,NA,113.788583814757,85.1494168924919,142.427750737022,98.5451819281143,0,39.5581404119618,0,99.5961682240119,0,41.5116884866839,0,"chi","un",33,1000,0.5,0,0,0,FALSE,0,FALSE,0.5,200,TRUE,0.00225743825825325,64
39.9391014221924,0,0,39.9391014221924,NA,NA,NA,NA,NA,NA,98.5451819281143,0,39.5581404119618,0,100.762225862603,0,35.7503686186001,0,"chi","un",33,1000,0.5,0,0,0,FALSE,0,FALSE,0.5,200,TRUE,0.00225743825825325,64
39.9391014221924,0,0,39.9391014221924,NA,NA,NA,NA,NA,NA,98.5451819281143,0,39.5581404119618,0,85.9291036661963,0,41.4595014439302,0,"chi","un",33,1000,0.5,0,0,0,FALSE,0,FALSE,0.5,200,TRUE,0.00225743825825325,64
39.9391014221924,0,0,39.9391014221924,NA,NA,NA,NA,NA,NA,98.5451819281143,0,39.5581404119618,0,79.6372555358518,0,36.0545008114929,0,"chi","un",33,1000,0.5,0,0,0,FALSE,0,FALSE,0.5,200,TRUE,0.00225743825825325,64
39.9391014221924,0,0,39.9391014221924,NA,NA,NA,124.890179209374,96.0186918647304,153.761666554017,98.5451819281143,0,39.5581404119618,0,110.731271019891,0,42.9895312959741,0,"chi","un",33,1000,0.5,0,0,0,FALSE,0,FALSE,0.5,200,TRUE,0.00225743825825325,64
39.9391014221924,0,0,39.9391014221924,NA,NA,NA,NA,NA,NA,98.5451819281143,0,39.5581404119618,0,83.2144160965041,0,34.0698612223445,0,"chi","un",33,1000,0.5,0,0,0,FALSE,0,FALSE,0.5,200,TRUE,0.00225743825825325,64
39.9391014221924,0,0,39.9391014221924,NA,NA,NA,81.2140478932279,56.0181713515845,106.409924434871,98.5451819281143,0,39.5581404119618,0,68.457600875157,0,36.0640354067582,0,"chi","un",33,1000,0.5,0,0,0,FALSE,0,FALSE,0.5,200,TRUE,0.00225743825825325,64
39.9391014221924,0,0,39.9391014221924,NA,NA,NA,NA,NA,NA,98.5451819281143,0,39.5581404119618,0,92.1311412586585,0,36.0837137888609,0,"chi","un",33,1000,0.5,0,0,0,FALSE,0,FALSE,0.5,200,TRUE,0.00225743825825325,64
39.9391014221924,0,0,39.9391014221924,NA,NA,NA,NA,NA,NA,98.5451819281143,0,39.5581404119618,0,103.976570100947,0,37.9360441565943,0,"chi","un",33,1000,0.5,0,0,0,FALSE,0,FALSE,0.5,200,TRUE,0.00225743825825325,64
39.9391014221924,0,0,39.9391014221924,NA,NA,NA,NA,NA,NA,98.5451819281143,0,39.5581404119618,0,91.6549367658281,0,43.7851076908664,0,"chi","un",33,1000,0.5,0,0,0,FALSE,0,FALSE,0.5,200,TRUE,0.00225743825825325,64
39.9391014221924,0,0,39.9391014221924,NA,NA,NA,NA,NA,NA,98.5451819281143,0,39.5581404119618,0,105.273011238502,0,44.3582149750664,0,"chi","un",33,1000,0.5,0,0,0,FALSE,0,FALSE,0.5,200,TRUE,0.00225743825825325,64
39.9391014221924,0,0,39.9391014221924,NA,NA,NA,114.76627704495,86.9012383003985,142.631315789502,98.5451819281143,0,39.5581404119618,0,98.8812835104407,0,40.2888219388122,0,"chi","un",33,1000,0.5,0,0,0,FALSE,0,FALSE,0.5,200,TRUE,0.00225743825825325,64
39.9391014221924,0,0,39.9391014221924,NA,NA,NA,88.4828052019788,63.3002027146004,113.665407689357,98.5451819281143,0,39.5581404119618,0,74.3370247049556,0,35.5910626299412,0,"chi","un",33,1000,0.5,0,0,0,FALSE,0,FALSE,0.5,200,TRUE,0.00225743825825325,64
39.9391014221924,0,0,39.9391014221924,NA,NA,NA,NA,NA,NA,98.5451819281143,0,39.5581404119618,0,81.9580469363146,0,35.3975437514974,0,"chi","un",33,1000,0.5,0,0,0,FALSE,0,FALSE,0.5,200,TRUE,0.00225743825825325,64
39.9391014221924,0,0,39.9391014221924,NA,NA,NA,118.890411483739,91.3307920997231,146.450030867755,98.5451819281143,0,39.5581404119618,0,103.943937719968,0,40.4029546217785,0,"chi","un",33,1000,0.5,0,0,0,FALSE,0,FALSE,0.5,200,TRUE,0.00225743825825325,64
39.9391014221924,0,0,39.9391014221924,NA,NA,NA,NA,NA,NA,98.5451819281143,0,39.5581404119618,0,97.7407404412714,0,42.0372508038264,0,"chi","un",33,1000,0.5,0,0,0,FALSE,0,FALSE,0.5,200,TRUE,0.00225743825825325,64
39.9391014221924,0,0,39.9391014221924,NA,NA,NA,NA,NA,NA,98.5451819281143,0,39.5581404119618,0,87.7862890645558,0,38.3204805627841,0,"chi","un",33,1000,0.5,0,0,0,FALSE,0,FALSE,0.5,200,TRUE,0.00225743825825325,64
39.9391014221924,0,0,39.9391014221924,NA,NA,NA,NA,NA,NA,98.5451819281143,0,39.5581404119618,0,88.1416972041064,0,41.7356442844713,0,"chi","un",33,1000,0.5,0,0,0,FALSE,0,FALSE,0.5,200,TRUE,0.00225743825825325,64
39.9391014221924,0,0,39.9391014221924,NA,NA,NA,97.9475331923636,73.2669054418794,122.628160942848,98.5451819281143,0,39.5581404119618,0,84.9642876262023,0,33.1665717454034,0,"chi","un",33,1000,0.5,0,0,0,FALSE,0,FALSE,0.5,200,TRUE,0.00225743825825325,64
39.9391014221924,0,0,39.9391014221924,NA,NA,NA,NA,NA,NA,98.5451819281143,0,39.5581404119618,0,136.236248108358,0,44.5901650853139,0,"chi","un",33,1000,0.5,0,0,0,FALSE,0,FALSE,0.5,200,TRUE,0.00225743825825325,64
39.9391014221924,0,0,39.9391014221924,NA,NA,NA,NA,NA,NA,98.5451819281143,0,39.5581404119618,0,96.9658511939741,0,40.8428718599547,0,"chi","un",33,1000,0.5,0,0,0,FALSE,0,FALSE,0.5,200,TRUE,0.00225743825825325,64
39.9391014221924,0,0,39.9391014221924,NA,NA,NA,NA,NA,NA,98.5451819281143,0,39.5581404119618,0,83.3495515403173,0,34.8800791988733,0,"chi","un",33,1000,0.5,0,0,0,FALSE,0,FALSE,0.5,200,TRUE,0.00225743825825325,64
39.9391014221924,0,0,39.9391014221924,NA,NA,NA,91.6002974884991,65.3263594047299,117.874235572268,98.5451819281143,0,39.5581404119618,0,76.9881453290115,0,37.5494193806496,0,"chi","un",33,1000,0.5,0,0,0,FALSE,0,FALSE,0.5,200,TRUE,0.00225743825825325,64
39.9391014221924,0,0,39.9391014221924,NA,NA,NA,NA,NA,NA,98.5451819281143,0,39.5581404119618,0,115.531086251896,0,40.7933075807795,0,"chi","un",33,1000,0.5,0,0,0,FALSE,0,FALSE,0.5,200,TRUE,0.00225743825825325,64
39.9391014221924,0,0,39.9391014221924,NA,NA,NA,NA,NA,NA,98.5451819281143,0,39.5581404119618,0,111.251405553988,0,38.4970833202869,0,"chi","un",33,1000,0.5,0,0,0,FALSE,0,FALSE,0.5,200,TRUE,0.00225743825825325,64
39.9391014221924,0,0,39.9391014221924,NA,NA,NA,NA,NA,NA,98.5451819281143,0,39.5581404119618,0,104.427861103254,0,42.3945405488787,0,"chi","un",33,1000,0.5,0,0,0,FALSE,0,FALSE,0.5,200,TRUE,0.00225743825825325,64
39.9391014221924,0,0,39.9391014221924,NA,NA,NA,NA,NA,NA,98.5451819281143,0,39.5581404119618,0,89.711535476614,0,40.557888711106,0,"chi","un",33,1000,0.5,0,0,0,FALSE,0,FALSE,0.5,200,TRUE,0.00225743825825325,64
39.9391014221924,0,0,39.9391014221924,NA,NA,NA,NA,NA,NA,98.5451819281143,0,39.5581404119618,0,91.8663778481978,0,41.3059213631017,0,"chi","un",33,1000,0.5,0,0,0,FALSE,0,FALSE,0.5,200,TRUE,0.00225743825825325,64
39.9391014221924,0,0,39.9391014221924,NA,NA,NA,113.149583232972,89.5371227650844,136.76204370086,98.5451819281143,0,39.5581404119618,0,100.249665847745,0,32.0340591157941,0,"chi","un",33,1000,0.5,0,0,0,FALSE,0,FALSE,0.5,200,TRUE,0.00225743825825325,64
39.9391014221924,0,0,39.9391014221924,NA,NA,NA,NA,NA,NA,98.5451819281143,0,39.5581404119618,0,79.099886881264,0,41.4688724572356,0,"chi","un",33,1000,0.5,0,0,0,FALSE,0,FALSE,0.5,200,TRUE,0.00225743825825325,64
39.9391014221924,0,0,39.9391014221924,NA,NA,NA,98.3704563023029,72.0796294054815,124.661283199124,98.5451819281143,0,39.5581404119618,0,84.4538335454814,0,36.5869317092153,0,"chi","un",33,1000,0.5,0,0,0,FALSE,0,FALSE,0.5,200,TRUE,0.00225743825825325,64
39.9391014221924,0,0,39.9391014221924,NA,NA,NA,NA,NA,NA,98.5451819281143,0,39.5581404119618,0,83.1269895992447,0,39.2841089930797,0,"chi","un",33,1000,0.5,0,0,0,FALSE,0,FALSE,0.5,200,TRUE,0.00225743825825325,64
39.9391014221924,0,0,39.9391014221924,NA,NA,NA,NA,NA,NA,98.5451819281143,0,39.5581404119618,0,74.525936326397,0,39.6559297529099,0,"chi","un",33,1000,0.5,0,0,0,FALSE,0,FALSE,0.5,200,TRUE,0.00225743825825325,64
39.9391014221924,0,0,39.9391014221924,NA,NA,NA,NA,NA,NA,98.5451819281143,0,39.5581404119618,0,144.175518177263,0,42.7707449662174,0,"chi","un",33,1000,0.5,0,0,0,FALSE,0,FALSE,0.5,200,TRUE,0.00225743825825325,64
39.9391014221924,0,0,39.9391014221924,NA,NA,NA,NA,NA,NA,98.5451819281143,0,39.5581404119618,0,82.1495985760924,0,35.655424113777,0,"chi","un",33,1000,0.5,0,0,0,FALSE,0,FALSE,0.5,200,TRUE,0.00225743825825325,64
39.9391014221924,0,0,39.9391014221924,NA,NA,NA,106.382813305078,76.2232378707663,136.542388739389,98.5451819281143,0,39.5581404119618,0,93.9564914005637,0,44.6713746480979,0,"chi","un",33,1000,0.5,0,0,0,FALSE,0,FALSE,0.5,200,TRUE,0.00225743825825325,64
39.9391014221924,0,0,39.9391014221924,NA,NA,NA,94.0279731126446,67.9867869697752,120.069159255514,98.5451819281143,0,39.5581404119618,0,78.6797154025744,0,36.4942291782666,0,"chi","un",33,1000,0.5,0,0,0,FALSE,0,FALSE,0.5,200,TRUE,0.00225743825825325,64
39.9391014221924,0,0,39.9391014221924,NA,NA,NA,92.5045159231921,65.3955444618721,119.613487384512,98.5451819281143,0,39.5581404119618,0,80.7939916150436,0,40.0695724439182,0,"chi","un",33,1000,0.5,0,0,0,FALSE,0,FALSE,0.5,200,TRUE,0.00225743825825325,64
39.9391014221924,0,0,39.9391014221924,NA,NA,NA,NA,NA,NA,98.5451819281143,0,39.5581404119618,0,77.3342761569484,0,35.182857616765,0,"chi","un",33,1000,0.5,0,0,0,FALSE,0,FALSE,0.5,200,TRUE,0.00225743825825325,64
39.9391014221924,0,0,39.9391014221924,NA,NA,NA,99.3080568803154,71.6278966033998,126.988217157231,98.5451819281143,0,39.5581404119618,0,84.9555033237129,0,38.4975336279604,0,"chi","un",33,1000,0.5,0,0,0,FALSE,0,FALSE,0.5,200,TRUE,0.00225743825825325,64
39.9391014221924,0,0,39.9391014221924,NA,NA,NA,NA,NA,NA,98.5451819281143,0,39.5581404119618,0,96.3051928231094,0,41.0018976985728,0,"chi","un",33,1000,0.5,0,0,0,FALSE,0,FALSE,0.5,200,TRUE,0.00225743825825325,64
39.9391014221924,0,0,39.9391014221924,NA,NA,NA,NA,NA,NA,98.5451819281143,0,39.5581404119618,0,77.3985560454433,0,31.5499467271499,0,"chi","un",33,1000,0.5,0,0,0,FALSE,0,FALSE,0.5,200,TRUE,0.00225743825825325,64
39.9391014221924,0,0,39.9391014221924,NA,NA,NA,NA,NA,NA,98.5451819281143,0,39.5581404119618,0,78.8658371640489,0,37.5181689845904,0,"chi","un",33,1000,0.5,0,0,0,FALSE,0,FALSE,0.5,200,TRUE,0.00225743825825325,64
39.9391014221924,0,0,39.9391014221924,NA,NA,NA,NA,NA,NA,98.5451819281143,0,39.5581404119618,0,89.0364042651237,0,39.5541566832045,0,"chi","un",33,1000,0.5,0,0,0,FALSE,0,FALSE,0.5,200,TRUE,0.00225743825825325,64
39.9391014221924,0,0,39.9391014221924,NA,NA,NA,NA,NA,NA,98.5451819281143,0,39.5581404119618,0,95.6059910356005,0,39.1511601627365,0,"chi","un",33,1000,0.5,0,0,0,FALSE,0,FALSE,0.5,200,TRUE,0.00225743825825325,64
39.9391014221924,0,0,39.9391014221924,NA,NA,NA,NA,NA,NA,98.5451819281143,0,39.5581404119618,0,76.6845676488389,0,37.9579419695118,0,"chi","un",33,1000,0.5,0,0,0,FALSE,0,FALSE,0.5,200,TRUE,0.00225743825825325,64
39.9391014221924,0,0,39.9391014221924,NA,NA,NA,NA,NA,NA,98.5451819281143,0,39.5581404119618,0,84.6768360251374,0,34.9883421892229,0,"chi","un",33,1000,0.5,0,0,0,FALSE,0,FALSE,0.5,200,TRUE,0.00225743825825325,64
39.9391014221924,0,0,39.9391014221924,NA,NA,NA,NA,NA,NA,98.5451819281143,0,39.5581404119618,0,124.839525639259,0,46.3890408577294,0,"chi","un",33,1000,0.5,0,0,0,FALSE,0,FALSE,0.5,200,TRUE,0.00225743825825325,64
39.9391014221924,0,0,39.9391014221924,NA,NA,NA,NA,NA,NA,98.5451819281143,0,39.5581404119618,0,92.738238945851,0,34.7665376521871,0,"chi","un",33,1000,0.5,0,0,0,FALSE,0,FALSE,0.5,200,TRUE,0.00225743825825325,64
39.9391014221924,0,0,39.9391014221924,NA,NA,NA,127.055652146254,98.8878694192839,155.223434873224,98.5451819281143,0,39.5581404119618,0,121.114599331102,0,39.8049720837604,0,"chi","un",33,1000,0.5,0,0,0,FALSE,0,FALSE,0.5,200,TRUE,0.00225743825825325,64
39.9391014221924,0,0,39.9391014221924,NA,NA,NA,113.912364476814,84.6129207416728,143.211808211955,98.5451819281143,0,39.5581404119618,0,100.120234277243,0,42.7936338712416,0,"chi","un",33,1000,0.5,0,0,0,FALSE,0,FALSE,0.5,200,TRUE,0.00225743825825325,64
39.9391014221924,0,0,39.9391014221924,NA,NA,NA,NA,NA,NA,98.5451819281143,0,39.5581404119618,0,99.0817346619152,0,38.931207226879,0,"chi","un",33,1000,0.5,0,0,0,FALSE,0,FALSE,0.5,200,TRUE,0.00225743825825325,64
39.9391014221924,0,0,39.9391014221924,NA,NA,NA,NA,NA,NA,98.5451819281143,0,39.5581404119618,0,76.2217539009574,0,36.5357391545851,0,"chi","un",33,1000,0.5,0,0,0,FALSE,0,FALSE,0.5,200,TRUE,0.00225743825825325,64
39.9391014221924,0,0,39.9391014221924,NA,NA,NA,NA,NA,NA,98.5451819281143,0,39.5581404119618,0,59.0139389725751,0,31.5765737259406,0,"chi","un",33,1000,0.5,0,0,0,FALSE,0,FALSE,0.5,200,TRUE,0.00225743825825325,64
39.9391014221924,0,0,39.9391014221924,NA,NA,NA,NA,NA,NA,98.5451819281143,0,39.5581404119618,0,89.4495789742611,0,36.5435654145944,0,"chi","un",33,1000,0.5,0,0,0,FALSE,0,FALSE,0.5,200,TRUE,0.00225743825825325,64
