"var_main_effect","var_inter_effect","cov_main_inter_effect","var_total_effect","least_square_main","sub_least_square_main","GCTA_main","GCTA_inter","sub_GCTA_main","sub_GCTA_inter","x_dist","structure","p","n","main_fixed_var","main_random_var","inter_fixed_var","inter_random_var","decor","interact","combine","pro","bs","n_sub","rho_e","emp_n","inter_std","i"
10,0,0,0,13.7666505830394,13.7236772078929,13.6025608776795,0,14.073285250355,0,"chi","un",561,600,0.5,0,0,0,TRUE,0,FALSE,101,"leave-1",600,0.5,1e+05,TRUE,61
10,0,0,0,13.7666505830394,14.2365619885861,13.6025608776795,0,14.0958426923851,0,"chi","un",561,600,0.5,0,0,0,TRUE,0,FALSE,101,"leave-1",600,0.5,1e+05,TRUE,61
10,0,0,0,13.7666505830394,14.2220059269599,13.6025608776795,0,15.442653227088,0,"chi","un",561,600,0.5,0,0,0,TRUE,0,FALSE,101,"leave-1",600,0.5,1e+05,TRUE,61
10,0,0,0,13.7666505830394,13.6448918859179,13.6025608776795,0,13.4722300068316,0,"chi","un",561,600,0.5,0,0,0,TRUE,0,FALSE,101,"leave-1",600,0.5,1e+05,TRUE,61
10,0,0,0,13.7666505830394,13.8431318069407,13.6025608776795,0,13.7266428456759,0,"chi","un",561,600,0.5,0,0,0,TRUE,0,FALSE,101,"leave-1",600,0.5,1e+05,TRUE,61
10,0,0,0,13.7666505830394,14.1050770259873,13.6025608776795,0,14.2442912425034,0,"chi","un",561,600,0.5,0,0,0,TRUE,0,FALSE,101,"leave-1",600,0.5,1e+05,TRUE,61
10,0,0,0,13.7666505830394,13.7051458700123,13.6025608776795,0,13.6231178926581,0,"chi","un",561,600,0.5,0,0,0,TRUE,0,FALSE,101,"leave-1",600,0.5,1e+05,TRUE,61
10,0,0,0,13.7666505830394,14.2993013290951,13.6025608776795,0,14.2162995593891,0,"chi","un",561,600,0.5,0,0,0,TRUE,0,FALSE,101,"leave-1",600,0.5,1e+05,TRUE,61
10,0,0,0,13.7666505830394,13.6224215179405,13.6025608776795,0,13.6153928975007,0,"chi","un",561,600,0.5,0,0,0,TRUE,0,FALSE,101,"leave-1",600,0.5,1e+05,TRUE,61
10,0,0,0,13.7666505830394,13.7493466004426,13.6025608776795,0,13.588200877834,0,"chi","un",561,600,0.5,0,0,0,TRUE,0,FALSE,101,"leave-1",600,0.5,1e+05,TRUE,61
10,0,0,0,13.7666505830394,14.3481383626797,13.6025608776795,0,14.2005283072372,0,"chi","un",561,600,0.5,0,0,0,TRUE,0,FALSE,101,"leave-1",600,0.5,1e+05,TRUE,61
10,0,0,0,13.7666505830394,13.6215422496407,13.6025608776795,0,13.4887769510327,0,"chi","un",561,600,0.5,0,0,0,TRUE,0,FALSE,101,"leave-1",600,0.5,1e+05,TRUE,61
10,0,0,0,13.7666505830394,13.5679791861041,13.6025608776795,0,13.4689119308271,0,"chi","un",561,600,0.5,0,0,0,TRUE,0,FALSE,101,"leave-1",600,0.5,1e+05,TRUE,61
10,0,0,0,13.7666505830394,13.6130944888212,13.6025608776795,0,13.5376734794531,0,"chi","un",561,600,0.5,0,0,0,TRUE,0,FALSE,101,"leave-1",600,0.5,1e+05,TRUE,61
10,0,0,0,13.7666505830394,13.8486687965646,13.6025608776795,0,13.7849281342638,0,"chi","un",561,600,0.5,0,0,0,TRUE,0,FALSE,101,"leave-1",600,0.5,1e+05,TRUE,61
10,0,0,0,13.7666505830394,13.4035048563905,13.6025608776795,0,13.2615013737209,0,"chi","un",561,600,0.5,0,0,0,TRUE,0,FALSE,101,"leave-1",600,0.5,1e+05,TRUE,61
10,0,0,0,13.7666505830394,13.6565812593188,13.6025608776795,0,13.7724406176805,0,"chi","un",561,600,0.5,0,0,0,TRUE,0,FALSE,101,"leave-1",600,0.5,1e+05,TRUE,61
10,0,0,0,13.7666505830394,13.620108631529,13.6025608776795,0,13.457122791476,0,"chi","un",561,600,0.5,0,0,0,TRUE,0,FALSE,101,"leave-1",600,0.5,1e+05,TRUE,61
10,0,0,0,13.7666505830394,14.3450340084726,13.6025608776795,0,14.1926019286107,0,"chi","un",561,600,0.5,0,0,0,TRUE,0,FALSE,101,"leave-1",600,0.5,1e+05,TRUE,61
10,0,0,0,13.7666505830394,13.6296997816316,13.6025608776795,0,14.1299141219839,0,"chi","un",561,600,0.5,0,0,0,TRUE,0,FALSE,101,"leave-1",600,0.5,1e+05,TRUE,61
10,0,0,0,13.7666505830394,13.6404684281546,13.6025608776795,0,13.6014005402134,0,"chi","un",561,600,0.5,0,0,0,TRUE,0,FALSE,101,"leave-1",600,0.5,1e+05,TRUE,61
10,0,0,0,13.7666505830394,13.6623859410448,13.6025608776795,0,13.4937515503076,0,"chi","un",561,600,0.5,0,0,0,TRUE,0,FALSE,101,"leave-1",600,0.5,1e+05,TRUE,61
10,0,0,0,13.7666505830394,13.8183078265707,13.6025608776795,0,13.7482408506888,0,"chi","un",561,600,0.5,0,0,0,TRUE,0,FALSE,101,"leave-1",600,0.5,1e+05,TRUE,61
10,0,0,0,13.7666505830394,13.5812344722956,13.6025608776795,0,14.1431407281422,0,"chi","un",561,600,0.5,0,0,0,TRUE,0,FALSE,101,"leave-1",600,0.5,1e+05,TRUE,61
10,0,0,0,13.7666505830394,14.087078883723,13.6025608776795,0,14.4435865400764,0,"chi","un",561,600,0.5,0,0,0,TRUE,0,FALSE,101,"leave-1",600,0.5,1e+05,TRUE,61
10,0,0,0,13.7666505830394,13.6337004375788,13.6025608776795,0,13.639166652865,0,"chi","un",561,600,0.5,0,0,0,TRUE,0,FALSE,101,"leave-1",600,0.5,1e+05,TRUE,61
10,0,0,0,13.7666505830394,13.9199701603967,13.6025608776795,0,13.7597286432239,0,"chi","un",561,600,0.5,0,0,0,TRUE,0,FALSE,101,"leave-1",600,0.5,1e+05,TRUE,61
10,0,0,0,13.7666505830394,14.1708427070019,13.6025608776795,0,NA,NA,"chi","un",561,600,0.5,0,0,0,TRUE,0,FALSE,101,"leave-1",600,0.5,1e+05,TRUE,61
10,0,0,0,13.7666505830394,13.702963591502,13.6025608776795,0,13.6817753744061,0,"chi","un",561,600,0.5,0,0,0,TRUE,0,FALSE,101,"leave-1",600,0.5,1e+05,TRUE,61
10,0,0,0,13.7666505830394,13.7609302248514,13.6025608776795,0,13.5958622695124,0,"chi","un",561,600,0.5,0,0,0,TRUE,0,FALSE,101,"leave-1",600,0.5,1e+05,TRUE,61
10,0,0,0,13.7666505830394,14.0253035000061,13.6025608776795,0,14.2006327844498,0,"chi","un",561,600,0.5,0,0,0,TRUE,0,FALSE,101,"leave-1",600,0.5,1e+05,TRUE,61
10,0,0,0,13.7666505830394,13.6538992541218,13.6025608776795,0,13.4890121659987,0,"chi","un",561,600,0.5,0,0,0,TRUE,0,FALSE,101,"leave-1",600,0.5,1e+05,TRUE,61
10,0,0,0,13.7666505830394,13.9373339936067,13.6025608776795,0,13.7867680259249,0,"chi","un",561,600,0.5,0,0,0,TRUE,0,FALSE,101,"leave-1",600,0.5,1e+05,TRUE,61
10,0,0,0,13.7666505830394,13.80064329195,13.6025608776795,0,13.7265381878568,0,"chi","un",561,600,0.5,0,0,0,TRUE,0,FALSE,101,"leave-1",600,0.5,1e+05,TRUE,61
10,0,0,0,13.7666505830394,14.1064848786124,13.6025608776795,0,14.2987724283657,0,"chi","un",561,600,0.5,0,0,0,TRUE,0,FALSE,101,"leave-1",600,0.5,1e+05,TRUE,61
10,0,0,0,13.7666505830394,13.6404801196105,13.6025608776795,0,13.7327429375863,0,"chi","un",561,600,0.5,0,0,0,TRUE,0,FALSE,101,"leave-1",600,0.5,1e+05,TRUE,61
10,0,0,0,13.7666505830394,13.7708277649973,13.6025608776795,0,13.6318108588557,0,"chi","un",561,600,0.5,0,0,0,TRUE,0,FALSE,101,"leave-1",600,0.5,1e+05,TRUE,61
10,0,0,0,13.7666505830394,13.6490059871014,13.6025608776795,0,13.6211809288329,0,"chi","un",561,600,0.5,0,0,0,TRUE,0,FALSE,101,"leave-1",600,0.5,1e+05,TRUE,61
10,0,0,0,13.7666505830394,13.622507075039,13.6025608776795,0,13.7065782004698,0,"chi","un",561,600,0.5,0,0,0,TRUE,0,FALSE,101,"leave-1",600,0.5,1e+05,TRUE,61
10,0,0,0,13.7666505830394,13.6969788821205,13.6025608776795,0,14.0149835989992,0,"chi","un",561,600,0.5,0,0,0,TRUE,0,FALSE,101,"leave-1",600,0.5,1e+05,TRUE,61
10,0,0,0,13.7666505830394,13.5091243433285,13.6025608776795,0,13.9235324310353,0,"chi","un",561,600,0.5,0,0,0,TRUE,0,FALSE,101,"leave-1",600,0.5,1e+05,TRUE,61
10,0,0,0,13.7666505830394,13.7248827703519,13.6025608776795,0,13.5564162159217,0,"chi","un",561,600,0.5,0,0,0,TRUE,0,FALSE,101,"leave-1",600,0.5,1e+05,TRUE,61
10,0,0,0,13.7666505830394,13.6289758754806,13.6025608776795,0,13.4634393060312,0,"chi","un",561,600,0.5,0,0,0,TRUE,0,FALSE,101,"leave-1",600,0.5,1e+05,TRUE,61
10,0,0,0,13.7666505830394,13.8520578665159,13.6025608776795,0,13.7640296026209,0,"chi","un",561,600,0.5,0,0,0,TRUE,0,FALSE,101,"leave-1",600,0.5,1e+05,TRUE,61
10,0,0,0,13.7666505830394,13.6556580491191,13.6025608776795,0,13.5095172136379,0,"chi","un",561,600,0.5,0,0,0,TRUE,0,FALSE,101,"leave-1",600,0.5,1e+05,TRUE,61
10,0,0,0,13.7666505830394,13.5491154809474,13.6025608776795,0,13.4389661722121,0,"chi","un",561,600,0.5,0,0,0,TRUE,0,FALSE,101,"leave-1",600,0.5,1e+05,TRUE,61
10,0,0,0,13.7666505830394,13.6839759718742,13.6025608776795,0,13.5114818266085,0,"chi","un",561,600,0.5,0,0,0,TRUE,0,FALSE,101,"leave-1",600,0.5,1e+05,TRUE,61
10,0,0,0,13.7666505830394,13.9607202323931,13.6025608776795,0,13.9857814697373,0,"chi","un",561,600,0.5,0,0,0,TRUE,0,FALSE,101,"leave-1",600,0.5,1e+05,TRUE,61
10,0,0,0,13.7666505830394,13.5759268348761,13.6025608776795,0,13.8496336820651,0,"chi","un",561,600,0.5,0,0,0,TRUE,0,FALSE,101,"leave-1",600,0.5,1e+05,TRUE,61
10,0,0,0,13.7666505830394,14.0786482954493,13.6025608776795,0,13.9180306304169,0,"chi","un",561,600,0.5,0,0,0,TRUE,0,FALSE,101,"leave-1",600,0.5,1e+05,TRUE,61
10,0,0,0,13.7666505830394,13.6313226693336,13.6025608776795,0,13.4778052344699,0,"chi","un",561,600,0.5,0,0,0,TRUE,0,FALSE,101,"leave-1",600,0.5,1e+05,TRUE,61
10,0,0,0,13.7666505830394,13.3942010130327,13.6025608776795,0,13.4345863236318,0,"chi","un",561,600,0.5,0,0,0,TRUE,0,FALSE,101,"leave-1",600,0.5,1e+05,TRUE,61
10,0,0,0,13.7666505830394,14.0258748471477,13.6025608776795,0,14.1849321799572,0,"chi","un",561,600,0.5,0,0,0,TRUE,0,FALSE,101,"leave-1",600,0.5,1e+05,TRUE,61
10,0,0,0,13.7666505830394,14.515329263773,13.6025608776795,0,14.4611359159907,0,"chi","un",561,600,0.5,0,0,0,TRUE,0,FALSE,101,"leave-1",600,0.5,1e+05,TRUE,61
10,0,0,0,13.7666505830394,13.5388413001153,13.6025608776795,0,13.4646452488575,0,"chi","un",561,600,0.5,0,0,0,TRUE,0,FALSE,101,"leave-1",600,0.5,1e+05,TRUE,61
10,0,0,0,13.7666505830394,13.6399470312389,13.6025608776795,0,13.4888125419277,0,"chi","un",561,600,0.5,0,0,0,TRUE,0,FALSE,101,"leave-1",600,0.5,1e+05,TRUE,61
10,0,0,0,13.7666505830394,13.5818241496987,13.6025608776795,0,14.8150851163655,0,"chi","un",561,600,0.5,0,0,0,TRUE,0,FALSE,101,"leave-1",600,0.5,1e+05,TRUE,61
10,0,0,0,13.7666505830394,13.5945291966129,13.6025608776795,0,13.5681544574761,0,"chi","un",561,600,0.5,0,0,0,TRUE,0,FALSE,101,"leave-1",600,0.5,1e+05,TRUE,61
10,0,0,0,13.7666505830394,13.7481738982053,13.6025608776795,0,13.6035526990105,0,"chi","un",561,600,0.5,0,0,0,TRUE,0,FALSE,101,"leave-1",600,0.5,1e+05,TRUE,61
10,0,0,0,13.7666505830394,13.5768226473452,13.6025608776795,0,13.5104624632843,0,"chi","un",561,600,0.5,0,0,0,TRUE,0,FALSE,101,"leave-1",600,0.5,1e+05,TRUE,61
10,0,0,0,13.7666505830394,14.0524451286917,13.6025608776795,0,13.8918076385218,0,"chi","un",561,600,0.5,0,0,0,TRUE,0,FALSE,101,"leave-1",600,0.5,1e+05,TRUE,61
10,0,0,0,13.7666505830394,13.6734909298352,13.6025608776795,0,14.0591936620961,0,"chi","un",561,600,0.5,0,0,0,TRUE,0,FALSE,101,"leave-1",600,0.5,1e+05,TRUE,61
10,0,0,0,13.7666505830394,13.620177067491,13.6025608776795,0,13.8736253708134,0,"chi","un",561,600,0.5,0,0,0,TRUE,0,FALSE,101,"leave-1",600,0.5,1e+05,TRUE,61
10,0,0,0,13.7666505830394,13.676861450526,13.6025608776795,0,13.5312404979691,0,"chi","un",561,600,0.5,0,0,0,TRUE,0,FALSE,101,"leave-1",600,0.5,1e+05,TRUE,61
10,0,0,0,13.7666505830394,13.6201766817621,13.6025608776795,0,13.4597315171526,0,"chi","un",561,600,0.5,0,0,0,TRUE,0,FALSE,101,"leave-1",600,0.5,1e+05,TRUE,61
10,0,0,0,13.7666505830394,13.6710840536704,13.6025608776795,0,13.7060114399308,0,"chi","un",561,600,0.5,0,0,0,TRUE,0,FALSE,101,"leave-1",600,0.5,1e+05,TRUE,61
10,0,0,0,13.7666505830394,13.9423449624995,13.6025608776795,0,13.9045181121629,0,"chi","un",561,600,0.5,0,0,0,TRUE,0,FALSE,101,"leave-1",600,0.5,1e+05,TRUE,61
10,0,0,0,13.7666505830394,13.6316597132529,13.6025608776795,0,13.9407243496024,0,"chi","un",561,600,0.5,0,0,0,TRUE,0,FALSE,101,"leave-1",600,0.5,1e+05,TRUE,61
10,0,0,0,13.7666505830394,13.9295180185398,13.6025608776795,0,14.1424504148174,0,"chi","un",561,600,0.5,0,0,0,TRUE,0,FALSE,101,"leave-1",600,0.5,1e+05,TRUE,61
10,0,0,0,13.7666505830394,13.712282686394,13.6025608776795,0,13.5437155339831,0,"chi","un",561,600,0.5,0,0,0,TRUE,0,FALSE,101,"leave-1",600,0.5,1e+05,TRUE,61
10,0,0,0,13.7666505830394,13.8439102168062,13.6025608776795,0,13.7540815883593,0,"chi","un",561,600,0.5,0,0,0,TRUE,0,FALSE,101,"leave-1",600,0.5,1e+05,TRUE,61
10,0,0,0,13.7666505830394,13.750147544789,13.6025608776795,0,13.5908164488646,0,"chi","un",561,600,0.5,0,0,0,TRUE,0,FALSE,101,"leave-1",600,0.5,1e+05,TRUE,61
10,0,0,0,13.7666505830394,14.0924044612962,13.6025608776795,0,14.1000470321455,0,"chi","un",561,600,0.5,0,0,0,TRUE,0,FALSE,101,"leave-1",600,0.5,1e+05,TRUE,61
10,0,0,0,13.7666505830394,13.4793062476495,13.6025608776795,0,13.3899352371756,0,"chi","un",561,600,0.5,0,0,0,TRUE,0,FALSE,101,"leave-1",600,0.5,1e+05,TRUE,61
10,0,0,0,13.7666505830394,13.6025806059689,13.6025608776795,0,13.4582935388809,0,"chi","un",561,600,0.5,0,0,0,TRUE,0,FALSE,101,"leave-1",600,0.5,1e+05,TRUE,61
10,0,0,0,13.7666505830394,13.6710430593864,13.6025608776795,0,13.5024624936031,0,"chi","un",561,600,0.5,0,0,0,TRUE,0,FALSE,101,"leave-1",600,0.5,1e+05,TRUE,61
10,0,0,0,13.7666505830394,13.4722726512276,13.6025608776795,0,13.6398618629712,0,"chi","un",561,600,0.5,0,0,0,TRUE,0,FALSE,101,"leave-1",600,0.5,1e+05,TRUE,61
10,0,0,0,13.7666505830394,14.1097110196815,13.6025608776795,0,14.0312771633875,0,"chi","un",561,600,0.5,0,0,0,TRUE,0,FALSE,101,"leave-1",600,0.5,1e+05,TRUE,61
10,0,0,0,13.7666505830394,13.6708410569831,13.6025608776795,0,14.8011945922527,0,"chi","un",561,600,0.5,0,0,0,TRUE,0,FALSE,101,"leave-1",600,0.5,1e+05,TRUE,61
10,0,0,0,13.7666505830394,13.6128041118916,13.6025608776795,0,13.6241653922681,0,"chi","un",561,600,0.5,0,0,0,TRUE,0,FALSE,101,"leave-1",600,0.5,1e+05,TRUE,61
10,0,0,0,13.7666505830394,13.5307533130342,13.6025608776795,0,13.4209232915891,0,"chi","un",561,600,0.5,0,0,0,TRUE,0,FALSE,101,"leave-1",600,0.5,1e+05,TRUE,61
10,0,0,0,13.7666505830394,13.9254718832721,13.6025608776795,0,13.8464970447017,0,"chi","un",561,600,0.5,0,0,0,TRUE,0,FALSE,101,"leave-1",600,0.5,1e+05,TRUE,61
10,0,0,0,13.7666505830394,14.1578238263862,13.6025608776795,0,14.0186743149757,0,"chi","un",561,600,0.5,0,0,0,TRUE,0,FALSE,101,"leave-1",600,0.5,1e+05,TRUE,61
10,0,0,0,13.7666505830394,13.8211667904997,13.6025608776795,0,13.7298706893098,0,"chi","un",561,600,0.5,0,0,0,TRUE,0,FALSE,101,"leave-1",600,0.5,1e+05,TRUE,61
10,0,0,0,13.7666505830394,13.7505514486463,13.6025608776795,0,13.8458216424798,0,"chi","un",561,600,0.5,0,0,0,TRUE,0,FALSE,101,"leave-1",600,0.5,1e+05,TRUE,61
10,0,0,0,13.7666505830394,13.8661473897858,13.6025608776795,0,13.8206288762093,0,"chi","un",561,600,0.5,0,0,0,TRUE,0,FALSE,101,"leave-1",600,0.5,1e+05,TRUE,61
10,0,0,0,13.7666505830394,13.7453723654242,13.6025608776795,0,13.9902426658009,0,"chi","un",561,600,0.5,0,0,0,TRUE,0,FALSE,101,"leave-1",600,0.5,1e+05,TRUE,61
10,0,0,0,13.7666505830394,15.4423500889486,13.6025608776795,0,15.7325754818608,0,"chi","un",561,600,0.5,0,0,0,TRUE,0,FALSE,101,"leave-1",600,0.5,1e+05,TRUE,61
10,0,0,0,13.7666505830394,13.6221377616086,13.6025608776795,0,13.454681419241,0,"chi","un",561,600,0.5,0,0,0,TRUE,0,FALSE,101,"leave-1",600,0.5,1e+05,TRUE,61
10,0,0,0,13.7666505830394,13.6293184277046,13.6025608776795,0,13.4994294279168,0,"chi","un",561,600,0.5,0,0,0,TRUE,0,FALSE,101,"leave-1",600,0.5,1e+05,TRUE,61
10,0,0,0,13.7666505830394,13.6346723914189,13.6025608776795,0,13.7471940279663,0,"chi","un",561,600,0.5,0,0,0,TRUE,0,FALSE,101,"leave-1",600,0.5,1e+05,TRUE,61
10,0,0,0,13.7666505830394,13.6554967509681,13.6025608776795,0,14.1473902786774,0,"chi","un",561,600,0.5,0,0,0,TRUE,0,FALSE,101,"leave-1",600,0.5,1e+05,TRUE,61
10,0,0,0,13.7666505830394,14.0969297638467,13.6025608776795,0,13.9359699763716,0,"chi","un",561,600,0.5,0,0,0,TRUE,0,FALSE,101,"leave-1",600,0.5,1e+05,TRUE,61
10,0,0,0,13.7666505830394,13.5693519700201,13.6025608776795,0,13.4373412413562,0,"chi","un",561,600,0.5,0,0,0,TRUE,0,FALSE,101,"leave-1",600,0.5,1e+05,TRUE,61
10,0,0,0,13.7666505830394,13.6831797798305,13.6025608776795,0,13.8893546339662,0,"chi","un",561,600,0.5,0,0,0,TRUE,0,FALSE,101,"leave-1",600,0.5,1e+05,TRUE,61
10,0,0,0,13.7666505830394,13.6474546643402,13.6025608776795,0,13.5360934109011,0,"chi","un",561,600,0.5,0,0,0,TRUE,0,FALSE,101,"leave-1",600,0.5,1e+05,TRUE,61
10,0,0,0,13.7666505830394,13.5091756292156,13.6025608776795,0,13.468429068495,0,"chi","un",561,600,0.5,0,0,0,TRUE,0,FALSE,101,"leave-1",600,0.5,1e+05,TRUE,61
10,0,0,0,13.7666505830394,13.9091151341856,13.6025608776795,0,13.8748516633233,0,"chi","un",561,600,0.5,0,0,0,TRUE,0,FALSE,101,"leave-1",600,0.5,1e+05,TRUE,61
10,0,0,0,13.7666505830394,13.7027483380636,13.6025608776795,0,13.6326673428366,0,"chi","un",561,600,0.5,0,0,0,TRUE,0,FALSE,101,"leave-1",600,0.5,1e+05,TRUE,61
10,0,0,0,13.7666505830394,13.8656143537531,13.6025608776795,0,13.7317161324114,0,"chi","un",561,600,0.5,0,0,0,TRUE,0,FALSE,101,"leave-1",600,0.5,1e+05,TRUE,61
10,0,0,0,13.7666505830394,13.5754155081345,13.6025608776795,0,13.8621301452179,0,"chi","un",561,600,0.5,0,0,0,TRUE,0,FALSE,101,"leave-1",600,0.5,1e+05,TRUE,61
10,0,0,0,13.7666505830394,14.1794703806975,13.6025608776795,0,14.342180940305,0,"chi","un",561,600,0.5,0,0,0,TRUE,0,FALSE,101,"leave-1",600,0.5,1e+05,TRUE,61
10,0,0,0,13.7666505830394,13.7167008065346,13.6025608776795,0,13.5453918957769,0,"chi","un",561,600,0.5,0,0,0,TRUE,0,FALSE,101,"leave-1",600,0.5,1e+05,TRUE,61
10,0,0,0,13.7666505830394,13.5820519610524,13.6025608776795,0,13.6571611004267,0,"chi","un",561,600,0.5,0,0,0,TRUE,0,FALSE,101,"leave-1",600,0.5,1e+05,TRUE,61
10,0,0,0,13.7666505830394,14.3234984495657,13.6025608776795,0,14.2611646351831,0,"chi","un",561,600,0.5,0,0,0,TRUE,0,FALSE,101,"leave-1",600,0.5,1e+05,TRUE,61
10,0,0,0,13.7666505830394,13.5994324691145,13.6025608776795,0,13.431007197239,0,"chi","un",561,600,0.5,0,0,0,TRUE,0,FALSE,101,"leave-1",600,0.5,1e+05,TRUE,61
10,0,0,0,13.7666505830394,14.1505165263137,13.6025608776795,0,14.2403436349934,0,"chi","un",561,600,0.5,0,0,0,TRUE,0,FALSE,101,"leave-1",600,0.5,1e+05,TRUE,61
10,0,0,0,13.7666505830394,13.6281176811792,13.6025608776795,0,13.5565734902787,0,"chi","un",561,600,0.5,0,0,0,TRUE,0,FALSE,101,"leave-1",600,0.5,1e+05,TRUE,61
10,0,0,0,13.7666505830394,13.7088040990707,13.6025608776795,0,13.538193497284,0,"chi","un",561,600,0.5,0,0,0,TRUE,0,FALSE,101,"leave-1",600,0.5,1e+05,TRUE,61
10,0,0,0,13.7666505830394,13.6224271519805,13.6025608776795,0,13.5817292672702,0,"chi","un",561,600,0.5,0,0,0,TRUE,0,FALSE,101,"leave-1",600,0.5,1e+05,TRUE,61
10,0,0,0,13.7666505830394,13.6024798330257,13.6025608776795,0,13.45093094148,0,"chi","un",561,600,0.5,0,0,0,TRUE,0,FALSE,101,"leave-1",600,0.5,1e+05,TRUE,61
10,0,0,0,13.7666505830394,13.5884224897509,13.6025608776795,0,13.4154126580764,0,"chi","un",561,600,0.5,0,0,0,TRUE,0,FALSE,101,"leave-1",600,0.5,1e+05,TRUE,61
10,0,0,0,13.7666505830394,14.1392941499227,13.6025608776795,0,13.9892844650908,0,"chi","un",561,600,0.5,0,0,0,TRUE,0,FALSE,101,"leave-1",600,0.5,1e+05,TRUE,61
10,0,0,0,13.7666505830394,13.9492180854984,13.6025608776795,0,14.6457520486216,0,"chi","un",561,600,0.5,0,0,0,TRUE,0,FALSE,101,"leave-1",600,0.5,1e+05,TRUE,61
10,0,0,0,13.7666505830394,14.0390252379759,13.6025608776795,0,13.8882192284715,0,"chi","un",561,600,0.5,0,0,0,TRUE,0,FALSE,101,"leave-1",600,0.5,1e+05,TRUE,61
10,0,0,0,13.7666505830394,13.6016959227993,13.6025608776795,0,13.5148758535985,0,"chi","un",561,600,0.5,0,0,0,TRUE,0,FALSE,101,"leave-1",600,0.5,1e+05,TRUE,61
10,0,0,0,13.7666505830394,13.540677921286,13.6025608776795,0,13.9827959787744,0,"chi","un",561,600,0.5,0,0,0,TRUE,0,FALSE,101,"leave-1",600,0.5,1e+05,TRUE,61
10,0,0,0,13.7666505830394,13.3813603525722,13.6025608776795,0,13.2784266314071,0,"chi","un",561,600,0.5,0,0,0,TRUE,0,FALSE,101,"leave-1",600,0.5,1e+05,TRUE,61
10,0,0,0,13.7666505830394,13.6993081251679,13.6025608776795,0,13.6878958533406,0,"chi","un",561,600,0.5,0,0,0,TRUE,0,FALSE,101,"leave-1",600,0.5,1e+05,TRUE,61
10,0,0,0,13.7666505830394,13.8481535382707,13.6025608776795,0,13.973201828285,0,"chi","un",561,600,0.5,0,0,0,TRUE,0,FALSE,101,"leave-1",600,0.5,1e+05,TRUE,61
10,0,0,0,13.7666505830394,13.6088807390495,13.6025608776795,0,13.4455972666391,0,"chi","un",561,600,0.5,0,0,0,TRUE,0,FALSE,101,"leave-1",600,0.5,1e+05,TRUE,61
10,0,0,0,13.7666505830394,13.6011413405328,13.6025608776795,0,14.8916845599216,0,"chi","un",561,600,0.5,0,0,0,TRUE,0,FALSE,101,"leave-1",600,0.5,1e+05,TRUE,61
10,0,0,0,13.7666505830394,13.5730229377873,13.6025608776795,0,14.6618037195373,0,"chi","un",561,600,0.5,0,0,0,TRUE,0,FALSE,101,"leave-1",600,0.5,1e+05,TRUE,61
10,0,0,0,13.7666505830394,13.4763046542374,13.6025608776795,0,13.4108171874832,0,"chi","un",561,600,0.5,0,0,0,TRUE,0,FALSE,101,"leave-1",600,0.5,1e+05,TRUE,61
10,0,0,0,13.7666505830394,13.8879690007559,13.6025608776795,0,13.9009649672822,0,"chi","un",561,600,0.5,0,0,0,TRUE,0,FALSE,101,"leave-1",600,0.5,1e+05,TRUE,61
10,0,0,0,13.7666505830394,13.6562842416796,13.6025608776795,0,13.5013740446814,0,"chi","un",561,600,0.5,0,0,0,TRUE,0,FALSE,101,"leave-1",600,0.5,1e+05,TRUE,61
10,0,0,0,13.7666505830394,13.8207013890516,13.6025608776795,0,13.7072950131668,0,"chi","un",561,600,0.5,0,0,0,TRUE,0,FALSE,101,"leave-1",600,0.5,1e+05,TRUE,61
10,0,0,0,13.7666505830394,13.6204682328214,13.6025608776795,0,13.820928454008,0,"chi","un",561,600,0.5,0,0,0,TRUE,0,FALSE,101,"leave-1",600,0.5,1e+05,TRUE,61
10,0,0,0,13.7666505830394,13.6308855570777,13.6025608776795,0,13.5609947006726,0,"chi","un",561,600,0.5,0,0,0,TRUE,0,FALSE,101,"leave-1",600,0.5,1e+05,TRUE,61
10,0,0,0,13.7666505830394,13.65423881675,13.6025608776795,0,13.5007370407126,0,"chi","un",561,600,0.5,0,0,0,TRUE,0,FALSE,101,"leave-1",600,0.5,1e+05,TRUE,61
10,0,0,0,13.7666505830394,13.753487410527,13.6025608776795,0,13.5889305881313,0,"chi","un",561,600,0.5,0,0,0,TRUE,0,FALSE,101,"leave-1",600,0.5,1e+05,TRUE,61
10,0,0,0,13.7666505830394,13.7441867387976,13.6025608776795,0,13.5763701918608,0,"chi","un",561,600,0.5,0,0,0,TRUE,0,FALSE,101,"leave-1",600,0.5,1e+05,TRUE,61
10,0,0,0,13.7666505830394,13.6976099978136,13.6025608776795,0,13.598758816534,0,"chi","un",561,600,0.5,0,0,0,TRUE,0,FALSE,101,"leave-1",600,0.5,1e+05,TRUE,61
10,0,0,0,13.7666505830394,13.6746365978333,13.6025608776795,0,13.4998248948387,0,"chi","un",561,600,0.5,0,0,0,TRUE,0,FALSE,101,"leave-1",600,0.5,1e+05,TRUE,61
10,0,0,0,13.7666505830394,13.4347806996624,13.6025608776795,0,13.4102818161482,0,"chi","un",561,600,0.5,0,0,0,TRUE,0,FALSE,101,"leave-1",600,0.5,1e+05,TRUE,61
10,0,0,0,13.7666505830394,13.5349838316345,13.6025608776795,0,13.9646323340538,0,"chi","un",561,600,0.5,0,0,0,TRUE,0,FALSE,101,"leave-1",600,0.5,1e+05,TRUE,61
10,0,0,0,13.7666505830394,13.1286087435344,13.6025608776795,0,NA,NA,"chi","un",561,600,0.5,0,0,0,TRUE,0,FALSE,101,"leave-1",600,0.5,1e+05,TRUE,61
10,0,0,0,13.7666505830394,15.367427803932,13.6025608776795,0,15.7066253255229,0,"chi","un",561,600,0.5,0,0,0,TRUE,0,FALSE,101,"leave-1",600,0.5,1e+05,TRUE,61
10,0,0,0,13.7666505830394,13.7955790816382,13.6025608776795,0,13.7859686602591,0,"chi","un",561,600,0.5,0,0,0,TRUE,0,FALSE,101,"leave-1",600,0.5,1e+05,TRUE,61
10,0,0,0,13.7666505830394,14.1114884828586,13.6025608776795,0,13.9559394049234,0,"chi","un",561,600,0.5,0,0,0,TRUE,0,FALSE,101,"leave-1",600,0.5,1e+05,TRUE,61
10,0,0,0,13.7666505830394,14.4292616376161,13.6025608776795,0,14.6044716062516,0,"chi","un",561,600,0.5,0,0,0,TRUE,0,FALSE,101,"leave-1",600,0.5,1e+05,TRUE,61
10,0,0,0,13.7666505830394,13.5386245403167,13.6025608776795,0,13.4585294619714,0,"chi","un",561,600,0.5,0,0,0,TRUE,0,FALSE,101,"leave-1",600,0.5,1e+05,TRUE,61
10,0,0,0,13.7666505830394,14.6228082878112,13.6025608776795,0,14.5918643147108,0,"chi","un",561,600,0.5,0,0,0,TRUE,0,FALSE,101,"leave-1",600,0.5,1e+05,TRUE,61
10,0,0,0,13.7666505830394,13.6861645774635,13.6025608776795,0,13.5199060791894,0,"chi","un",561,600,0.5,0,0,0,TRUE,0,FALSE,101,"leave-1",600,0.5,1e+05,TRUE,61
10,0,0,0,13.7666505830394,13.6425561577384,13.6025608776795,0,13.5353893803077,0,"chi","un",561,600,0.5,0,0,0,TRUE,0,FALSE,101,"leave-1",600,0.5,1e+05,TRUE,61
10,0,0,0,13.7666505830394,13.6947541718378,13.6025608776795,0,13.6571253315687,0,"chi","un",561,600,0.5,0,0,0,TRUE,0,FALSE,101,"leave-1",600,0.5,1e+05,TRUE,61
10,0,0,0,13.7666505830394,13.6646605750992,13.6025608776795,0,13.7048227878917,0,"chi","un",561,600,0.5,0,0,0,TRUE,0,FALSE,101,"leave-1",600,0.5,1e+05,TRUE,61
10,0,0,0,13.7666505830394,13.9251544039562,13.6025608776795,0,13.8592160367793,0,"chi","un",561,600,0.5,0,0,0,TRUE,0,FALSE,101,"leave-1",600,0.5,1e+05,TRUE,61
10,0,0,0,13.7666505830394,13.7498756493552,13.6025608776795,0,13.7670622478584,0,"chi","un",561,600,0.5,0,0,0,TRUE,0,FALSE,101,"leave-1",600,0.5,1e+05,TRUE,61
10,0,0,0,13.7666505830394,13.6212213387955,13.6025608776795,0,13.5755578786585,0,"chi","un",561,600,0.5,0,0,0,TRUE,0,FALSE,101,"leave-1",600,0.5,1e+05,TRUE,61
10,0,0,0,13.7666505830394,13.8956726668082,13.6025608776795,0,13.8862456769992,0,"chi","un",561,600,0.5,0,0,0,TRUE,0,FALSE,101,"leave-1",600,0.5,1e+05,TRUE,61
10,0,0,0,13.7666505830394,13.7831143288865,13.6025608776795,0,NA,NA,"chi","un",561,600,0.5,0,0,0,TRUE,0,FALSE,101,"leave-1",600,0.5,1e+05,TRUE,61
10,0,0,0,13.7666505830394,13.8979266116116,13.6025608776795,0,13.7576742298966,0,"chi","un",561,600,0.5,0,0,0,TRUE,0,FALSE,101,"leave-1",600,0.5,1e+05,TRUE,61
10,0,0,0,13.7666505830394,14.2483334782367,13.6025608776795,0,14.1466491061948,0,"chi","un",561,600,0.5,0,0,0,TRUE,0,FALSE,101,"leave-1",600,0.5,1e+05,TRUE,61
10,0,0,0,13.7666505830394,13.5630056824222,13.6025608776795,0,NA,NA,"chi","un",561,600,0.5,0,0,0,TRUE,0,FALSE,101,"leave-1",600,0.5,1e+05,TRUE,61
10,0,0,0,13.7666505830394,13.5230076682749,13.6025608776795,0,13.8697616595827,0,"chi","un",561,600,0.5,0,0,0,TRUE,0,FALSE,101,"leave-1",600,0.5,1e+05,TRUE,61
10,0,0,0,13.7666505830394,13.72311287988,13.6025608776795,0,13.8107098051738,0,"chi","un",561,600,0.5,0,0,0,TRUE,0,FALSE,101,"leave-1",600,0.5,1e+05,TRUE,61
10,0,0,0,13.7666505830394,13.6838244563348,13.6025608776795,0,13.5279276655721,0,"chi","un",561,600,0.5,0,0,0,TRUE,0,FALSE,101,"leave-1",600,0.5,1e+05,TRUE,61
10,0,0,0,13.7666505830394,13.7572802995454,13.6025608776795,0,13.7207221409506,0,"chi","un",561,600,0.5,0,0,0,TRUE,0,FALSE,101,"leave-1",600,0.5,1e+05,TRUE,61
10,0,0,0,13.7666505830394,13.6223615472504,13.6025608776795,0,13.9177695846217,0,"chi","un",561,600,0.5,0,0,0,TRUE,0,FALSE,101,"leave-1",600,0.5,1e+05,TRUE,61
10,0,0,0,13.7666505830394,14.3159531622305,13.6025608776795,0,14.4430647255208,0,"chi","un",561,600,0.5,0,0,0,TRUE,0,FALSE,101,"leave-1",600,0.5,1e+05,TRUE,61
10,0,0,0,13.7666505830394,14.037817592319,13.6025608776795,0,13.8817113707286,0,"chi","un",561,600,0.5,0,0,0,TRUE,0,FALSE,101,"leave-1",600,0.5,1e+05,TRUE,61
10,0,0,0,13.7666505830394,13.6380678330753,13.6025608776795,0,13.5584887980592,0,"chi","un",561,600,0.5,0,0,0,TRUE,0,FALSE,101,"leave-1",600,0.5,1e+05,TRUE,61
10,0,0,0,13.7666505830394,13.6910671172167,13.6025608776795,0,13.8361706509607,0,"chi","un",561,600,0.5,0,0,0,TRUE,0,FALSE,101,"leave-1",600,0.5,1e+05,TRUE,61
10,0,0,0,13.7666505830394,13.736462996865,13.6025608776795,0,13.6046547570139,0,"chi","un",561,600,0.5,0,0,0,TRUE,0,FALSE,101,"leave-1",600,0.5,1e+05,TRUE,61
10,0,0,0,13.7666505830394,13.5805721720494,13.6025608776795,0,13.4062267200065,0,"chi","un",561,600,0.5,0,0,0,TRUE,0,FALSE,101,"leave-1",600,0.5,1e+05,TRUE,61
10,0,0,0,13.7666505830394,13.6443107314223,13.6025608776795,0,13.5432781914808,0,"chi","un",561,600,0.5,0,0,0,TRUE,0,FALSE,101,"leave-1",600,0.5,1e+05,TRUE,61
10,0,0,0,13.7666505830394,13.5340443023403,13.6025608776795,0,14.0915557259337,0,"chi","un",561,600,0.5,0,0,0,TRUE,0,FALSE,101,"leave-1",600,0.5,1e+05,TRUE,61
10,0,0,0,13.7666505830394,13.5838842633544,13.6025608776795,0,13.5729931315554,0,"chi","un",561,600,0.5,0,0,0,TRUE,0,FALSE,101,"leave-1",600,0.5,1e+05,TRUE,61
10,0,0,0,13.7666505830394,13.5277570527185,13.6025608776795,0,13.3738382651744,0,"chi","un",561,600,0.5,0,0,0,TRUE,0,FALSE,101,"leave-1",600,0.5,1e+05,TRUE,61
10,0,0,0,13.7666505830394,13.6219671314399,13.6025608776795,0,13.4516490028942,0,"chi","un",561,600,0.5,0,0,0,TRUE,0,FALSE,101,"leave-1",600,0.5,1e+05,TRUE,61
10,0,0,0,13.7666505830394,13.6248157528971,13.6025608776795,0,13.498978996116,0,"chi","un",561,600,0.5,0,0,0,TRUE,0,FALSE,101,"leave-1",600,0.5,1e+05,TRUE,61
10,0,0,0,13.7666505830394,13.6712593709229,13.6025608776795,0,13.5352405890138,0,"chi","un",561,600,0.5,0,0,0,TRUE,0,FALSE,101,"leave-1",600,0.5,1e+05,TRUE,61
10,0,0,0,13.7666505830394,13.7248229387797,13.6025608776795,0,13.9824820462194,0,"chi","un",561,600,0.5,0,0,0,TRUE,0,FALSE,101,"leave-1",600,0.5,1e+05,TRUE,61
10,0,0,0,13.7666505830394,15.4531769231403,13.6025608776795,0,15.3619578066922,0,"chi","un",561,600,0.5,0,0,0,TRUE,0,FALSE,101,"leave-1",600,0.5,1e+05,TRUE,61
10,0,0,0,13.7666505830394,14.0751813537056,13.6025608776795,0,14.1002825417161,0,"chi","un",561,600,0.5,0,0,0,TRUE,0,FALSE,101,"leave-1",600,0.5,1e+05,TRUE,61
10,0,0,0,13.7666505830394,13.7768908287444,13.6025608776795,0,14.3937764341694,0,"chi","un",561,600,0.5,0,0,0,TRUE,0,FALSE,101,"leave-1",600,0.5,1e+05,TRUE,61
10,0,0,0,13.7666505830394,13.7114535168196,13.6025608776795,0,13.8645162393389,0,"chi","un",561,600,0.5,0,0,0,TRUE,0,FALSE,101,"leave-1",600,0.5,1e+05,TRUE,61
10,0,0,0,13.7666505830394,13.803076542758,13.6025608776795,0,13.7350820576036,0,"chi","un",561,600,0.5,0,0,0,TRUE,0,FALSE,101,"leave-1",600,0.5,1e+05,TRUE,61
10,0,0,0,13.7666505830394,14.1483501160867,13.6025608776795,0,14.1052613207031,0,"chi","un",561,600,0.5,0,0,0,TRUE,0,FALSE,101,"leave-1",600,0.5,1e+05,TRUE,61
10,0,0,0,13.7666505830394,13.990170412309,13.6025608776795,0,14.1038751600729,0,"chi","un",561,600,0.5,0,0,0,TRUE,0,FALSE,101,"leave-1",600,0.5,1e+05,TRUE,61
10,0,0,0,13.7666505830394,13.7127194530472,13.6025608776795,0,13.5982354843194,0,"chi","un",561,600,0.5,0,0,0,TRUE,0,FALSE,101,"leave-1",600,0.5,1e+05,TRUE,61
10,0,0,0,13.7666505830394,14.5771734540399,13.6025608776795,0,14.4316743547722,0,"chi","un",561,600,0.5,0,0,0,TRUE,0,FALSE,101,"leave-1",600,0.5,1e+05,TRUE,61
10,0,0,0,13.7666505830394,13.6963693547964,13.6025608776795,0,13.6982901742734,0,"chi","un",561,600,0.5,0,0,0,TRUE,0,FALSE,101,"leave-1",600,0.5,1e+05,TRUE,61
10,0,0,0,13.7666505830394,13.7566959485221,13.6025608776795,0,14.1506813335856,0,"chi","un",561,600,0.5,0,0,0,TRUE,0,FALSE,101,"leave-1",600,0.5,1e+05,TRUE,61
10,0,0,0,13.7666505830394,13.6298420197224,13.6025608776795,0,13.4611393515534,0,"chi","un",561,600,0.5,0,0,0,TRUE,0,FALSE,101,"leave-1",600,0.5,1e+05,TRUE,61
10,0,0,0,13.7666505830394,13.7104491665788,13.6025608776795,0,13.6624945210541,0,"chi","un",561,600,0.5,0,0,0,TRUE,0,FALSE,101,"leave-1",600,0.5,1e+05,TRUE,61
10,0,0,0,13.7666505830394,13.5703554825804,13.6025608776795,0,13.6286516788663,0,"chi","un",561,600,0.5,0,0,0,TRUE,0,FALSE,101,"leave-1",600,0.5,1e+05,TRUE,61
10,0,0,0,13.7666505830394,13.6658630348928,13.6025608776795,0,13.6068302829818,0,"chi","un",561,600,0.5,0,0,0,TRUE,0,FALSE,101,"leave-1",600,0.5,1e+05,TRUE,61
10,0,0,0,13.7666505830394,13.6650817572793,13.6025608776795,0,13.5660523645684,0,"chi","un",561,600,0.5,0,0,0,TRUE,0,FALSE,101,"leave-1",600,0.5,1e+05,TRUE,61
10,0,0,0,13.7666505830394,15.2700982719177,13.6025608776795,0,15.1406054022776,0,"chi","un",561,600,0.5,0,0,0,TRUE,0,FALSE,101,"leave-1",600,0.5,1e+05,TRUE,61
10,0,0,0,13.7666505830394,13.7554768167134,13.6025608776795,0,13.8641002950782,0,"chi","un",561,600,0.5,0,0,0,TRUE,0,FALSE,101,"leave-1",600,0.5,1e+05,TRUE,61
10,0,0,0,13.7666505830394,13.616981643955,13.6025608776795,0,13.4944929504469,0,"chi","un",561,600,0.5,0,0,0,TRUE,0,FALSE,101,"leave-1",600,0.5,1e+05,TRUE,61
10,0,0,0,13.7666505830394,13.7722686725514,13.6025608776795,0,13.6095747579057,0,"chi","un",561,600,0.5,0,0,0,TRUE,0,FALSE,101,"leave-1",600,0.5,1e+05,TRUE,61
10,0,0,0,13.7666505830394,13.6448701182532,13.6025608776795,0,13.628685706264,0,"chi","un",561,600,0.5,0,0,0,TRUE,0,FALSE,101,"leave-1",600,0.5,1e+05,TRUE,61
10,0,0,0,13.7666505830394,13.5932059577389,13.6025608776795,0,13.4631710006169,0,"chi","un",561,600,0.5,0,0,0,TRUE,0,FALSE,101,"leave-1",600,0.5,1e+05,TRUE,61
10,0,0,0,13.7666505830394,13.6645930154093,13.6025608776795,0,13.5143348604262,0,"chi","un",561,600,0.5,0,0,0,TRUE,0,FALSE,101,"leave-1",600,0.5,1e+05,TRUE,61
10,0,0,0,13.7666505830394,13.6044843040529,13.6025608776795,0,14.6740084613317,0,"chi","un",561,600,0.5,0,0,0,TRUE,0,FALSE,101,"leave-1",600,0.5,1e+05,TRUE,61
10,0,0,0,13.7666505830394,13.7147661990021,13.6025608776795,0,13.8544752716481,0,"chi","un",561,600,0.5,0,0,0,TRUE,0,FALSE,101,"leave-1",600,0.5,1e+05,TRUE,61
10,0,0,0,13.7666505830394,14.0190527557408,13.6025608776795,0,13.8576133271543,0,"chi","un",561,600,0.5,0,0,0,TRUE,0,FALSE,101,"leave-1",600,0.5,1e+05,TRUE,61
10,0,0,0,13.7666505830394,13.6817720171484,13.6025608776795,0,13.6287105874536,0,"chi","un",561,600,0.5,0,0,0,TRUE,0,FALSE,101,"leave-1",600,0.5,1e+05,TRUE,61
10,0,0,0,13.7666505830394,13.6101034003049,13.6025608776795,0,13.4704524867748,0,"chi","un",561,600,0.5,0,0,0,TRUE,0,FALSE,101,"leave-1",600,0.5,1e+05,TRUE,61
10,0,0,0,13.7666505830394,13.6737315062756,13.6025608776795,0,13.50982158403,0,"chi","un",561,600,0.5,0,0,0,TRUE,0,FALSE,101,"leave-1",600,0.5,1e+05,TRUE,61
10,0,0,0,13.7666505830394,14.1578323715285,13.6025608776795,0,14.0512228504153,0,"chi","un",561,600,0.5,0,0,0,TRUE,0,FALSE,101,"leave-1",600,0.5,1e+05,TRUE,61
10,0,0,0,13.7666505830394,13.6410866902514,13.6025608776795,0,13.9113337302907,0,"chi","un",561,600,0.5,0,0,0,TRUE,0,FALSE,101,"leave-1",600,0.5,1e+05,TRUE,61
10,0,0,0,13.7666505830394,13.8593243389339,13.6025608776795,0,14.1931829920045,0,"chi","un",561,600,0.5,0,0,0,TRUE,0,FALSE,101,"leave-1",600,0.5,1e+05,TRUE,61
10,0,0,0,13.7666505830394,13.6164941926915,13.6025608776795,0,13.6193503696042,0,"chi","un",561,600,0.5,0,0,0,TRUE,0,FALSE,101,"leave-1",600,0.5,1e+05,TRUE,61
10,0,0,0,13.7666505830394,14.0881131903545,13.6025608776795,0,13.9895831956307,0,"chi","un",561,600,0.5,0,0,0,TRUE,0,FALSE,101,"leave-1",600,0.5,1e+05,TRUE,61
10,0,0,0,13.7666505830394,13.6253198932227,13.6025608776795,0,13.4715317882551,0,"chi","un",561,600,0.5,0,0,0,TRUE,0,FALSE,101,"leave-1",600,0.5,1e+05,TRUE,61
10,0,0,0,13.7666505830394,13.4466100232752,13.6025608776795,0,13.4178054526998,0,"chi","un",561,600,0.5,0,0,0,TRUE,0,FALSE,101,"leave-1",600,0.5,1e+05,TRUE,61
10,0,0,0,13.7666505830394,14.0706746763083,13.6025608776795,0,14.0711507406557,0,"chi","un",561,600,0.5,0,0,0,TRUE,0,FALSE,101,"leave-1",600,0.5,1e+05,TRUE,61
10,0,0,0,13.7666505830394,13.792300252223,13.6025608776795,0,13.7151448021372,0,"chi","un",561,600,0.5,0,0,0,TRUE,0,FALSE,101,"leave-1",600,0.5,1e+05,TRUE,61
10,0,0,0,13.7666505830394,13.9343576174737,13.6025608776795,0,14.4771383267344,0,"chi","un",561,600,0.5,0,0,0,TRUE,0,FALSE,101,"leave-1",600,0.5,1e+05,TRUE,61
10,0,0,0,13.7666505830394,13.6227777994893,13.6025608776795,0,13.5445352032542,0,"chi","un",561,600,0.5,0,0,0,TRUE,0,FALSE,101,"leave-1",600,0.5,1e+05,TRUE,61
10,0,0,0,13.7666505830394,13.7067240370872,13.6025608776795,0,13.5890915433174,0,"chi","un",561,600,0.5,0,0,0,TRUE,0,FALSE,101,"leave-1",600,0.5,1e+05,TRUE,61
10,0,0,0,13.7666505830394,13.7586112071559,13.6025608776795,0,13.6077459627578,0,"chi","un",561,600,0.5,0,0,0,TRUE,0,FALSE,101,"leave-1",600,0.5,1e+05,TRUE,61
10,0,0,0,13.7666505830394,13.9691757686474,13.6025608776795,0,13.8508434733293,0,"chi","un",561,600,0.5,0,0,0,TRUE,0,FALSE,101,"leave-1",600,0.5,1e+05,TRUE,61
10,0,0,0,13.7666505830394,13.6093162742833,13.6025608776795,0,13.4378769570857,0,"chi","un",561,600,0.5,0,0,0,TRUE,0,FALSE,101,"leave-1",600,0.5,1e+05,TRUE,61
10,0,0,0,13.7666505830394,13.6067195925724,13.6025608776795,0,13.4317675575976,0,"chi","un",561,600,0.5,0,0,0,TRUE,0,FALSE,101,"leave-1",600,0.5,1e+05,TRUE,61
10,0,0,0,13.7666505830394,13.7039314647253,13.6025608776795,0,13.7661049788466,0,"chi","un",561,600,0.5,0,0,0,TRUE,0,FALSE,101,"leave-1",600,0.5,1e+05,TRUE,61
10,0,0,0,13.7666505830394,13.5364427405683,13.6025608776795,0,13.3881781289635,0,"chi","un",561,600,0.5,0,0,0,TRUE,0,FALSE,101,"leave-1",600,0.5,1e+05,TRUE,61
10,0,0,0,13.7666505830394,14.0095183101651,13.6025608776795,0,14.086110456583,0,"chi","un",561,600,0.5,0,0,0,TRUE,0,FALSE,101,"leave-1",600,0.5,1e+05,TRUE,61
10,0,0,0,13.7666505830394,13.7004939719901,13.6025608776795,0,13.6015893266478,0,"chi","un",561,600,0.5,0,0,0,TRUE,0,FALSE,101,"leave-1",600,0.5,1e+05,TRUE,61
10,0,0,0,13.7666505830394,13.8204237373415,13.6025608776795,0,13.8044464929098,0,"chi","un",561,600,0.5,0,0,0,TRUE,0,FALSE,101,"leave-1",600,0.5,1e+05,TRUE,61
10,0,0,0,13.7666505830394,13.7348441395984,13.6025608776795,0,14.8282039095249,0,"chi","un",561,600,0.5,0,0,0,TRUE,0,FALSE,101,"leave-1",600,0.5,1e+05,TRUE,61
10,0,0,0,13.7666505830394,13.5569099929233,13.6025608776795,0,13.3854223137275,0,"chi","un",561,600,0.5,0,0,0,TRUE,0,FALSE,101,"leave-1",600,0.5,1e+05,TRUE,61
10,0,0,0,13.7666505830394,13.4688511944775,13.6025608776795,0,13.3288683270825,0,"chi","un",561,600,0.5,0,0,0,TRUE,0,FALSE,101,"leave-1",600,0.5,1e+05,TRUE,61
10,0,0,0,13.7666505830394,13.6333891260389,13.6025608776795,0,13.4773084381084,0,"chi","un",561,600,0.5,0,0,0,TRUE,0,FALSE,101,"leave-1",600,0.5,1e+05,TRUE,61
10,0,0,0,13.7666505830394,13.7454702459896,13.6025608776795,0,13.6070848153279,0,"chi","un",561,600,0.5,0,0,0,TRUE,0,FALSE,101,"leave-1",600,0.5,1e+05,TRUE,61
10,0,0,0,13.7666505830394,13.9106264247879,13.6025608776795,0,14.0316306519386,0,"chi","un",561,600,0.5,0,0,0,TRUE,0,FALSE,101,"leave-1",600,0.5,1e+05,TRUE,61
10,0,0,0,13.7666505830394,13.6224167453172,13.6025608776795,0,13.6317875341272,0,"chi","un",561,600,0.5,0,0,0,TRUE,0,FALSE,101,"leave-1",600,0.5,1e+05,TRUE,61
10,0,0,0,13.7666505830394,13.5911039977197,13.6025608776795,0,13.4987014246922,0,"chi","un",561,600,0.5,0,0,0,TRUE,0,FALSE,101,"leave-1",600,0.5,1e+05,TRUE,61
10,0,0,0,13.7666505830394,13.5783862444938,13.6025608776795,0,13.4181212760977,0,"chi","un",561,600,0.5,0,0,0,TRUE,0,FALSE,101,"leave-1",600,0.5,1e+05,TRUE,61
10,0,0,0,13.7666505830394,13.5915975337988,13.6025608776795,0,13.4224316826338,0,"chi","un",561,600,0.5,0,0,0,TRUE,0,FALSE,101,"leave-1",600,0.5,1e+05,TRUE,61
10,0,0,0,13.7666505830394,13.6571590106437,13.6025608776795,0,13.570860092329,0,"chi","un",561,600,0.5,0,0,0,TRUE,0,FALSE,101,"leave-1",600,0.5,1e+05,TRUE,61
10,0,0,0,13.7666505830394,13.4781784215535,13.6025608776795,0,13.3362482760228,0,"chi","un",561,600,0.5,0,0,0,TRUE,0,FALSE,101,"leave-1",600,0.5,1e+05,TRUE,61
10,0,0,0,13.7666505830394,13.9994218575867,13.6025608776795,0,13.9515241664594,0,"chi","un",561,600,0.5,0,0,0,TRUE,0,FALSE,101,"leave-1",600,0.5,1e+05,TRUE,61
10,0,0,0,13.7666505830394,13.8820252862699,13.6025608776795,0,13.7550959914443,0,"chi","un",561,600,0.5,0,0,0,TRUE,0,FALSE,101,"leave-1",600,0.5,1e+05,TRUE,61
10,0,0,0,13.7666505830394,13.5977151499706,13.6025608776795,0,13.7421620576372,0,"chi","un",561,600,0.5,0,0,0,TRUE,0,FALSE,101,"leave-1",600,0.5,1e+05,TRUE,61
10,0,0,0,13.7666505830394,13.6979334796123,13.6025608776795,0,13.6575864931928,0,"chi","un",561,600,0.5,0,0,0,TRUE,0,FALSE,101,"leave-1",600,0.5,1e+05,TRUE,61
10,0,0,0,13.7666505830394,13.6872729795328,13.6025608776795,0,13.547807544172,0,"chi","un",561,600,0.5,0,0,0,TRUE,0,FALSE,101,"leave-1",600,0.5,1e+05,TRUE,61
10,0,0,0,13.7666505830394,13.6533112638406,13.6025608776795,0,13.4789998254904,0,"chi","un",561,600,0.5,0,0,0,TRUE,0,FALSE,101,"leave-1",600,0.5,1e+05,TRUE,61
10,0,0,0,13.7666505830394,13.5704698515666,13.6025608776795,0,13.505862055008,0,"chi","un",561,600,0.5,0,0,0,TRUE,0,FALSE,101,"leave-1",600,0.5,1e+05,TRUE,61
10,0,0,0,13.7666505830394,13.7588259283807,13.6025608776795,0,13.650445374567,0,"chi","un",561,600,0.5,0,0,0,TRUE,0,FALSE,101,"leave-1",600,0.5,1e+05,TRUE,61
10,0,0,0,13.7666505830394,13.7086625143276,13.6025608776795,0,13.537744225972,0,"chi","un",561,600,0.5,0,0,0,TRUE,0,FALSE,101,"leave-1",600,0.5,1e+05,TRUE,61
10,0,0,0,13.7666505830394,13.6197845217619,13.6025608776795,0,13.4463961017289,0,"chi","un",561,600,0.5,0,0,0,TRUE,0,FALSE,101,"leave-1",600,0.5,1e+05,TRUE,61
10,0,0,0,13.7666505830394,13.5952792892315,13.6025608776795,0,14.4925906830604,0,"chi","un",561,600,0.5,0,0,0,TRUE,0,FALSE,101,"leave-1",600,0.5,1e+05,TRUE,61
10,0,0,0,13.7666505830394,14.4808275132796,13.6025608776795,0,16.2492989377193,0,"chi","un",561,600,0.5,0,0,0,TRUE,0,FALSE,101,"leave-1",600,0.5,1e+05,TRUE,61
10,0,0,0,13.7666505830394,13.9070703320022,13.6025608776795,0,13.8913117494127,0,"chi","un",561,600,0.5,0,0,0,TRUE,0,FALSE,101,"leave-1",600,0.5,1e+05,TRUE,61
10,0,0,0,13.7666505830394,13.6680393433512,13.6025608776795,0,13.6045536389366,0,"chi","un",561,600,0.5,0,0,0,TRUE,0,FALSE,101,"leave-1",600,0.5,1e+05,TRUE,61
10,0,0,0,13.7666505830394,13.6514524698154,13.6025608776795,0,13.5039492221075,0,"chi","un",561,600,0.5,0,0,0,TRUE,0,FALSE,101,"leave-1",600,0.5,1e+05,TRUE,61
10,0,0,0,13.7666505830394,13.8430387165651,13.6025608776795,0,13.6762216438207,0,"chi","un",561,600,0.5,0,0,0,TRUE,0,FALSE,101,"leave-1",600,0.5,1e+05,TRUE,61
10,0,0,0,13.7666505830394,13.4941938357338,13.6025608776795,0,13.3904437442318,0,"chi","un",561,600,0.5,0,0,0,TRUE,0,FALSE,101,"leave-1",600,0.5,1e+05,TRUE,61
10,0,0,0,13.7666505830394,13.5518286503639,13.6025608776795,0,13.5488723287055,0,"chi","un",561,600,0.5,0,0,0,TRUE,0,FALSE,101,"leave-1",600,0.5,1e+05,TRUE,61
10,0,0,0,13.7666505830394,13.5989532291924,13.6025608776795,0,13.793423255861,0,"chi","un",561,600,0.5,0,0,0,TRUE,0,FALSE,101,"leave-1",600,0.5,1e+05,TRUE,61
10,0,0,0,13.7666505830394,14.1475992442475,13.6025608776795,0,14.2527244430321,0,"chi","un",561,600,0.5,0,0,0,TRUE,0,FALSE,101,"leave-1",600,0.5,1e+05,TRUE,61
10,0,0,0,13.7666505830394,13.5913155666228,13.6025608776795,0,13.4180828370469,0,"chi","un",561,600,0.5,0,0,0,TRUE,0,FALSE,101,"leave-1",600,0.5,1e+05,TRUE,61
10,0,0,0,13.7666505830394,13.7160809024945,13.6025608776795,0,13.9149062625085,0,"chi","un",561,600,0.5,0,0,0,TRUE,0,FALSE,101,"leave-1",600,0.5,1e+05,TRUE,61
10,0,0,0,13.7666505830394,13.7159810937707,13.6025608776795,0,13.796125294863,0,"chi","un",561,600,0.5,0,0,0,TRUE,0,FALSE,101,"leave-1",600,0.5,1e+05,TRUE,61
10,0,0,0,13.7666505830394,13.6430590805319,13.6025608776795,0,13.4793742952184,0,"chi","un",561,600,0.5,0,0,0,TRUE,0,FALSE,101,"leave-1",600,0.5,1e+05,TRUE,61
10,0,0,0,13.7666505830394,13.9182458180616,13.6025608776795,0,14.5667253398263,0,"chi","un",561,600,0.5,0,0,0,TRUE,0,FALSE,101,"leave-1",600,0.5,1e+05,TRUE,61
10,0,0,0,13.7666505830394,13.9064548248919,13.6025608776795,0,13.8011303824074,0,"chi","un",561,600,0.5,0,0,0,TRUE,0,FALSE,101,"leave-1",600,0.5,1e+05,TRUE,61
10,0,0,0,13.7666505830394,13.6220825839626,13.6025608776795,0,13.5737754682471,0,"chi","un",561,600,0.5,0,0,0,TRUE,0,FALSE,101,"leave-1",600,0.5,1e+05,TRUE,61
10,0,0,0,13.7666505830394,14.163638368295,13.6025608776795,0,14.4810623009398,0,"chi","un",561,600,0.5,0,0,0,TRUE,0,FALSE,101,"leave-1",600,0.5,1e+05,TRUE,61
10,0,0,0,13.7666505830394,14.1667901683167,13.6025608776795,0,14.0295281905577,0,"chi","un",561,600,0.5,0,0,0,TRUE,0,FALSE,101,"leave-1",600,0.5,1e+05,TRUE,61
10,0,0,0,13.7666505830394,13.6277648193623,13.6025608776795,0,13.472360900711,0,"chi","un",561,600,0.5,0,0,0,TRUE,0,FALSE,101,"leave-1",600,0.5,1e+05,TRUE,61
10,0,0,0,13.7666505830394,13.6473106404016,13.6025608776795,0,13.5537490048143,0,"chi","un",561,600,0.5,0,0,0,TRUE,0,FALSE,101,"leave-1",600,0.5,1e+05,TRUE,61
10,0,0,0,13.7666505830394,13.8791210245531,13.6025608776795,0,13.7226740907374,0,"chi","un",561,600,0.5,0,0,0,TRUE,0,FALSE,101,"leave-1",600,0.5,1e+05,TRUE,61
10,0,0,0,13.7666505830394,13.7445402212624,13.6025608776795,0,13.595238371041,0,"chi","un",561,600,0.5,0,0,0,TRUE,0,FALSE,101,"leave-1",600,0.5,1e+05,TRUE,61
10,0,0,0,13.7666505830394,14.0675485842595,13.6025608776795,0,13.9108072311457,0,"chi","un",561,600,0.5,0,0,0,TRUE,0,FALSE,101,"leave-1",600,0.5,1e+05,TRUE,61
10,0,0,0,13.7666505830394,13.5994557385039,13.6025608776795,0,13.7268037810009,0,"chi","un",561,600,0.5,0,0,0,TRUE,0,FALSE,101,"leave-1",600,0.5,1e+05,TRUE,61
10,0,0,0,13.7666505830394,13.6071158113891,13.6025608776795,0,13.447731895361,0,"chi","un",561,600,0.5,0,0,0,TRUE,0,FALSE,101,"leave-1",600,0.5,1e+05,TRUE,61
10,0,0,0,13.7666505830394,13.5870483081896,13.6025608776795,0,13.4132144686991,0,"chi","un",561,600,0.5,0,0,0,TRUE,0,FALSE,101,"leave-1",600,0.5,1e+05,TRUE,61
10,0,0,0,13.7666505830394,15.1127659059529,13.6025608776795,0,14.9911643352935,0,"chi","un",561,600,0.5,0,0,0,TRUE,0,FALSE,101,"leave-1",600,0.5,1e+05,TRUE,61
10,0,0,0,13.7666505830394,13.6300966076551,13.6025608776795,0,14.0486760196311,0,"chi","un",561,600,0.5,0,0,0,TRUE,0,FALSE,101,"leave-1",600,0.5,1e+05,TRUE,61
10,0,0,0,13.7666505830394,13.6211003895744,13.6025608776795,0,13.4816727415469,0,"chi","un",561,600,0.5,0,0,0,TRUE,0,FALSE,101,"leave-1",600,0.5,1e+05,TRUE,61
10,0,0,0,13.7666505830394,14.2409838552825,13.6025608776795,0,14.089403939127,0,"chi","un",561,600,0.5,0,0,0,TRUE,0,FALSE,101,"leave-1",600,0.5,1e+05,TRUE,61
10,0,0,0,13.7666505830394,13.6014215525488,13.6025608776795,0,13.4519368724461,0,"chi","un",561,600,0.5,0,0,0,TRUE,0,FALSE,101,"leave-1",600,0.5,1e+05,TRUE,61
10,0,0,0,13.7666505830394,13.6510366307582,13.6025608776795,0,14.1007710099994,0,"chi","un",561,600,0.5,0,0,0,TRUE,0,FALSE,101,"leave-1",600,0.5,1e+05,TRUE,61
10,0,0,0,13.7666505830394,13.721679192436,13.6025608776795,0,14.1407547480285,0,"chi","un",561,600,0.5,0,0,0,TRUE,0,FALSE,101,"leave-1",600,0.5,1e+05,TRUE,61
10,0,0,0,13.7666505830394,13.9514178640415,13.6025608776795,0,14.413184189321,0,"chi","un",561,600,0.5,0,0,0,TRUE,0,FALSE,101,"leave-1",600,0.5,1e+05,TRUE,61
10,0,0,0,13.7666505830394,13.8367484130536,13.6025608776795,0,13.6756458374702,0,"chi","un",561,600,0.5,0,0,0,TRUE,0,FALSE,101,"leave-1",600,0.5,1e+05,TRUE,61
10,0,0,0,13.7666505830394,13.681610190803,13.6025608776795,0,13.7647180029564,0,"chi","un",561,600,0.5,0,0,0,TRUE,0,FALSE,101,"leave-1",600,0.5,1e+05,TRUE,61
10,0,0,0,13.7666505830394,13.6592499138717,13.6025608776795,0,13.8422952655114,0,"chi","un",561,600,0.5,0,0,0,TRUE,0,FALSE,101,"leave-1",600,0.5,1e+05,TRUE,61
10,0,0,0,13.7666505830394,13.7092238138749,13.6025608776795,0,13.6116057190576,0,"chi","un",561,600,0.5,0,0,0,TRUE,0,FALSE,101,"leave-1",600,0.5,1e+05,TRUE,61
10,0,0,0,13.7666505830394,13.6978043699368,13.6025608776795,0,13.705479090031,0,"chi","un",561,600,0.5,0,0,0,TRUE,0,FALSE,101,"leave-1",600,0.5,1e+05,TRUE,61
10,0,0,0,13.7666505830394,13.63369633546,13.6025608776795,0,13.5060541638789,0,"chi","un",561,600,0.5,0,0,0,TRUE,0,FALSE,101,"leave-1",600,0.5,1e+05,TRUE,61
10,0,0,0,13.7666505830394,13.5761066545959,13.6025608776795,0,13.6492112184663,0,"chi","un",561,600,0.5,0,0,0,TRUE,0,FALSE,101,"leave-1",600,0.5,1e+05,TRUE,61
10,0,0,0,13.7666505830394,13.7381867370298,13.6025608776795,0,14.1427119415557,0,"chi","un",561,600,0.5,0,0,0,TRUE,0,FALSE,101,"leave-1",600,0.5,1e+05,TRUE,61
10,0,0,0,13.7666505830394,13.7525850365723,13.6025608776795,0,13.5943615407258,0,"chi","un",561,600,0.5,0,0,0,TRUE,0,FALSE,101,"leave-1",600,0.5,1e+05,TRUE,61
10,0,0,0,13.7666505830394,13.5860809333556,13.6025608776795,0,13.4676549803325,0,"chi","un",561,600,0.5,0,0,0,TRUE,0,FALSE,101,"leave-1",600,0.5,1e+05,TRUE,61
10,0,0,0,13.7666505830394,14.0077756114932,13.6025608776795,0,13.9221233975876,0,"chi","un",561,600,0.5,0,0,0,TRUE,0,FALSE,101,"leave-1",600,0.5,1e+05,TRUE,61
10,0,0,0,13.7666505830394,13.651724928356,13.6025608776795,0,13.507753523178,0,"chi","un",561,600,0.5,0,0,0,TRUE,0,FALSE,101,"leave-1",600,0.5,1e+05,TRUE,61
10,0,0,0,13.7666505830394,13.9068405311555,13.6025608776795,0,13.7538281213418,0,"chi","un",561,600,0.5,0,0,0,TRUE,0,FALSE,101,"leave-1",600,0.5,1e+05,TRUE,61
10,0,0,0,13.7666505830394,13.5369241969382,13.6025608776795,0,13.3655464115429,0,"chi","un",561,600,0.5,0,0,0,TRUE,0,FALSE,101,"leave-1",600,0.5,1e+05,TRUE,61
10,0,0,0,13.7666505830394,13.1954218375737,13.6025608776795,0,13.9822617312986,0,"chi","un",561,600,0.5,0,0,0,TRUE,0,FALSE,101,"leave-1",600,0.5,1e+05,TRUE,61
10,0,0,0,13.7666505830394,13.9403979352667,13.6025608776795,0,14.3569406984763,0,"chi","un",561,600,0.5,0,0,0,TRUE,0,FALSE,101,"leave-1",600,0.5,1e+05,TRUE,61
10,0,0,0,13.7666505830394,13.7267420125036,13.6025608776795,0,13.6458887432102,0,"chi","un",561,600,0.5,0,0,0,TRUE,0,FALSE,101,"leave-1",600,0.5,1e+05,TRUE,61
10,0,0,0,13.7666505830394,13.6292694730078,13.6025608776795,0,13.5665701247572,0,"chi","un",561,600,0.5,0,0,0,TRUE,0,FALSE,101,"leave-1",600,0.5,1e+05,TRUE,61
10,0,0,0,13.7666505830394,13.5556607908896,13.6025608776795,0,13.6942111241046,0,"chi","un",561,600,0.5,0,0,0,TRUE,0,FALSE,101,"leave-1",600,0.5,1e+05,TRUE,61
10,0,0,0,13.7666505830394,13.6475336044662,13.6025608776795,0,13.4783182015102,0,"chi","un",561,600,0.5,0,0,0,TRUE,0,FALSE,101,"leave-1",600,0.5,1e+05,TRUE,61
10,0,0,0,13.7666505830394,13.9471386232429,13.6025608776795,0,13.8046431870595,0,"chi","un",561,600,0.5,0,0,0,TRUE,0,FALSE,101,"leave-1",600,0.5,1e+05,TRUE,61
10,0,0,0,13.7666505830394,13.892985959895,13.6025608776795,0,13.7611374913546,0,"chi","un",561,600,0.5,0,0,0,TRUE,0,FALSE,101,"leave-1",600,0.5,1e+05,TRUE,61
10,0,0,0,13.7666505830394,13.8293936091091,13.6025608776795,0,13.7474109689914,0,"chi","un",561,600,0.5,0,0,0,TRUE,0,FALSE,101,"leave-1",600,0.5,1e+05,TRUE,61
10,0,0,0,13.7666505830394,13.942518737235,13.6025608776795,0,13.7819660785652,0,"chi","un",561,600,0.5,0,0,0,TRUE,0,FALSE,101,"leave-1",600,0.5,1e+05,TRUE,61
10,0,0,0,13.7666505830394,13.6590563084358,13.6025608776795,0,14.0502367064958,0,"chi","un",561,600,0.5,0,0,0,TRUE,0,FALSE,101,"leave-1",600,0.5,1e+05,TRUE,61
10,0,0,0,13.7666505830394,13.662475974928,13.6025608776795,0,13.7803260546256,0,"chi","un",561,600,0.5,0,0,0,TRUE,0,FALSE,101,"leave-1",600,0.5,1e+05,TRUE,61
10,0,0,0,13.7666505830394,13.6254987359262,13.6025608776795,0,13.5466040022105,0,"chi","un",561,600,0.5,0,0,0,TRUE,0,FALSE,101,"leave-1",600,0.5,1e+05,TRUE,61
10,0,0,0,13.7666505830394,13.4758354866589,13.6025608776795,0,13.3691552169498,0,"chi","un",561,600,0.5,0,0,0,TRUE,0,FALSE,101,"leave-1",600,0.5,1e+05,TRUE,61
10,0,0,0,13.7666505830394,13.9614702992199,13.6025608776795,0,13.8166294513296,0,"chi","un",561,600,0.5,0,0,0,TRUE,0,FALSE,101,"leave-1",600,0.5,1e+05,TRUE,61
10,0,0,0,13.7666505830394,13.9800370881648,13.6025608776795,0,14.1602754421658,0,"chi","un",561,600,0.5,0,0,0,TRUE,0,FALSE,101,"leave-1",600,0.5,1e+05,TRUE,61
10,0,0,0,13.7666505830394,13.6691386919031,13.6025608776795,0,13.4984801587811,0,"chi","un",561,600,0.5,0,0,0,TRUE,0,FALSE,101,"leave-1",600,0.5,1e+05,TRUE,61
10,0,0,0,13.7666505830394,13.7402031055283,13.6025608776795,0,13.5688610268354,0,"chi","un",561,600,0.5,0,0,0,TRUE,0,FALSE,101,"leave-1",600,0.5,1e+05,TRUE,61
10,0,0,0,13.7666505830394,13.6223998187572,13.6025608776795,0,13.4465684141348,0,"chi","un",561,600,0.5,0,0,0,TRUE,0,FALSE,101,"leave-1",600,0.5,1e+05,TRUE,61
10,0,0,0,13.7666505830394,13.6201733896382,13.6025608776795,0,13.8589110589702,0,"chi","un",561,600,0.5,0,0,0,TRUE,0,FALSE,101,"leave-1",600,0.5,1e+05,TRUE,61
10,0,0,0,13.7666505830394,13.8715735604204,13.6025608776795,0,13.9256147435145,0,"chi","un",561,600,0.5,0,0,0,TRUE,0,FALSE,101,"leave-1",600,0.5,1e+05,TRUE,61
10,0,0,0,13.7666505830394,13.8989805653095,13.6025608776795,0,13.7606916219578,0,"chi","un",561,600,0.5,0,0,0,TRUE,0,FALSE,101,"leave-1",600,0.5,1e+05,TRUE,61
10,0,0,0,13.7666505830394,13.7196156962022,13.6025608776795,0,13.6297061187009,0,"chi","un",561,600,0.5,0,0,0,TRUE,0,FALSE,101,"leave-1",600,0.5,1e+05,TRUE,61
10,0,0,0,13.7666505830394,13.5928976879284,13.6025608776795,0,13.4310323790624,0,"chi","un",561,600,0.5,0,0,0,TRUE,0,FALSE,101,"leave-1",600,0.5,1e+05,TRUE,61
10,0,0,0,13.7666505830394,14.344167003578,13.6025608776795,0,14.2101415080407,0,"chi","un",561,600,0.5,0,0,0,TRUE,0,FALSE,101,"leave-1",600,0.5,1e+05,TRUE,61
10,0,0,0,13.7666505830394,13.624023675814,13.6025608776795,0,14.6593397387621,0,"chi","un",561,600,0.5,0,0,0,TRUE,0,FALSE,101,"leave-1",600,0.5,1e+05,TRUE,61
10,0,0,0,13.7666505830394,13.6740828839008,13.6025608776795,0,13.5862311574561,0,"chi","un",561,600,0.5,0,0,0,TRUE,0,FALSE,101,"leave-1",600,0.5,1e+05,TRUE,61
10,0,0,0,13.7666505830394,13.6460748416489,13.6025608776795,0,13.4819403870383,0,"chi","un",561,600,0.5,0,0,0,TRUE,0,FALSE,101,"leave-1",600,0.5,1e+05,TRUE,61
10,0,0,0,13.7666505830394,13.5770047657447,13.6025608776795,0,13.4525348131827,0,"chi","un",561,600,0.5,0,0,0,TRUE,0,FALSE,101,"leave-1",600,0.5,1e+05,TRUE,61
10,0,0,0,13.7666505830394,13.9079932940674,13.6025608776795,0,13.7421694262541,0,"chi","un",561,600,0.5,0,0,0,TRUE,0,FALSE,101,"leave-1",600,0.5,1e+05,TRUE,61
10,0,0,0,13.7666505830394,13.5631906033953,13.6025608776795,0,13.4621235346554,0,"chi","un",561,600,0.5,0,0,0,TRUE,0,FALSE,101,"leave-1",600,0.5,1e+05,TRUE,61
10,0,0,0,13.7666505830394,13.5892480246737,13.6025608776795,0,13.6458590712335,0,"chi","un",561,600,0.5,0,0,0,TRUE,0,FALSE,101,"leave-1",600,0.5,1e+05,TRUE,61
10,0,0,0,13.7666505830394,13.7109557118153,13.6025608776795,0,13.7439005346281,0,"chi","un",561,600,0.5,0,0,0,TRUE,0,FALSE,101,"leave-1",600,0.5,1e+05,TRUE,61
10,0,0,0,13.7666505830394,13.8493389411945,13.6025608776795,0,13.9754338588961,0,"chi","un",561,600,0.5,0,0,0,TRUE,0,FALSE,101,"leave-1",600,0.5,1e+05,TRUE,61
10,0,0,0,13.7666505830394,14.0617970902173,13.6025608776795,0,13.9170282680811,0,"chi","un",561,600,0.5,0,0,0,TRUE,0,FALSE,101,"leave-1",600,0.5,1e+05,TRUE,61
10,0,0,0,13.7666505830394,13.926893603677,13.6025608776795,0,13.7742416467847,0,"chi","un",561,600,0.5,0,0,0,TRUE,0,FALSE,101,"leave-1",600,0.5,1e+05,TRUE,61
10,0,0,0,13.7666505830394,13.6363079762036,13.6025608776795,0,13.4697465281141,0,"chi","un",561,600,0.5,0,0,0,TRUE,0,FALSE,101,"leave-1",600,0.5,1e+05,TRUE,61
10,0,0,0,13.7666505830394,13.6191164144442,13.6025608776795,0,13.461411346694,0,"chi","un",561,600,0.5,0,0,0,TRUE,0,FALSE,101,"leave-1",600,0.5,1e+05,TRUE,61
10,0,0,0,13.7666505830394,13.8655990283758,13.6025608776795,0,13.7007597424412,0,"chi","un",561,600,0.5,0,0,0,TRUE,0,FALSE,101,"leave-1",600,0.5,1e+05,TRUE,61
10,0,0,0,13.7666505830394,14.4077015877158,13.6025608776795,0,14.280166868957,0,"chi","un",561,600,0.5,0,0,0,TRUE,0,FALSE,101,"leave-1",600,0.5,1e+05,TRUE,61
10,0,0,0,13.7666505830394,13.6111742388686,13.6025608776795,0,13.4460933873658,0,"chi","un",561,600,0.5,0,0,0,TRUE,0,FALSE,101,"leave-1",600,0.5,1e+05,TRUE,61
10,0,0,0,13.7666505830394,13.5668550169052,13.6025608776795,0,13.9766333060332,0,"chi","un",561,600,0.5,0,0,0,TRUE,0,FALSE,101,"leave-1",600,0.5,1e+05,TRUE,61
10,0,0,0,13.7666505830394,13.6033879536497,13.6025608776795,0,13.4538520876856,0,"chi","un",561,600,0.5,0,0,0,TRUE,0,FALSE,101,"leave-1",600,0.5,1e+05,TRUE,61
10,0,0,0,13.7666505830394,13.7682868532639,13.6025608776795,0,14.0036316542372,0,"chi","un",561,600,0.5,0,0,0,TRUE,0,FALSE,101,"leave-1",600,0.5,1e+05,TRUE,61
10,0,0,0,13.7666505830394,14.3576645819159,13.6025608776795,0,14.5868991213264,0,"chi","un",561,600,0.5,0,0,0,TRUE,0,FALSE,101,"leave-1",600,0.5,1e+05,TRUE,61
10,0,0,0,13.7666505830394,13.6686565402557,13.6025608776795,0,13.500084010675,0,"chi","un",561,600,0.5,0,0,0,TRUE,0,FALSE,101,"leave-1",600,0.5,1e+05,TRUE,61
10,0,0,0,13.7666505830394,13.8847400293378,13.6025608776795,0,13.7216218865664,0,"chi","un",561,600,0.5,0,0,0,TRUE,0,FALSE,101,"leave-1",600,0.5,1e+05,TRUE,61
10,0,0,0,13.7666505830394,13.6032840972365,13.6025608776795,0,13.4998843323152,0,"chi","un",561,600,0.5,0,0,0,TRUE,0,FALSE,101,"leave-1",600,0.5,1e+05,TRUE,61
10,0,0,0,13.7666505830394,13.6650980776962,13.6025608776795,0,13.5117601511456,0,"chi","un",561,600,0.5,0,0,0,TRUE,0,FALSE,101,"leave-1",600,0.5,1e+05,TRUE,61
10,0,0,0,13.7666505830394,13.7684578663759,13.6025608776795,0,13.6410811883097,0,"chi","un",561,600,0.5,0,0,0,TRUE,0,FALSE,101,"leave-1",600,0.5,1e+05,TRUE,61
10,0,0,0,13.7666505830394,14.1132389858195,13.6025608776795,0,13.9811976381323,0,"chi","un",561,600,0.5,0,0,0,TRUE,0,FALSE,101,"leave-1",600,0.5,1e+05,TRUE,61
10,0,0,0,13.7666505830394,14.0112761170769,13.6025608776795,0,13.8469349387692,0,"chi","un",561,600,0.5,0,0,0,TRUE,0,FALSE,101,"leave-1",600,0.5,1e+05,TRUE,61
10,0,0,0,13.7666505830394,13.6443903536801,13.6025608776795,0,13.6605021977621,0,"chi","un",561,600,0.5,0,0,0,TRUE,0,FALSE,101,"leave-1",600,0.5,1e+05,TRUE,61
10,0,0,0,13.7666505830394,13.6738924361003,13.6025608776795,0,13.6680651404898,0,"chi","un",561,600,0.5,0,0,0,TRUE,0,FALSE,101,"leave-1",600,0.5,1e+05,TRUE,61
10,0,0,0,13.7666505830394,13.9742738869515,13.6025608776795,0,13.8126535763893,0,"chi","un",561,600,0.5,0,0,0,TRUE,0,FALSE,101,"leave-1",600,0.5,1e+05,TRUE,61
10,0,0,0,13.7666505830394,13.5909745973357,13.6025608776795,0,13.6125583198791,0,"chi","un",561,600,0.5,0,0,0,TRUE,0,FALSE,101,"leave-1",600,0.5,1e+05,TRUE,61
10,0,0,0,13.7666505830394,13.6154500590544,13.6025608776795,0,13.4990261506608,0,"chi","un",561,600,0.5,0,0,0,TRUE,0,FALSE,101,"leave-1",600,0.5,1e+05,TRUE,61
10,0,0,0,13.7666505830394,13.7325500238712,13.6025608776795,0,13.7866879595037,0,"chi","un",561,600,0.5,0,0,0,TRUE,0,FALSE,101,"leave-1",600,0.5,1e+05,TRUE,61
10,0,0,0,13.7666505830394,14.5177283457306,13.6025608776795,0,14.4342010336817,0,"chi","un",561,600,0.5,0,0,0,TRUE,0,FALSE,101,"leave-1",600,0.5,1e+05,TRUE,61
10,0,0,0,13.7666505830394,13.8809862215382,13.6025608776795,0,13.7218641159493,0,"chi","un",561,600,0.5,0,0,0,TRUE,0,FALSE,101,"leave-1",600,0.5,1e+05,TRUE,61
10,0,0,0,13.7666505830394,14.1350353522528,13.6025608776795,0,14.2857528739217,0,"chi","un",561,600,0.5,0,0,0,TRUE,0,FALSE,101,"leave-1",600,0.5,1e+05,TRUE,61
10,0,0,0,13.7666505830394,13.7317298346941,13.6025608776795,0,13.5850040036416,0,"chi","un",561,600,0.5,0,0,0,TRUE,0,FALSE,101,"leave-1",600,0.5,1e+05,TRUE,61
10,0,0,0,13.7666505830394,13.5922262262659,13.6025608776795,0,14.4547419226785,0,"chi","un",561,600,0.5,0,0,0,TRUE,0,FALSE,101,"leave-1",600,0.5,1e+05,TRUE,61
10,0,0,0,13.7666505830394,13.7441562494398,13.6025608776795,0,13.6317084860857,0,"chi","un",561,600,0.5,0,0,0,TRUE,0,FALSE,101,"leave-1",600,0.5,1e+05,TRUE,61
10,0,0,0,13.7666505830394,13.4996987843448,13.6025608776795,0,13.9575037018018,0,"chi","un",561,600,0.5,0,0,0,TRUE,0,FALSE,101,"leave-1",600,0.5,1e+05,TRUE,61
10,0,0,0,13.7666505830394,13.8630390253483,13.6025608776795,0,13.82529321159,0,"chi","un",561,600,0.5,0,0,0,TRUE,0,FALSE,101,"leave-1",600,0.5,1e+05,TRUE,61
10,0,0,0,13.7666505830394,13.6668567012351,13.6025608776795,0,13.5961848593715,0,"chi","un",561,600,0.5,0,0,0,TRUE,0,FALSE,101,"leave-1",600,0.5,1e+05,TRUE,61
10,0,0,0,13.7666505830394,13.6067000807311,13.6025608776795,0,13.4383237404754,0,"chi","un",561,600,0.5,0,0,0,TRUE,0,FALSE,101,"leave-1",600,0.5,1e+05,TRUE,61
10,0,0,0,13.7666505830394,13.7263140323943,13.6025608776795,0,13.8071340915685,0,"chi","un",561,600,0.5,0,0,0,TRUE,0,FALSE,101,"leave-1",600,0.5,1e+05,TRUE,61
10,0,0,0,13.7666505830394,13.6722556104945,13.6025608776795,0,13.498008432952,0,"chi","un",561,600,0.5,0,0,0,TRUE,0,FALSE,101,"leave-1",600,0.5,1e+05,TRUE,61
10,0,0,0,13.7666505830394,13.7503133434447,13.6025608776795,0,14.616666635305,0,"chi","un",561,600,0.5,0,0,0,TRUE,0,FALSE,101,"leave-1",600,0.5,1e+05,TRUE,61
10,0,0,0,13.7666505830394,13.6523804257387,13.6025608776795,0,13.6666155229488,0,"chi","un",561,600,0.5,0,0,0,TRUE,0,FALSE,101,"leave-1",600,0.5,1e+05,TRUE,61
10,0,0,0,13.7666505830394,13.5637752870131,13.6025608776795,0,14.0182707063044,0,"chi","un",561,600,0.5,0,0,0,TRUE,0,FALSE,101,"leave-1",600,0.5,1e+05,TRUE,61
10,0,0,0,13.7666505830394,13.7445434309781,13.6025608776795,0,13.7183215467836,0,"chi","un",561,600,0.5,0,0,0,TRUE,0,FALSE,101,"leave-1",600,0.5,1e+05,TRUE,61
10,0,0,0,13.7666505830394,13.8923020148745,13.6025608776795,0,13.9835251074952,0,"chi","un",561,600,0.5,0,0,0,TRUE,0,FALSE,101,"leave-1",600,0.5,1e+05,TRUE,61
10,0,0,0,13.7666505830394,13.985186465111,13.6025608776795,0,13.8976396947283,0,"chi","un",561,600,0.5,0,0,0,TRUE,0,FALSE,101,"leave-1",600,0.5,1e+05,TRUE,61
10,0,0,0,13.7666505830394,13.6978791977761,13.6025608776795,0,13.5288860123055,0,"chi","un",561,600,0.5,0,0,0,TRUE,0,FALSE,101,"leave-1",600,0.5,1e+05,TRUE,61
10,0,0,0,13.7666505830394,13.6624419844902,13.6025608776795,0,13.7969022718755,0,"chi","un",561,600,0.5,0,0,0,TRUE,0,FALSE,101,"leave-1",600,0.5,1e+05,TRUE,61
10,0,0,0,13.7666505830394,13.6672115257727,13.6025608776795,0,13.6513087958062,0,"chi","un",561,600,0.5,0,0,0,TRUE,0,FALSE,101,"leave-1",600,0.5,1e+05,TRUE,61
10,0,0,0,13.7666505830394,13.5963746635701,13.6025608776795,0,13.6322945424022,0,"chi","un",561,600,0.5,0,0,0,TRUE,0,FALSE,101,"leave-1",600,0.5,1e+05,TRUE,61
10,0,0,0,13.7666505830394,13.7444804767651,13.6025608776795,0,13.7296706768049,0,"chi","un",561,600,0.5,0,0,0,TRUE,0,FALSE,101,"leave-1",600,0.5,1e+05,TRUE,61
10,0,0,0,13.7666505830394,15.2979577887239,13.6025608776795,0,15.1698450489019,0,"chi","un",561,600,0.5,0,0,0,TRUE,0,FALSE,101,"leave-1",600,0.5,1e+05,TRUE,61
10,0,0,0,13.7666505830394,13.7152900356513,13.6025608776795,0,13.5783402984181,0,"chi","un",561,600,0.5,0,0,0,TRUE,0,FALSE,101,"leave-1",600,0.5,1e+05,TRUE,61
10,0,0,0,13.7666505830394,14.0345557214153,13.6025608776795,0,13.9385050077199,0,"chi","un",561,600,0.5,0,0,0,TRUE,0,FALSE,101,"leave-1",600,0.5,1e+05,TRUE,61
10,0,0,0,13.7666505830394,13.9663062172306,13.6025608776795,0,13.8168414912859,0,"chi","un",561,600,0.5,0,0,0,TRUE,0,FALSE,101,"leave-1",600,0.5,1e+05,TRUE,61
10,0,0,0,13.7666505830394,13.6417009801265,13.6025608776795,0,13.4850644685605,0,"chi","un",561,600,0.5,0,0,0,TRUE,0,FALSE,101,"leave-1",600,0.5,1e+05,TRUE,61
10,0,0,0,13.7666505830394,13.7087562299673,13.6025608776795,0,13.6677618480299,0,"chi","un",561,600,0.5,0,0,0,TRUE,0,FALSE,101,"leave-1",600,0.5,1e+05,TRUE,61
10,0,0,0,13.7666505830394,13.8324634936653,13.6025608776795,0,13.6663437449683,0,"chi","un",561,600,0.5,0,0,0,TRUE,0,FALSE,101,"leave-1",600,0.5,1e+05,TRUE,61
10,0,0,0,13.7666505830394,13.5009154981524,13.6025608776795,0,13.790370115383,0,"chi","un",561,600,0.5,0,0,0,TRUE,0,FALSE,101,"leave-1",600,0.5,1e+05,TRUE,61
10,0,0,0,13.7666505830394,13.7116844821987,13.6025608776795,0,13.9011917961651,0,"chi","un",561,600,0.5,0,0,0,TRUE,0,FALSE,101,"leave-1",600,0.5,1e+05,TRUE,61
10,0,0,0,13.7666505830394,13.9466994822015,13.6025608776795,0,13.8095669987963,0,"chi","un",561,600,0.5,0,0,0,TRUE,0,FALSE,101,"leave-1",600,0.5,1e+05,TRUE,61
10,0,0,0,13.7666505830394,13.6371056840793,13.6025608776795,0,14.1234436762785,0,"chi","un",561,600,0.5,0,0,0,TRUE,0,FALSE,101,"leave-1",600,0.5,1e+05,TRUE,61
10,0,0,0,13.7666505830394,13.4832656372231,13.6025608776795,0,13.3363327423585,0,"chi","un",561,600,0.5,0,0,0,TRUE,0,FALSE,101,"leave-1",600,0.5,1e+05,TRUE,61
10,0,0,0,13.7666505830394,13.5435497056132,13.6025608776795,0,13.4324917254189,0,"chi","un",561,600,0.5,0,0,0,TRUE,0,FALSE,101,"leave-1",600,0.5,1e+05,TRUE,61
10,0,0,0,13.7666505830394,13.6753798458221,13.6025608776795,0,14.3109799236021,0,"chi","un",561,600,0.5,0,0,0,TRUE,0,FALSE,101,"leave-1",600,0.5,1e+05,TRUE,61
10,0,0,0,13.7666505830394,13.621734374783,13.6025608776795,0,13.5338325875472,0,"chi","un",561,600,0.5,0,0,0,TRUE,0,FALSE,101,"leave-1",600,0.5,1e+05,TRUE,61
10,0,0,0,13.7666505830394,13.8553786572058,13.6025608776795,0,13.7809860064883,0,"chi","un",561,600,0.5,0,0,0,TRUE,0,FALSE,101,"leave-1",600,0.5,1e+05,TRUE,61
10,0,0,0,13.7666505830394,13.9028782359503,13.6025608776795,0,13.7480430809246,0,"chi","un",561,600,0.5,0,0,0,TRUE,0,FALSE,101,"leave-1",600,0.5,1e+05,TRUE,61
10,0,0,0,13.7666505830394,13.5633661537117,13.6025608776795,0,13.3911835818173,0,"chi","un",561,600,0.5,0,0,0,TRUE,0,FALSE,101,"leave-1",600,0.5,1e+05,TRUE,61
10,0,0,0,13.7666505830394,14.151531791232,13.6025608776795,0,14.2532495279938,0,"chi","un",561,600,0.5,0,0,0,TRUE,0,FALSE,101,"leave-1",600,0.5,1e+05,TRUE,61
10,0,0,0,13.7666505830394,13.84193379442,13.6025608776795,0,13.9123591080076,0,"chi","un",561,600,0.5,0,0,0,TRUE,0,FALSE,101,"leave-1",600,0.5,1e+05,TRUE,61
10,0,0,0,13.7666505830394,13.6792154269886,13.6025608776795,0,13.535005687399,0,"chi","un",561,600,0.5,0,0,0,TRUE,0,FALSE,101,"leave-1",600,0.5,1e+05,TRUE,61
10,0,0,0,13.7666505830394,14.2309924096889,13.6025608776795,0,14.0843942633357,0,"chi","un",561,600,0.5,0,0,0,TRUE,0,FALSE,101,"leave-1",600,0.5,1e+05,TRUE,61
10,0,0,0,13.7666505830394,13.7756733965228,13.6025608776795,0,14.4659927005792,0,"chi","un",561,600,0.5,0,0,0,TRUE,0,FALSE,101,"leave-1",600,0.5,1e+05,TRUE,61
10,0,0,0,13.7666505830394,13.9281469310111,13.6025608776795,0,14.3997272458753,0,"chi","un",561,600,0.5,0,0,0,TRUE,0,FALSE,101,"leave-1",600,0.5,1e+05,TRUE,61
10,0,0,0,13.7666505830394,13.6479772333154,13.6025608776795,0,13.6625437719387,0,"chi","un",561,600,0.5,0,0,0,TRUE,0,FALSE,101,"leave-1",600,0.5,1e+05,TRUE,61
10,0,0,0,13.7666505830394,13.5433291760859,13.6025608776795,0,13.4476932802067,0,"chi","un",561,600,0.5,0,0,0,TRUE,0,FALSE,101,"leave-1",600,0.5,1e+05,TRUE,61
10,0,0,0,13.7666505830394,13.7775701195519,13.6025608776795,0,13.9558784890983,0,"chi","un",561,600,0.5,0,0,0,TRUE,0,FALSE,101,"leave-1",600,0.5,1e+05,TRUE,61
10,0,0,0,13.7666505830394,13.5693957217696,13.6025608776795,0,13.4250084954556,0,"chi","un",561,600,0.5,0,0,0,TRUE,0,FALSE,101,"leave-1",600,0.5,1e+05,TRUE,61
10,0,0,0,13.7666505830394,13.6575087222586,13.6025608776795,0,13.4912145932633,0,"chi","un",561,600,0.5,0,0,0,TRUE,0,FALSE,101,"leave-1",600,0.5,1e+05,TRUE,61
10,0,0,0,13.7666505830394,13.8408866988943,13.6025608776795,0,13.8658371965721,0,"chi","un",561,600,0.5,0,0,0,TRUE,0,FALSE,101,"leave-1",600,0.5,1e+05,TRUE,61
10,0,0,0,13.7666505830394,13.9681517548793,13.6025608776795,0,14.7262544920219,0,"chi","un",561,600,0.5,0,0,0,TRUE,0,FALSE,101,"leave-1",600,0.5,1e+05,TRUE,61
10,0,0,0,13.7666505830394,13.6302396967998,13.6025608776795,0,13.7345907392302,0,"chi","un",561,600,0.5,0,0,0,TRUE,0,FALSE,101,"leave-1",600,0.5,1e+05,TRUE,61
10,0,0,0,13.7666505830394,13.7715442840222,13.6025608776795,0,13.659507667447,0,"chi","un",561,600,0.5,0,0,0,TRUE,0,FALSE,101,"leave-1",600,0.5,1e+05,TRUE,61
10,0,0,0,13.7666505830394,13.6221841737697,13.6025608776795,0,13.6252681423587,0,"chi","un",561,600,0.5,0,0,0,TRUE,0,FALSE,101,"leave-1",600,0.5,1e+05,TRUE,61
10,0,0,0,13.7666505830394,14.032388946575,13.6025608776795,0,14.0836918783485,0,"chi","un",561,600,0.5,0,0,0,TRUE,0,FALSE,101,"leave-1",600,0.5,1e+05,TRUE,61
10,0,0,0,13.7666505830394,13.6078178781864,13.6025608776795,0,13.4613569815758,0,"chi","un",561,600,0.5,0,0,0,TRUE,0,FALSE,101,"leave-1",600,0.5,1e+05,TRUE,61
10,0,0,0,13.7666505830394,13.7005945030579,13.6025608776795,0,13.5328178975481,0,"chi","un",561,600,0.5,0,0,0,TRUE,0,FALSE,101,"leave-1",600,0.5,1e+05,TRUE,61
10,0,0,0,13.7666505830394,13.5978256081921,13.6025608776795,0,13.4283549150602,0,"chi","un",561,600,0.5,0,0,0,TRUE,0,FALSE,101,"leave-1",600,0.5,1e+05,TRUE,61
10,0,0,0,13.7666505830394,13.6146617968439,13.6025608776795,0,13.4692674328881,0,"chi","un",561,600,0.5,0,0,0,TRUE,0,FALSE,101,"leave-1",600,0.5,1e+05,TRUE,61
10,0,0,0,13.7666505830394,13.8105971308977,13.6025608776795,0,13.8154041897031,0,"chi","un",561,600,0.5,0,0,0,TRUE,0,FALSE,101,"leave-1",600,0.5,1e+05,TRUE,61
10,0,0,0,13.7666505830394,13.6198104958303,13.6025608776795,0,13.6050155533655,0,"chi","un",561,600,0.5,0,0,0,TRUE,0,FALSE,101,"leave-1",600,0.5,1e+05,TRUE,61
10,0,0,0,13.7666505830394,13.6317949498241,13.6025608776795,0,13.4564238247602,0,"chi","un",561,600,0.5,0,0,0,TRUE,0,FALSE,101,"leave-1",600,0.5,1e+05,TRUE,61
10,0,0,0,13.7666505830394,13.531448638485,13.6025608776795,0,13.5401790508211,0,"chi","un",561,600,0.5,0,0,0,TRUE,0,FALSE,101,"leave-1",600,0.5,1e+05,TRUE,61
10,0,0,0,13.7666505830394,13.7696151525262,13.6025608776795,0,13.7338970288108,0,"chi","un",561,600,0.5,0,0,0,TRUE,0,FALSE,101,"leave-1",600,0.5,1e+05,TRUE,61
10,0,0,0,13.7666505830394,13.616862695153,13.6025608776795,0,13.9812431459181,0,"chi","un",561,600,0.5,0,0,0,TRUE,0,FALSE,101,"leave-1",600,0.5,1e+05,TRUE,61
10,0,0,0,13.7666505830394,13.7436303520209,13.6025608776795,0,13.857928355299,0,"chi","un",561,600,0.5,0,0,0,TRUE,0,FALSE,101,"leave-1",600,0.5,1e+05,TRUE,61
10,0,0,0,13.7666505830394,13.8378010297221,13.6025608776795,0,14.2145783131533,0,"chi","un",561,600,0.5,0,0,0,TRUE,0,FALSE,101,"leave-1",600,0.5,1e+05,TRUE,61
10,0,0,0,13.7666505830394,13.9531420873373,13.6025608776795,0,14.256541874515,0,"chi","un",561,600,0.5,0,0,0,TRUE,0,FALSE,101,"leave-1",600,0.5,1e+05,TRUE,61
10,0,0,0,13.7666505830394,13.5755089420912,13.6025608776795,0,13.5284429663684,0,"chi","un",561,600,0.5,0,0,0,TRUE,0,FALSE,101,"leave-1",600,0.5,1e+05,TRUE,61
10,0,0,0,13.7666505830394,13.8726880460885,13.6025608776795,0,13.8121500430187,0,"chi","un",561,600,0.5,0,0,0,TRUE,0,FALSE,101,"leave-1",600,0.5,1e+05,TRUE,61
10,0,0,0,13.7666505830394,13.5739443839224,13.6025608776795,0,13.4175709876346,0,"chi","un",561,600,0.5,0,0,0,TRUE,0,FALSE,101,"leave-1",600,0.5,1e+05,TRUE,61
10,0,0,0,13.7666505830394,13.8787595678741,13.6025608776795,0,13.7483525098192,0,"chi","un",561,600,0.5,0,0,0,TRUE,0,FALSE,101,"leave-1",600,0.5,1e+05,TRUE,61
10,0,0,0,13.7666505830394,13.6456943021758,13.6025608776795,0,13.4700542777728,0,"chi","un",561,600,0.5,0,0,0,TRUE,0,FALSE,101,"leave-1",600,0.5,1e+05,TRUE,61
10,0,0,0,13.7666505830394,13.4329806624167,13.6025608776795,0,13.5862159640932,0,"chi","un",561,600,0.5,0,0,0,TRUE,0,FALSE,101,"leave-1",600,0.5,1e+05,TRUE,61
10,0,0,0,13.7666505830394,13.6122914854038,13.6025608776795,0,13.4401436763106,0,"chi","un",561,600,0.5,0,0,0,TRUE,0,FALSE,101,"leave-1",600,0.5,1e+05,TRUE,61
10,0,0,0,13.7666505830394,13.6433183304258,13.6025608776795,0,13.7216953072614,0,"chi","un",561,600,0.5,0,0,0,TRUE,0,FALSE,101,"leave-1",600,0.5,1e+05,TRUE,61
10,0,0,0,13.7666505830394,14.3856163528701,13.6025608776795,0,14.2791891835675,0,"chi","un",561,600,0.5,0,0,0,TRUE,0,FALSE,101,"leave-1",600,0.5,1e+05,TRUE,61
10,0,0,0,13.7666505830394,14.3125397375763,13.6025608776795,0,14.1985597358845,0,"chi","un",561,600,0.5,0,0,0,TRUE,0,FALSE,101,"leave-1",600,0.5,1e+05,TRUE,61
10,0,0,0,13.7666505830394,13.6018140041372,13.6025608776795,0,13.950296855014,0,"chi","un",561,600,0.5,0,0,0,TRUE,0,FALSE,101,"leave-1",600,0.5,1e+05,TRUE,61
10,0,0,0,13.7666505830394,13.5844907350888,13.6025608776795,0,14.6585021166507,0,"chi","un",561,600,0.5,0,0,0,TRUE,0,FALSE,101,"leave-1",600,0.5,1e+05,TRUE,61
10,0,0,0,13.7666505830394,14.1913520992887,13.6025608776795,0,14.0754145762939,0,"chi","un",561,600,0.5,0,0,0,TRUE,0,FALSE,101,"leave-1",600,0.5,1e+05,TRUE,61
10,0,0,0,13.7666505830394,13.5396415313951,13.6025608776795,0,13.9007972704229,0,"chi","un",561,600,0.5,0,0,0,TRUE,0,FALSE,101,"leave-1",600,0.5,1e+05,TRUE,61
10,0,0,0,13.7666505830394,13.6479143775579,13.6025608776795,0,13.7006957417897,0,"chi","un",561,600,0.5,0,0,0,TRUE,0,FALSE,101,"leave-1",600,0.5,1e+05,TRUE,61
10,0,0,0,13.7666505830394,13.5698033290641,13.6025608776795,0,13.6566294037149,0,"chi","un",561,600,0.5,0,0,0,TRUE,0,FALSE,101,"leave-1",600,0.5,1e+05,TRUE,61
10,0,0,0,13.7666505830394,13.7393313774806,13.6025608776795,0,13.9687641595498,0,"chi","un",561,600,0.5,0,0,0,TRUE,0,FALSE,101,"leave-1",600,0.5,1e+05,TRUE,61
10,0,0,0,13.7666505830394,13.778624892386,13.6025608776795,0,13.6077298599169,0,"chi","un",561,600,0.5,0,0,0,TRUE,0,FALSE,101,"leave-1",600,0.5,1e+05,TRUE,61
10,0,0,0,13.7666505830394,13.6456606278471,13.6025608776795,0,13.4839825892027,0,"chi","un",561,600,0.5,0,0,0,TRUE,0,FALSE,101,"leave-1",600,0.5,1e+05,TRUE,61
10,0,0,0,13.7666505830394,13.5878321257025,13.6025608776795,0,13.4326736426384,0,"chi","un",561,600,0.5,0,0,0,TRUE,0,FALSE,101,"leave-1",600,0.5,1e+05,TRUE,61
10,0,0,0,13.7666505830394,13.6174614692434,13.6025608776795,0,13.7898879594867,0,"chi","un",561,600,0.5,0,0,0,TRUE,0,FALSE,101,"leave-1",600,0.5,1e+05,TRUE,61
10,0,0,0,13.7666505830394,13.7472954938024,13.6025608776795,0,13.8955681290477,0,"chi","un",561,600,0.5,0,0,0,TRUE,0,FALSE,101,"leave-1",600,0.5,1e+05,TRUE,61
10,0,0,0,13.7666505830394,13.7432772944889,13.6025608776795,0,13.9853884639181,0,"chi","un",561,600,0.5,0,0,0,TRUE,0,FALSE,101,"leave-1",600,0.5,1e+05,TRUE,61
10,0,0,0,13.7666505830394,14.1654702461267,13.6025608776795,0,14.0048880164611,0,"chi","un",561,600,0.5,0,0,0,TRUE,0,FALSE,101,"leave-1",600,0.5,1e+05,TRUE,61
10,0,0,0,13.7666505830394,13.6294390091481,13.6025608776795,0,13.6757521542161,0,"chi","un",561,600,0.5,0,0,0,TRUE,0,FALSE,101,"leave-1",600,0.5,1e+05,TRUE,61
10,0,0,0,13.7666505830394,13.6186820468692,13.6025608776795,0,13.4473980176096,0,"chi","un",561,600,0.5,0,0,0,TRUE,0,FALSE,101,"leave-1",600,0.5,1e+05,TRUE,61
10,0,0,0,13.7666505830394,13.6117310745282,13.6025608776795,0,13.4371955686011,0,"chi","un",561,600,0.5,0,0,0,TRUE,0,FALSE,101,"leave-1",600,0.5,1e+05,TRUE,61
10,0,0,0,13.7666505830394,13.8622481931556,13.6025608776795,0,14.4604642762659,0,"chi","un",561,600,0.5,0,0,0,TRUE,0,FALSE,101,"leave-1",600,0.5,1e+05,TRUE,61
10,0,0,0,13.7666505830394,13.7577305468117,13.6025608776795,0,13.6631961879742,0,"chi","un",561,600,0.5,0,0,0,TRUE,0,FALSE,101,"leave-1",600,0.5,1e+05,TRUE,61
10,0,0,0,13.7666505830394,14.3976960899417,13.6025608776795,0,14.2663682424342,0,"chi","un",561,600,0.5,0,0,0,TRUE,0,FALSE,101,"leave-1",600,0.5,1e+05,TRUE,61
10,0,0,0,13.7666505830394,13.6271070654583,13.6025608776795,0,13.4655534805762,0,"chi","un",561,600,0.5,0,0,0,TRUE,0,FALSE,101,"leave-1",600,0.5,1e+05,TRUE,61
10,0,0,0,13.7666505830394,13.8782342768529,13.6025608776795,0,14.0641608965018,0,"chi","un",561,600,0.5,0,0,0,TRUE,0,FALSE,101,"leave-1",600,0.5,1e+05,TRUE,61
10,0,0,0,13.7666505830394,13.7140648362619,13.6025608776795,0,14.292010831647,0,"chi","un",561,600,0.5,0,0,0,TRUE,0,FALSE,101,"leave-1",600,0.5,1e+05,TRUE,61
10,0,0,0,13.7666505830394,13.6343519632113,13.6025608776795,0,13.4840835463431,0,"chi","un",561,600,0.5,0,0,0,TRUE,0,FALSE,101,"leave-1",600,0.5,1e+05,TRUE,61
10,0,0,0,13.7666505830394,13.7733041614384,13.6025608776795,0,13.6056345930896,0,"chi","un",561,600,0.5,0,0,0,TRUE,0,FALSE,101,"leave-1",600,0.5,1e+05,TRUE,61
10,0,0,0,13.7666505830394,13.5936449734,13.6025608776795,0,13.6609473687852,0,"chi","un",561,600,0.5,0,0,0,TRUE,0,FALSE,101,"leave-1",600,0.5,1e+05,TRUE,61
10,0,0,0,13.7666505830394,13.7709705476916,13.6025608776795,0,13.6851677593958,0,"chi","un",561,600,0.5,0,0,0,TRUE,0,FALSE,101,"leave-1",600,0.5,1e+05,TRUE,61
10,0,0,0,13.7666505830394,13.6248490955412,13.6025608776795,0,13.5586614559362,0,"chi","un",561,600,0.5,0,0,0,TRUE,0,FALSE,101,"leave-1",600,0.5,1e+05,TRUE,61
10,0,0,0,13.7666505830394,13.7119281064525,13.6025608776795,0,13.960476940852,0,"chi","un",561,600,0.5,0,0,0,TRUE,0,FALSE,101,"leave-1",600,0.5,1e+05,TRUE,61
10,0,0,0,13.7666505830394,14.0027706498966,13.6025608776795,0,13.8427091340868,0,"chi","un",561,600,0.5,0,0,0,TRUE,0,FALSE,101,"leave-1",600,0.5,1e+05,TRUE,61
10,0,0,0,13.7666505830394,14.2002861067893,13.6025608776795,0,14.0427271130544,0,"chi","un",561,600,0.5,0,0,0,TRUE,0,FALSE,101,"leave-1",600,0.5,1e+05,TRUE,61
10,0,0,0,13.7666505830394,14.1563813318799,13.6025608776795,0,NA,NA,"chi","un",561,600,0.5,0,0,0,TRUE,0,FALSE,101,"leave-1",600,0.5,1e+05,TRUE,61
10,0,0,0,13.7666505830394,14.7365228775599,13.6025608776795,0,14.5941634789396,0,"chi","un",561,600,0.5,0,0,0,TRUE,0,FALSE,101,"leave-1",600,0.5,1e+05,TRUE,61
10,0,0,0,13.7666505830394,13.7721014817953,13.6025608776795,0,13.6005116354102,0,"chi","un",561,600,0.5,0,0,0,TRUE,0,FALSE,101,"leave-1",600,0.5,1e+05,TRUE,61
10,0,0,0,13.7666505830394,13.6556990325394,13.6025608776795,0,13.4871435609261,0,"chi","un",561,600,0.5,0,0,0,TRUE,0,FALSE,101,"leave-1",600,0.5,1e+05,TRUE,61
10,0,0,0,13.7666505830394,13.6359290521465,13.6025608776795,0,13.6730854333952,0,"chi","un",561,600,0.5,0,0,0,TRUE,0,FALSE,101,"leave-1",600,0.5,1e+05,TRUE,61
10,0,0,0,13.7666505830394,13.6266654651729,13.6025608776795,0,14.7208781105954,0,"chi","un",561,600,0.5,0,0,0,TRUE,0,FALSE,101,"leave-1",600,0.5,1e+05,TRUE,61
10,0,0,0,13.7666505830394,13.6311563973293,13.6025608776795,0,14.0669156831214,0,"chi","un",561,600,0.5,0,0,0,TRUE,0,FALSE,101,"leave-1",600,0.5,1e+05,TRUE,61
10,0,0,0,13.7666505830394,13.5136218833061,13.6025608776795,0,13.3429491441887,0,"chi","un",561,600,0.5,0,0,0,TRUE,0,FALSE,101,"leave-1",600,0.5,1e+05,TRUE,61
10,0,0,0,13.7666505830394,13.6194279730478,13.6025608776795,0,14.3912156408596,0,"chi","un",561,600,0.5,0,0,0,TRUE,0,FALSE,101,"leave-1",600,0.5,1e+05,TRUE,61
10,0,0,0,13.7666505830394,13.5634671499882,13.6025608776795,0,13.6898361430837,0,"chi","un",561,600,0.5,0,0,0,TRUE,0,FALSE,101,"leave-1",600,0.5,1e+05,TRUE,61
10,0,0,0,13.7666505830394,13.6456091551427,13.6025608776795,0,13.7442627615072,0,"chi","un",561,600,0.5,0,0,0,TRUE,0,FALSE,101,"leave-1",600,0.5,1e+05,TRUE,61
10,0,0,0,13.7666505830394,13.705672655314,13.6025608776795,0,13.9632724014428,0,"chi","un",561,600,0.5,0,0,0,TRUE,0,FALSE,101,"leave-1",600,0.5,1e+05,TRUE,61
10,0,0,0,13.7666505830394,14.7437244433135,13.6025608776795,0,15.0814813666353,0,"chi","un",561,600,0.5,0,0,0,TRUE,0,FALSE,101,"leave-1",600,0.5,1e+05,TRUE,61
10,0,0,0,13.7666505830394,13.875176550344,13.6025608776795,0,13.7091372489917,0,"chi","un",561,600,0.5,0,0,0,TRUE,0,FALSE,101,"leave-1",600,0.5,1e+05,TRUE,61
10,0,0,0,13.7666505830394,13.9365404542374,13.6025608776795,0,14.078611166501,0,"chi","un",561,600,0.5,0,0,0,TRUE,0,FALSE,101,"leave-1",600,0.5,1e+05,TRUE,61
10,0,0,0,13.7666505830394,13.636155731111,13.6025608776795,0,13.5081524250245,0,"chi","un",561,600,0.5,0,0,0,TRUE,0,FALSE,101,"leave-1",600,0.5,1e+05,TRUE,61
10,0,0,0,13.7666505830394,13.7248608119894,13.6025608776795,0,13.754506499784,0,"chi","un",561,600,0.5,0,0,0,TRUE,0,FALSE,101,"leave-1",600,0.5,1e+05,TRUE,61
10,0,0,0,13.7666505830394,13.6105070783678,13.6025608776795,0,13.6433489192147,0,"chi","un",561,600,0.5,0,0,0,TRUE,0,FALSE,101,"leave-1",600,0.5,1e+05,TRUE,61
10,0,0,0,13.7666505830394,13.8708453535443,13.6025608776795,0,14.0752221714562,0,"chi","un",561,600,0.5,0,0,0,TRUE,0,FALSE,101,"leave-1",600,0.5,1e+05,TRUE,61
10,0,0,0,13.7666505830394,13.6819928233284,13.6025608776795,0,13.633056962494,0,"chi","un",561,600,0.5,0,0,0,TRUE,0,FALSE,101,"leave-1",600,0.5,1e+05,TRUE,61
10,0,0,0,13.7666505830394,13.6394555876751,13.6025608776795,0,13.4738542865931,0,"chi","un",561,600,0.5,0,0,0,TRUE,0,FALSE,101,"leave-1",600,0.5,1e+05,TRUE,61
10,0,0,0,13.7666505830394,13.6224750561891,13.6025608776795,0,13.4749935301851,0,"chi","un",561,600,0.5,0,0,0,TRUE,0,FALSE,101,"leave-1",600,0.5,1e+05,TRUE,61
10,0,0,0,13.7666505830394,14.0338197391554,13.6025608776795,0,13.8838880437455,0,"chi","un",561,600,0.5,0,0,0,TRUE,0,FALSE,101,"leave-1",600,0.5,1e+05,TRUE,61
10,0,0,0,13.7666505830394,14.7569001932942,13.6025608776795,0,14.6299431818645,0,"chi","un",561,600,0.5,0,0,0,TRUE,0,FALSE,101,"leave-1",600,0.5,1e+05,TRUE,61
10,0,0,0,13.7666505830394,13.9352840088434,13.6025608776795,0,13.7972350038242,0,"chi","un",561,600,0.5,0,0,0,TRUE,0,FALSE,101,"leave-1",600,0.5,1e+05,TRUE,61
10,0,0,0,13.7666505830394,13.5959337441114,13.6025608776795,0,14.120911360247,0,"chi","un",561,600,0.5,0,0,0,TRUE,0,FALSE,101,"leave-1",600,0.5,1e+05,TRUE,61
10,0,0,0,13.7666505830394,14.7607287893041,13.6025608776795,0,14.8587538384037,0,"chi","un",561,600,0.5,0,0,0,TRUE,0,FALSE,101,"leave-1",600,0.5,1e+05,TRUE,61
10,0,0,0,13.7666505830394,13.7181350159118,13.6025608776795,0,13.7469862093041,0,"chi","un",561,600,0.5,0,0,0,TRUE,0,FALSE,101,"leave-1",600,0.5,1e+05,TRUE,61
10,0,0,0,13.7666505830394,13.6641606981984,13.6025608776795,0,14.4776630420836,0,"chi","un",561,600,0.5,0,0,0,TRUE,0,FALSE,101,"leave-1",600,0.5,1e+05,TRUE,61
10,0,0,0,13.7666505830394,14.0182556555184,13.6025608776795,0,13.8604142321387,0,"chi","un",561,600,0.5,0,0,0,TRUE,0,FALSE,101,"leave-1",600,0.5,1e+05,TRUE,61
10,0,0,0,13.7666505830394,13.8720468483854,13.6025608776795,0,13.726594191494,0,"chi","un",561,600,0.5,0,0,0,TRUE,0,FALSE,101,"leave-1",600,0.5,1e+05,TRUE,61
10,0,0,0,13.7666505830394,14.0554636819924,13.6025608776795,0,13.9917043703703,0,"chi","un",561,600,0.5,0,0,0,TRUE,0,FALSE,101,"leave-1",600,0.5,1e+05,TRUE,61
10,0,0,0,13.7666505830394,13.8028185907965,13.6025608776795,0,13.6330626642291,0,"chi","un",561,600,0.5,0,0,0,TRUE,0,FALSE,101,"leave-1",600,0.5,1e+05,TRUE,61
10,0,0,0,13.7666505830394,13.797727925269,13.6025608776795,0,13.9804117439541,0,"chi","un",561,600,0.5,0,0,0,TRUE,0,FALSE,101,"leave-1",600,0.5,1e+05,TRUE,61
10,0,0,0,13.7666505830394,13.5614101741347,13.6025608776795,0,13.3959929720386,0,"chi","un",561,600,0.5,0,0,0,TRUE,0,FALSE,101,"leave-1",600,0.5,1e+05,TRUE,61
10,0,0,0,13.7666505830394,14.7813038400929,13.6025608776795,0,14.6516808283929,0,"chi","un",561,600,0.5,0,0,0,TRUE,0,FALSE,101,"leave-1",600,0.5,1e+05,TRUE,61
10,0,0,0,13.7666505830394,13.4840803586183,13.6025608776795,0,13.5641823254754,0,"chi","un",561,600,0.5,0,0,0,TRUE,0,FALSE,101,"leave-1",600,0.5,1e+05,TRUE,61
10,0,0,0,13.7666505830394,13.632471324092,13.6025608776795,0,13.5665088423394,0,"chi","un",561,600,0.5,0,0,0,TRUE,0,FALSE,101,"leave-1",600,0.5,1e+05,TRUE,61
10,0,0,0,13.7666505830394,14.0174407654391,13.6025608776795,0,13.8552128405003,0,"chi","un",561,600,0.5,0,0,0,TRUE,0,FALSE,101,"leave-1",600,0.5,1e+05,TRUE,61
10,0,0,0,13.7666505830394,13.7930639568084,13.6025608776795,0,13.6538303063898,0,"chi","un",561,600,0.5,0,0,0,TRUE,0,FALSE,101,"leave-1",600,0.5,1e+05,TRUE,61
10,0,0,0,13.7666505830394,13.5703002157077,13.6025608776795,0,14.2218147435076,0,"chi","un",561,600,0.5,0,0,0,TRUE,0,FALSE,101,"leave-1",600,0.5,1e+05,TRUE,61
10,0,0,0,13.7666505830394,13.9928876169636,13.6025608776795,0,14.0110491885091,0,"chi","un",561,600,0.5,0,0,0,TRUE,0,FALSE,101,"leave-1",600,0.5,1e+05,TRUE,61
10,0,0,0,13.7666505830394,13.6389594829824,13.6025608776795,0,13.8760824904467,0,"chi","un",561,600,0.5,0,0,0,TRUE,0,FALSE,101,"leave-1",600,0.5,1e+05,TRUE,61
10,0,0,0,13.7666505830394,13.5008335404002,13.6025608776795,0,13.3283529979009,0,"chi","un",561,600,0.5,0,0,0,TRUE,0,FALSE,101,"leave-1",600,0.5,1e+05,TRUE,61
10,0,0,0,13.7666505830394,13.9844605336198,13.6025608776795,0,14.1326645787467,0,"chi","un",561,600,0.5,0,0,0,TRUE,0,FALSE,101,"leave-1",600,0.5,1e+05,TRUE,61
10,0,0,0,13.7666505830394,13.6623697876308,13.6025608776795,0,13.5527095292764,0,"chi","un",561,600,0.5,0,0,0,TRUE,0,FALSE,101,"leave-1",600,0.5,1e+05,TRUE,61
10,0,0,0,13.7666505830394,13.5499226102447,13.6025608776795,0,13.3804385465265,0,"chi","un",561,600,0.5,0,0,0,TRUE,0,FALSE,101,"leave-1",600,0.5,1e+05,TRUE,61
10,0,0,0,13.7666505830394,14.4697470210484,13.6025608776795,0,15.0015869284342,0,"chi","un",561,600,0.5,0,0,0,TRUE,0,FALSE,101,"leave-1",600,0.5,1e+05,TRUE,61
10,0,0,0,13.7666505830394,13.5664865591958,13.6025608776795,0,13.649837410311,0,"chi","un",561,600,0.5,0,0,0,TRUE,0,FALSE,101,"leave-1",600,0.5,1e+05,TRUE,61
10,0,0,0,13.7666505830394,13.5616978399332,13.6025608776795,0,13.4261542912814,0,"chi","un",561,600,0.5,0,0,0,TRUE,0,FALSE,101,"leave-1",600,0.5,1e+05,TRUE,61
10,0,0,0,13.7666505830394,13.6579317082868,13.6025608776795,0,13.7896779068294,0,"chi","un",561,600,0.5,0,0,0,TRUE,0,FALSE,101,"leave-1",600,0.5,1e+05,TRUE,61
10,0,0,0,13.7666505830394,13.6012850080105,13.6025608776795,0,13.4483327647855,0,"chi","un",561,600,0.5,0,0,0,TRUE,0,FALSE,101,"leave-1",600,0.5,1e+05,TRUE,61
10,0,0,0,13.7666505830394,13.672770469158,13.6025608776795,0,13.5136749683736,0,"chi","un",561,600,0.5,0,0,0,TRUE,0,FALSE,101,"leave-1",600,0.5,1e+05,TRUE,61
10,0,0,0,13.7666505830394,13.9596330418367,13.6025608776795,0,13.800864215376,0,"chi","un",561,600,0.5,0,0,0,TRUE,0,FALSE,101,"leave-1",600,0.5,1e+05,TRUE,61
10,0,0,0,13.7666505830394,13.6599161784477,13.6025608776795,0,13.5388099466941,0,"chi","un",561,600,0.5,0,0,0,TRUE,0,FALSE,101,"leave-1",600,0.5,1e+05,TRUE,61
10,0,0,0,13.7666505830394,13.6858401469434,13.6025608776795,0,13.6762035498148,0,"chi","un",561,600,0.5,0,0,0,TRUE,0,FALSE,101,"leave-1",600,0.5,1e+05,TRUE,61
10,0,0,0,13.7666505830394,14.3112317212355,13.6025608776795,0,14.15879697575,0,"chi","un",561,600,0.5,0,0,0,TRUE,0,FALSE,101,"leave-1",600,0.5,1e+05,TRUE,61
10,0,0,0,13.7666505830394,13.6189848796644,13.6025608776795,0,13.5087532849171,0,"chi","un",561,600,0.5,0,0,0,TRUE,0,FALSE,101,"leave-1",600,0.5,1e+05,TRUE,61
10,0,0,0,13.7666505830394,13.6689250086719,13.6025608776795,0,13.5146515311327,0,"chi","un",561,600,0.5,0,0,0,TRUE,0,FALSE,101,"leave-1",600,0.5,1e+05,TRUE,61
10,0,0,0,13.7666505830394,13.2678018699592,13.6025608776795,0,13.1142804597684,0,"chi","un",561,600,0.5,0,0,0,TRUE,0,FALSE,101,"leave-1",600,0.5,1e+05,TRUE,61
10,0,0,0,13.7666505830394,13.6345443392308,13.6025608776795,0,13.6793188576165,0,"chi","un",561,600,0.5,0,0,0,TRUE,0,FALSE,101,"leave-1",600,0.5,1e+05,TRUE,61
10,0,0,0,13.7666505830394,13.7294971673067,13.6025608776795,0,14.4209697671606,0,"chi","un",561,600,0.5,0,0,0,TRUE,0,FALSE,101,"leave-1",600,0.5,1e+05,TRUE,61
10,0,0,0,13.7666505830394,13.6301795521603,13.6025608776795,0,13.5254067130518,0,"chi","un",561,600,0.5,0,0,0,TRUE,0,FALSE,101,"leave-1",600,0.5,1e+05,TRUE,61
10,0,0,0,13.7666505830394,13.7590525555332,13.6025608776795,0,13.6314892693608,0,"chi","un",561,600,0.5,0,0,0,TRUE,0,FALSE,101,"leave-1",600,0.5,1e+05,TRUE,61
10,0,0,0,13.7666505830394,13.963246335687,13.6025608776795,0,13.8720319405585,0,"chi","un",561,600,0.5,0,0,0,TRUE,0,FALSE,101,"leave-1",600,0.5,1e+05,TRUE,61
10,0,0,0,13.7666505830394,13.6139087329621,13.6025608776795,0,14.0530454296792,0,"chi","un",561,600,0.5,0,0,0,TRUE,0,FALSE,101,"leave-1",600,0.5,1e+05,TRUE,61
10,0,0,0,13.7666505830394,13.6044357600499,13.6025608776795,0,13.8939131323972,0,"chi","un",561,600,0.5,0,0,0,TRUE,0,FALSE,101,"leave-1",600,0.5,1e+05,TRUE,61
10,0,0,0,13.7666505830394,13.4655600878504,13.6025608776795,0,13.4904017210737,0,"chi","un",561,600,0.5,0,0,0,TRUE,0,FALSE,101,"leave-1",600,0.5,1e+05,TRUE,61
10,0,0,0,13.7666505830394,14.1719278592419,13.6025608776795,0,14.0751373851389,0,"chi","un",561,600,0.5,0,0,0,TRUE,0,FALSE,101,"leave-1",600,0.5,1e+05,TRUE,61
10,0,0,0,13.7666505830394,14.3000461059393,13.6025608776795,0,14.386386635191,0,"chi","un",561,600,0.5,0,0,0,TRUE,0,FALSE,101,"leave-1",600,0.5,1e+05,TRUE,61
10,0,0,0,13.7666505830394,13.5792977376254,13.6025608776795,0,13.5592033868926,0,"chi","un",561,600,0.5,0,0,0,TRUE,0,FALSE,101,"leave-1",600,0.5,1e+05,TRUE,61
10,0,0,0,13.7666505830394,13.5540226294269,13.6025608776795,0,13.6041276887216,0,"chi","un",561,600,0.5,0,0,0,TRUE,0,FALSE,101,"leave-1",600,0.5,1e+05,TRUE,61
10,0,0,0,13.7666505830394,13.7287485921377,13.6025608776795,0,14.0131723894519,0,"chi","un",561,600,0.5,0,0,0,TRUE,0,FALSE,101,"leave-1",600,0.5,1e+05,TRUE,61
10,0,0,0,13.7666505830394,13.7603995898392,13.6025608776795,0,13.7784064996732,0,"chi","un",561,600,0.5,0,0,0,TRUE,0,FALSE,101,"leave-1",600,0.5,1e+05,TRUE,61
10,0,0,0,13.7666505830394,13.7474970489166,13.6025608776795,0,13.6006083059845,0,"chi","un",561,600,0.5,0,0,0,TRUE,0,FALSE,101,"leave-1",600,0.5,1e+05,TRUE,61
10,0,0,0,13.7666505830394,13.7286409969179,13.6025608776795,0,13.8732533462059,0,"chi","un",561,600,0.5,0,0,0,TRUE,0,FALSE,101,"leave-1",600,0.5,1e+05,TRUE,61
10,0,0,0,13.7666505830394,13.7206474498923,13.6025608776795,0,14.2302454165845,0,"chi","un",561,600,0.5,0,0,0,TRUE,0,FALSE,101,"leave-1",600,0.5,1e+05,TRUE,61
10,0,0,0,13.7666505830394,13.8394073471408,13.6025608776795,0,13.6779993465687,0,"chi","un",561,600,0.5,0,0,0,TRUE,0,FALSE,101,"leave-1",600,0.5,1e+05,TRUE,61
10,0,0,0,13.7666505830394,13.6198880754165,13.6025608776795,0,13.5058240558398,0,"chi","un",561,600,0.5,0,0,0,TRUE,0,FALSE,101,"leave-1",600,0.5,1e+05,TRUE,61
10,0,0,0,13.7666505830394,13.5954396896462,13.6025608776795,0,13.5773113956241,0,"chi","un",561,600,0.5,0,0,0,TRUE,0,FALSE,101,"leave-1",600,0.5,1e+05,TRUE,61
10,0,0,0,13.7666505830394,13.5567275046995,13.6025608776795,0,13.3936311540746,0,"chi","un",561,600,0.5,0,0,0,TRUE,0,FALSE,101,"leave-1",600,0.5,1e+05,TRUE,61
10,0,0,0,13.7666505830394,13.6223419043852,13.6025608776795,0,13.7414102961845,0,"chi","un",561,600,0.5,0,0,0,TRUE,0,FALSE,101,"leave-1",600,0.5,1e+05,TRUE,61
10,0,0,0,13.7666505830394,13.5244488144969,13.6025608776795,0,13.3530526876506,0,"chi","un",561,600,0.5,0,0,0,TRUE,0,FALSE,101,"leave-1",600,0.5,1e+05,TRUE,61
10,0,0,0,13.7666505830394,14.5919243008779,13.6025608776795,0,15.0188144262068,0,"chi","un",561,600,0.5,0,0,0,TRUE,0,FALSE,101,"leave-1",600,0.5,1e+05,TRUE,61
10,0,0,0,13.7666505830394,13.6205438587474,13.6025608776795,0,14.0225603021952,0,"chi","un",561,600,0.5,0,0,0,TRUE,0,FALSE,101,"leave-1",600,0.5,1e+05,TRUE,61
10,0,0,0,13.7666505830394,14.00851961331,13.6025608776795,0,13.933063022215,0,"chi","un",561,600,0.5,0,0,0,TRUE,0,FALSE,101,"leave-1",600,0.5,1e+05,TRUE,61
10,0,0,0,13.7666505830394,14.0577066680977,13.6025608776795,0,13.9309420068281,0,"chi","un",561,600,0.5,0,0,0,TRUE,0,FALSE,101,"leave-1",600,0.5,1e+05,TRUE,61
10,0,0,0,13.7666505830394,13.5961020519037,13.6025608776795,0,13.4869754348277,0,"chi","un",561,600,0.5,0,0,0,TRUE,0,FALSE,101,"leave-1",600,0.5,1e+05,TRUE,61
10,0,0,0,13.7666505830394,13.471042982032,13.6025608776795,0,13.3555901378683,0,"chi","un",561,600,0.5,0,0,0,TRUE,0,FALSE,101,"leave-1",600,0.5,1e+05,TRUE,61
10,0,0,0,13.7666505830394,13.6378597004515,13.6025608776795,0,13.6255169642341,0,"chi","un",561,600,0.5,0,0,0,TRUE,0,FALSE,101,"leave-1",600,0.5,1e+05,TRUE,61
10,0,0,0,13.7666505830394,14.0356622283263,13.6025608776795,0,13.938214406822,0,"chi","un",561,600,0.5,0,0,0,TRUE,0,FALSE,101,"leave-1",600,0.5,1e+05,TRUE,61
10,0,0,0,13.7666505830394,13.6231405844456,13.6025608776795,0,13.6414846489569,0,"chi","un",561,600,0.5,0,0,0,TRUE,0,FALSE,101,"leave-1",600,0.5,1e+05,TRUE,61
10,0,0,0,13.7666505830394,13.8767258479077,13.6025608776795,0,13.7638087855312,0,"chi","un",561,600,0.5,0,0,0,TRUE,0,FALSE,101,"leave-1",600,0.5,1e+05,TRUE,61
10,0,0,0,13.7666505830394,13.9933074704221,13.6025608776795,0,14.1630570396886,0,"chi","un",561,600,0.5,0,0,0,TRUE,0,FALSE,101,"leave-1",600,0.5,1e+05,TRUE,61
10,0,0,0,13.7666505830394,13.629431894354,13.6025608776795,0,NA,NA,"chi","un",561,600,0.5,0,0,0,TRUE,0,FALSE,101,"leave-1",600,0.5,1e+05,TRUE,61
10,0,0,0,13.7666505830394,13.1100811175136,13.6025608776795,0,13.4958259956634,0,"chi","un",561,600,0.5,0,0,0,TRUE,0,FALSE,101,"leave-1",600,0.5,1e+05,TRUE,61
10,0,0,0,13.7666505830394,13.4964879028709,13.6025608776795,0,13.3479496417542,0,"chi","un",561,600,0.5,0,0,0,TRUE,0,FALSE,101,"leave-1",600,0.5,1e+05,TRUE,61
10,0,0,0,13.7666505830394,13.6248617209452,13.6025608776795,0,13.4590243153711,0,"chi","un",561,600,0.5,0,0,0,TRUE,0,FALSE,101,"leave-1",600,0.5,1e+05,TRUE,61
10,0,0,0,13.7666505830394,14.0718046154808,13.6025608776795,0,14.200134156009,0,"chi","un",561,600,0.5,0,0,0,TRUE,0,FALSE,101,"leave-1",600,0.5,1e+05,TRUE,61
10,0,0,0,13.7666505830394,13.6740434688109,13.6025608776795,0,14.0132636121193,0,"chi","un",561,600,0.5,0,0,0,TRUE,0,FALSE,101,"leave-1",600,0.5,1e+05,TRUE,61
10,0,0,0,13.7666505830394,13.8595969218453,13.6025608776795,0,13.6970425892372,0,"chi","un",561,600,0.5,0,0,0,TRUE,0,FALSE,101,"leave-1",600,0.5,1e+05,TRUE,61
10,0,0,0,13.7666505830394,13.7815969900194,13.6025608776795,0,13.6359781800798,0,"chi","un",561,600,0.5,0,0,0,TRUE,0,FALSE,101,"leave-1",600,0.5,1e+05,TRUE,61
10,0,0,0,13.7666505830394,13.6301737458394,13.6025608776795,0,13.4761304670298,0,"chi","un",561,600,0.5,0,0,0,TRUE,0,FALSE,101,"leave-1",600,0.5,1e+05,TRUE,61
10,0,0,0,13.7666505830394,13.4825707698681,13.6025608776795,0,13.4008852854885,0,"chi","un",561,600,0.5,0,0,0,TRUE,0,FALSE,101,"leave-1",600,0.5,1e+05,TRUE,61
10,0,0,0,13.7666505830394,14.0153397178511,13.6025608776795,0,14.1180971534642,0,"chi","un",561,600,0.5,0,0,0,TRUE,0,FALSE,101,"leave-1",600,0.5,1e+05,TRUE,61
10,0,0,0,13.7666505830394,13.6342061679972,13.6025608776795,0,13.4631242962221,0,"chi","un",561,600,0.5,0,0,0,TRUE,0,FALSE,101,"leave-1",600,0.5,1e+05,TRUE,61
10,0,0,0,13.7666505830394,13.650372095524,13.6025608776795,0,13.7178968420506,0,"chi","un",561,600,0.5,0,0,0,TRUE,0,FALSE,101,"leave-1",600,0.5,1e+05,TRUE,61
10,0,0,0,13.7666505830394,13.5344643232519,13.6025608776795,0,13.6120668051974,0,"chi","un",561,600,0.5,0,0,0,TRUE,0,FALSE,101,"leave-1",600,0.5,1e+05,TRUE,61
10,0,0,0,13.7666505830394,13.5280558186286,13.6025608776795,0,13.3562528410549,0,"chi","un",561,600,0.5,0,0,0,TRUE,0,FALSE,101,"leave-1",600,0.5,1e+05,TRUE,61
10,0,0,0,13.7666505830394,13.5277063506005,13.6025608776795,0,13.4707815683009,0,"chi","un",561,600,0.5,0,0,0,TRUE,0,FALSE,101,"leave-1",600,0.5,1e+05,TRUE,61
10,0,0,0,13.7666505830394,13.6546216038504,13.6025608776795,0,13.4895497377186,0,"chi","un",561,600,0.5,0,0,0,TRUE,0,FALSE,101,"leave-1",600,0.5,1e+05,TRUE,61
10,0,0,0,13.7666505830394,14.0141491985965,13.6025608776795,0,14.4613137140672,0,"chi","un",561,600,0.5,0,0,0,TRUE,0,FALSE,101,"leave-1",600,0.5,1e+05,TRUE,61
10,0,0,0,13.7666505830394,13.6140945649868,13.6025608776795,0,13.4561425119025,0,"chi","un",561,600,0.5,0,0,0,TRUE,0,FALSE,101,"leave-1",600,0.5,1e+05,TRUE,61
10,0,0,0,13.7666505830394,13.4602195010374,13.6025608776795,0,13.2885274691725,0,"chi","un",561,600,0.5,0,0,0,TRUE,0,FALSE,101,"leave-1",600,0.5,1e+05,TRUE,61
10,0,0,0,13.7666505830394,13.8499760992481,13.6025608776795,0,13.8919946493618,0,"chi","un",561,600,0.5,0,0,0,TRUE,0,FALSE,101,"leave-1",600,0.5,1e+05,TRUE,61
10,0,0,0,13.7666505830394,13.9415923076175,13.6025608776795,0,13.8182175781876,0,"chi","un",561,600,0.5,0,0,0,TRUE,0,FALSE,101,"leave-1",600,0.5,1e+05,TRUE,61
10,0,0,0,13.7666505830394,13.6475466287503,13.6025608776795,0,13.6055475993662,0,"chi","un",561,600,0.5,0,0,0,TRUE,0,FALSE,101,"leave-1",600,0.5,1e+05,TRUE,61
10,0,0,0,13.7666505830394,13.7728636648129,13.6025608776795,0,13.6759269420059,0,"chi","un",561,600,0.5,0,0,0,TRUE,0,FALSE,101,"leave-1",600,0.5,1e+05,TRUE,61
10,0,0,0,13.7666505830394,13.5628926304383,13.6025608776795,0,13.4918437961654,0,"chi","un",561,600,0.5,0,0,0,TRUE,0,FALSE,101,"leave-1",600,0.5,1e+05,TRUE,61
10,0,0,0,13.7666505830394,13.4831684097804,13.6025608776795,0,13.3147394342679,0,"chi","un",561,600,0.5,0,0,0,TRUE,0,FALSE,101,"leave-1",600,0.5,1e+05,TRUE,61
10,0,0,0,13.7666505830394,13.9191927705683,13.6025608776795,0,14.309577355914,0,"chi","un",561,600,0.5,0,0,0,TRUE,0,FALSE,101,"leave-1",600,0.5,1e+05,TRUE,61
10,0,0,0,13.7666505830394,13.9269180991841,13.6025608776795,0,13.8575890963504,0,"chi","un",561,600,0.5,0,0,0,TRUE,0,FALSE,101,"leave-1",600,0.5,1e+05,TRUE,61
10,0,0,0,13.7666505830394,13.6532643504087,13.6025608776795,0,13.85449210651,0,"chi","un",561,600,0.5,0,0,0,TRUE,0,FALSE,101,"leave-1",600,0.5,1e+05,TRUE,61
10,0,0,0,13.7666505830394,14.015204008343,13.6025608776795,0,13.9040253126318,0,"chi","un",561,600,0.5,0,0,0,TRUE,0,FALSE,101,"leave-1",600,0.5,1e+05,TRUE,61
10,0,0,0,13.7666505830394,13.5212680841495,13.6025608776795,0,13.5701601773214,0,"chi","un",561,600,0.5,0,0,0,TRUE,0,FALSE,101,"leave-1",600,0.5,1e+05,TRUE,61
10,0,0,0,13.7666505830394,13.7057418633426,13.6025608776795,0,13.5372081387585,0,"chi","un",561,600,0.5,0,0,0,TRUE,0,FALSE,101,"leave-1",600,0.5,1e+05,TRUE,61
10,0,0,0,13.7666505830394,13.664129116664,13.6025608776795,0,13.5391929967257,0,"chi","un",561,600,0.5,0,0,0,TRUE,0,FALSE,101,"leave-1",600,0.5,1e+05,TRUE,61
10,0,0,0,13.7666505830394,13.6973806579173,13.6025608776795,0,13.5581807011552,0,"chi","un",561,600,0.5,0,0,0,TRUE,0,FALSE,101,"leave-1",600,0.5,1e+05,TRUE,61
10,0,0,0,13.7666505830394,13.6185673186967,13.6025608776795,0,13.5213214526764,0,"chi","un",561,600,0.5,0,0,0,TRUE,0,FALSE,101,"leave-1",600,0.5,1e+05,TRUE,61
10,0,0,0,13.7666505830394,13.7339021172813,13.6025608776795,0,13.7456163482034,0,"chi","un",561,600,0.5,0,0,0,TRUE,0,FALSE,101,"leave-1",600,0.5,1e+05,TRUE,61
10,0,0,0,13.7666505830394,13.6532584746113,13.6025608776795,0,13.6422508977273,0,"chi","un",561,600,0.5,0,0,0,TRUE,0,FALSE,101,"leave-1",600,0.5,1e+05,TRUE,61
10,0,0,0,13.7666505830394,14.2449207853615,13.6025608776795,0,14.58113327764,0,"chi","un",561,600,0.5,0,0,0,TRUE,0,FALSE,101,"leave-1",600,0.5,1e+05,TRUE,61
10,0,0,0,13.7666505830394,13.5745657608071,13.6025608776795,0,13.4373082827061,0,"chi","un",561,600,0.5,0,0,0,TRUE,0,FALSE,101,"leave-1",600,0.5,1e+05,TRUE,61
10,0,0,0,13.7666505830394,13.8454899778486,13.6025608776795,0,13.8288716586797,0,"chi","un",561,600,0.5,0,0,0,TRUE,0,FALSE,101,"leave-1",600,0.5,1e+05,TRUE,61
10,0,0,0,13.7666505830394,13.7357175012528,13.6025608776795,0,13.9856219894381,0,"chi","un",561,600,0.5,0,0,0,TRUE,0,FALSE,101,"leave-1",600,0.5,1e+05,TRUE,61
