"var_main_effect","var_inter_effect","cov_main_inter_effect","var_total_effect","EigenPrism_total","EigenPrism_CI1","EigenPrism_CI2","sub_EigenPrism_total","sub_EigenPrism_CI1","sub_EigenPrism_CI2","GCTA_total","GCTA_inter","prop_total","prop_inter","sub_GCTA_total","sub_GCTA_inter","sub_prop_total","sub_prop_inter","x_dist","structure","p","n","main_fixed_var","main_random_var","inter_fixed_var","inter_random_var","decor","interact","combine","pro","n_sub","inter_std","sigma_main_approx","i"
39.9605610844821,6.4752640355137,6.41841735407668,59.2726598281492,96.1629728119868,64.1682040094073,128.157741614566,47.8454098393162,21.5739584876787,74.1168611909537,129.436541102116,0,0,0,47.5890315293383,0,227.770127349677,0,"chi","un",33,264,0.5,0,0.1,0,FALSE,0,TRUE,0.5,200,TRUE,0.0022375758893052,89
39.9605610844821,6.4752640355137,6.41841735407668,59.2726598281492,96.1629728119868,64.1682040094073,128.157741614566,136.003499121395,79.2371864572644,192.769811785525,129.436541102116,0,0,0,171.661601233943,0,0,0,"chi","un",33,264,0.5,0,0.1,0,FALSE,0,TRUE,0.5,200,TRUE,0.0022375758893052,89
39.9605610844821,6.4752640355137,6.41841735407668,59.2726598281492,96.1629728119868,64.1682040094073,128.157741614566,94.6899113475871,56.3607665313434,133.019056163831,129.436541102116,0,0,0,113.971428144877,0,0,0,"chi","un",33,264,0.5,0,0.1,0,FALSE,0,TRUE,0.5,200,TRUE,0.0022375758893052,89
39.9605610844821,6.4752640355137,6.41841735407668,59.2726598281492,96.1629728119868,64.1682040094073,128.157741614566,134.131215634752,81.5305851618537,186.73184610765,129.436541102116,0,0,0,157.726412306081,0,0,0,"chi","un",33,264,0.5,0,0.1,0,FALSE,0,TRUE,0.5,200,TRUE,0.0022375758893052,89
39.9605610844821,6.4752640355137,6.41841735407668,59.2726598281492,96.1629728119868,64.1682040094073,128.157741614566,74.6701753902831,24.6557365276432,124.684614252923,129.436541102116,0,0,0,111.45922994578,0,0,0,"chi","un",33,264,0.5,0,0.1,0,FALSE,0,TRUE,0.5,200,TRUE,0.0022375758893052,89
39.9605610844821,6.4752640355137,6.41841735407668,59.2726598281492,96.1629728119868,64.1682040094073,128.157741614566,149.737308404033,95.3429619272279,204.131654880838,129.436541102116,0,0,0,188.55575447655,0,0,0,"chi","un",33,264,0.5,0,0.1,0,FALSE,0,TRUE,0.5,200,TRUE,0.0022375758893052,89
39.9605610844821,6.4752640355137,6.41841735407668,59.2726598281492,96.1629728119868,64.1682040094073,128.157741614566,115.526097360976,59.9572979204172,171.094896801535,129.436541102116,0,0,0,149.718785124688,0,401.928260841695,0,"chi","un",33,264,0.5,0,0.1,0,FALSE,0,TRUE,0.5,200,TRUE,0.0022375758893052,89
39.9605610844821,6.4752640355137,6.41841735407668,59.2726598281492,96.1629728119868,64.1682040094073,128.157741614566,64.5939105438626,13.8692878643182,115.318533223407,129.436541102116,0,0,0,68.9391877830354,0,0,0,"chi","un",33,264,0.5,0,0.1,0,FALSE,0,TRUE,0.5,200,TRUE,0.0022375758893052,89
39.9605610844821,6.4752640355137,6.41841735407668,59.2726598281492,96.1629728119868,64.1682040094073,128.157741614566,58.6289760602052,29.4256137770683,87.8323383433421,129.436541102116,0,0,0,59.0058719525589,0,234.634928846411,0,"chi","un",33,264,0.5,0,0.1,0,FALSE,0,TRUE,0.5,200,TRUE,0.0022375758893052,89
39.9605610844821,6.4752640355137,6.41841735407668,59.2726598281492,96.1629728119868,64.1682040094073,128.157741614566,50.2360117816294,24.0337106839044,76.4383128793544,129.436541102116,0,0,0,48.0890264797578,0,216.936892836208,0,"chi","un",33,264,0.5,0,0.1,0,FALSE,0,TRUE,0.5,200,TRUE,0.0022375758893052,89
39.9605610844821,6.4752640355137,6.41841735407668,59.2726598281492,96.1629728119868,64.1682040094073,128.157741614566,95.2420375961083,45.7178840525359,144.766191139681,129.436541102116,0,0,0,128.955345106804,0,0,0,"chi","un",33,264,0.5,0,0.1,0,FALSE,0,TRUE,0.5,200,TRUE,0.0022375758893052,89
39.9605610844821,6.4752640355137,6.41841735407668,59.2726598281492,96.1629728119868,64.1682040094073,128.157741614566,NA,NA,NA,129.436541102116,0,0,0,177.913177467278,0,335.995895799711,0,"chi","un",33,264,0.5,0,0.1,0,FALSE,0,TRUE,0.5,200,TRUE,0.0022375758893052,89
39.9605610844821,6.4752640355137,6.41841735407668,59.2726598281492,96.1629728119868,64.1682040094073,128.157741614566,62.938333122351,32.6580631915775,93.2186030531245,129.436541102116,0,0,0,70.4985421879662,0,256.031384444463,0,"chi","un",33,264,0.5,0,0.1,0,FALSE,0,TRUE,0.5,200,TRUE,0.0022375758893052,89
39.9605610844821,6.4752640355137,6.41841735407668,59.2726598281492,96.1629728119868,64.1682040094073,128.157741614566,123.360465259712,67.1350382248519,179.585892294571,129.436541102116,0,0,0,197.07621929031,0,389.209533636929,0,"chi","un",33,264,0.5,0,0.1,0,FALSE,0,TRUE,0.5,200,TRUE,0.0022375758893052,89
39.9605610844821,6.4752640355137,6.41841735407668,59.2726598281492,96.1629728119868,64.1682040094073,128.157741614566,69.8869095997769,23.4333167085589,116.340502490995,129.436541102116,0,0,0,82.9585096008093,0,0,0,"chi","un",33,264,0.5,0,0.1,0,FALSE,0,TRUE,0.5,200,TRUE,0.0022375758893052,89
39.9605610844821,6.4752640355137,6.41841735407668,59.2726598281492,96.1629728119868,64.1682040094073,128.157741614566,69.3305062436654,26.3411178064996,112.319894680831,129.436541102116,0,0,0,96.5690074288821,0,312.981445506115,0,"chi","un",33,264,0.5,0,0.1,0,FALSE,0,TRUE,0.5,200,TRUE,0.0022375758893052,89
39.9605610844821,6.4752640355137,6.41841735407668,59.2726598281492,96.1629728119868,64.1682040094073,128.157741614566,50.7483532697099,20.1551300543673,81.3415764850524,129.436541102116,0,0,0,53.6708584672412,0,0,0,"chi","un",33,264,0.5,0,0.1,0,FALSE,0,TRUE,0.5,200,TRUE,0.0022375758893052,89
39.9605610844821,6.4752640355137,6.41841735407668,59.2726598281492,96.1629728119868,64.1682040094073,128.157741614566,51.6521889058813,7.92980125225453,95.3745765595081,129.436541102116,0,0,0,53.473978288606,0,318.011294485864,0,"chi","un",33,264,0.5,0,0.1,0,FALSE,0,TRUE,0.5,200,TRUE,0.0022375758893052,89
39.9605610844821,6.4752640355137,6.41841735407668,59.2726598281492,96.1629728119868,64.1682040094073,128.157741614566,66.4413647239601,25.0758550023476,107.806874445573,129.436541102116,0,0,0,75.8065428823732,0,0,0,"chi","un",33,264,0.5,0,0.1,0,FALSE,0,TRUE,0.5,200,TRUE,0.0022375758893052,89
39.9605610844821,6.4752640355137,6.41841735407668,59.2726598281492,96.1629728119868,64.1682040094073,128.157741614566,67.7624510450107,31.5706376834212,103.9542644066,129.436541102116,0,0,0,73.2247997122503,0,293.386597514644,0,"chi","un",33,264,0.5,0,0.1,0,FALSE,0,TRUE,0.5,200,TRUE,0.0022375758893052,89
39.9605610844821,6.4752640355137,6.41841735407668,59.2726598281492,96.1629728119868,64.1682040094073,128.157741614566,98.2735854511206,45.6359338069974,150.911237095244,129.436541102116,0,0,0,110.865323893459,0,0,0,"chi","un",33,264,0.5,0,0.1,0,FALSE,0,TRUE,0.5,200,TRUE,0.0022375758893052,89
39.9605610844821,6.4752640355137,6.41841735407668,59.2726598281492,96.1629728119868,64.1682040094073,128.157741614566,118.67581927612,65.7293974881709,171.622241064069,129.436541102116,0,0,0,159.511950456344,0,382.938038089182,0,"chi","un",33,264,0.5,0,0.1,0,FALSE,0,TRUE,0.5,200,TRUE,0.0022375758893052,89
39.9605610844821,6.4752640355137,6.41841735407668,59.2726598281492,96.1629728119868,64.1682040094073,128.157741614566,101.313017804496,51.052137904641,151.573897704351,129.436541102116,0,0,0,114.022320979548,0,0,0,"chi","un",33,264,0.5,0,0.1,0,FALSE,0,TRUE,0.5,200,TRUE,0.0022375758893052,89
39.9605610844821,6.4752640355137,6.41841735407668,59.2726598281492,96.1629728119868,64.1682040094073,128.157741614566,60.9409449807352,28.5470416082001,93.3348483532703,129.436541102116,0,0,0,66.0397856798245,0,0,0,"chi","un",33,264,0.5,0,0.1,0,FALSE,0,TRUE,0.5,200,TRUE,0.0022375758893052,89
39.9605610844821,6.4752640355137,6.41841735407668,59.2726598281492,96.1629728119868,64.1682040094073,128.157741614566,72.9688123811391,25.8409249209533,120.096699841325,129.436541102116,0,0,0,92.9646201596695,0,0,0,"chi","un",33,264,0.5,0,0.1,0,FALSE,0,TRUE,0.5,200,TRUE,0.0022375758893052,89
39.9605610844821,6.4752640355137,6.41841735407668,59.2726598281492,96.1629728119868,64.1682040094073,128.157741614566,135.374355468589,77.1254684452935,193.623242491884,129.436541102116,0,0,0,198.107323914358,0,409.272099559313,0,"chi","un",33,264,0.5,0,0.1,0,FALSE,0,TRUE,0.5,200,TRUE,0.0022375758893052,89
39.9605610844821,6.4752640355137,6.41841735407668,59.2726598281492,96.1629728119868,64.1682040094073,128.157741614566,62.5102463797181,28.2688914682348,96.7516012912015,129.436541102116,0,0,0,70.0028437226204,0,277.964608711381,0,"chi","un",33,264,0.5,0,0.1,0,FALSE,0,TRUE,0.5,200,TRUE,0.0022375758893052,89
39.9605610844821,6.4752640355137,6.41841735407668,59.2726598281492,96.1629728119868,64.1682040094073,128.157741614566,43.3058216733347,17.3352905985593,69.2763527481102,129.436541102116,0,0,0,47.2252800395933,0,219.451669899294,0,"chi","un",33,264,0.5,0,0.1,0,FALSE,0,TRUE,0.5,200,TRUE,0.0022375758893052,89
39.9605610844821,6.4752640355137,6.41841735407668,59.2726598281492,96.1629728119868,64.1682040094073,128.157741614566,60.9755417551374,25.6195685511695,96.3315149591053,129.436541102116,0,0,0,62.0295784004486,0,0,0,"chi","un",33,264,0.5,0,0.1,0,FALSE,0,TRUE,0.5,200,TRUE,0.0022375758893052,89
39.9605610844821,6.4752640355137,6.41841735407668,59.2726598281492,96.1629728119868,64.1682040094073,128.157741614566,91.369073302163,50.5988722615944,132.139274342731,129.436541102116,0,0,0,125.915575915197,0,297.736998089926,0,"chi","un",33,264,0.5,0,0.1,0,FALSE,0,TRUE,0.5,200,TRUE,0.0022375758893052,89
39.9605610844821,6.4752640355137,6.41841735407668,59.2726598281492,96.1629728119868,64.1682040094073,128.157741614566,90.4670546836717,39.4977512031043,141.436358164239,129.436541102116,0,0,0,119.502098472803,0,0,0,"chi","un",33,264,0.5,0,0.1,0,FALSE,0,TRUE,0.5,200,TRUE,0.0022375758893052,89
39.9605610844821,6.4752640355137,6.41841735407668,59.2726598281492,96.1629728119868,64.1682040094073,128.157741614566,105.543050189365,55.8877491308973,155.198351247833,129.436541102116,0,0,0,134.079700175884,0,0,0,"chi","un",33,264,0.5,0,0.1,0,FALSE,0,TRUE,0.5,200,TRUE,0.0022375758893052,89
39.9605610844821,6.4752640355137,6.41841735407668,59.2726598281492,96.1629728119868,64.1682040094073,128.157741614566,115.096709320746,64.9684424643839,165.224976177107,129.436541102116,0,0,0,147.230650681211,0,0,0,"chi","un",33,264,0.5,0,0.1,0,FALSE,0,TRUE,0.5,200,TRUE,0.0022375758893052,89
39.9605610844821,6.4752640355137,6.41841735407668,59.2726598281492,96.1629728119868,64.1682040094073,128.157741614566,99.7467472610995,44.0472269114688,155.44626761073,129.436541102116,0,0,0,137.079237795818,0,0,0,"chi","un",33,264,0.5,0,0.1,0,FALSE,0,TRUE,0.5,200,TRUE,0.0022375758893052,89
39.9605610844821,6.4752640355137,6.41841735407668,59.2726598281492,96.1629728119868,64.1682040094073,128.157741614566,89.3156622774265,40.6887647554302,137.942559799423,129.436541102116,0,0,0,171.872439183084,0,0,0,"chi","un",33,264,0.5,0,0.1,0,FALSE,0,TRUE,0.5,200,TRUE,0.0022375758893052,89
39.9605610844821,6.4752640355137,6.41841735407668,59.2726598281492,96.1629728119868,64.1682040094073,128.157741614566,91.77974055307,52.8985536417293,130.660927464411,129.436541102116,0,0,0,88.4244519760199,0,0,0,"chi","un",33,264,0.5,0,0.1,0,FALSE,0,TRUE,0.5,200,TRUE,0.0022375758893052,89
39.9605610844821,6.4752640355137,6.41841735407668,59.2726598281492,96.1629728119868,64.1682040094073,128.157741614566,106.874732486136,62.1592257301027,151.590239242169,129.436541102116,0,0,0,156.527120506291,0,0,0,"chi","un",33,264,0.5,0,0.1,0,FALSE,0,TRUE,0.5,200,TRUE,0.0022375758893052,89
39.9605610844821,6.4752640355137,6.41841735407668,59.2726598281492,96.1629728119868,64.1682040094073,128.157741614566,44.839018327832,15.1994576161609,74.478579039503,129.436541102116,0,0,0,45.8640308743595,0,243.758060344745,0,"chi","un",33,264,0.5,0,0.1,0,FALSE,0,TRUE,0.5,200,TRUE,0.0022375758893052,89
39.9605610844821,6.4752640355137,6.41841735407668,59.2726598281492,96.1629728119868,64.1682040094073,128.157741614566,89.5139618502457,53.557469302357,125.470454398134,129.436541102116,0,0,0,115.166106679894,0,0,0,"chi","un",33,264,0.5,0,0.1,0,FALSE,0,TRUE,0.5,200,TRUE,0.0022375758893052,89
39.9605610844821,6.4752640355137,6.41841735407668,59.2726598281492,96.1629728119868,64.1682040094073,128.157741614566,69.443387285071,21.2705254969987,117.616249073143,129.436541102116,0,0,0,89.8123825450932,0,344.017411575584,0,"chi","un",33,264,0.5,0,0.1,0,FALSE,0,TRUE,0.5,200,TRUE,0.0022375758893052,89
39.9605610844821,6.4752640355137,6.41841735407668,59.2726598281492,96.1629728119868,64.1682040094073,128.157741614566,62.3327306536025,31.5418057385951,93.12365556861,129.436541102116,0,0,0,64.2158769850821,0,250.339574409285,0,"chi","un",33,264,0.5,0,0.1,0,FALSE,0,TRUE,0.5,200,TRUE,0.0022375758893052,89
39.9605610844821,6.4752640355137,6.41841735407668,59.2726598281492,96.1629728119868,64.1682040094073,128.157741614566,68.2866364507161,34.2619380291208,102.311334872311,129.436541102116,0,0,0,73.4309298716762,0,0,0,"chi","un",33,264,0.5,0,0.1,0,FALSE,0,TRUE,0.5,200,TRUE,0.0022375758893052,89
39.9605610844821,6.4752640355137,6.41841735407668,59.2726598281492,96.1629728119868,64.1682040094073,128.157741614566,89.8956516980382,43.4728200491944,136.318483346882,129.436541102116,0,0,0,106.766780368166,0,330.196617491052,0,"chi","un",33,264,0.5,0,0.1,0,FALSE,0,TRUE,0.5,200,TRUE,0.0022375758893052,89
39.9605610844821,6.4752640355137,6.41841735407668,59.2726598281492,96.1629728119868,64.1682040094073,128.157741614566,136.426150402616,83.2946892029055,189.557611602326,129.436541102116,0,0,0,143.171942127828,0,355.719745960208,0,"chi","un",33,264,0.5,0,0.1,0,FALSE,0,TRUE,0.5,200,TRUE,0.0022375758893052,89
39.9605610844821,6.4752640355137,6.41841735407668,59.2726598281492,96.1629728119868,64.1682040094073,128.157741614566,78.7055950850775,43.5134781343963,113.897712035759,129.436541102116,0,0,0,87.8289684250183,0,0,0,"chi","un",33,264,0.5,0,0.1,0,FALSE,0,TRUE,0.5,200,TRUE,0.0022375758893052,89
39.9605610844821,6.4752640355137,6.41841735407668,59.2726598281492,96.1629728119868,64.1682040094073,128.157741614566,43.7886709035854,18.3779858481742,69.1993559589966,129.436541102116,0,0,0,43.9623399445765,0,0,0,"chi","un",33,264,0.5,0,0.1,0,FALSE,0,TRUE,0.5,200,TRUE,0.0022375758893052,89
39.9605610844821,6.4752640355137,6.41841735407668,59.2726598281492,96.1629728119868,64.1682040094073,128.157741614566,96.799740325523,45.4295922153408,148.169888435705,129.436541102116,0,0,0,124.402583127448,0,0,0,"chi","un",33,264,0.5,0,0.1,0,FALSE,0,TRUE,0.5,200,TRUE,0.0022375758893052,89
39.9605610844821,6.4752640355137,6.41841735407668,59.2726598281492,96.1629728119868,64.1682040094073,128.157741614566,56.0674782780807,27.6646174193523,84.470339136809,129.436541102116,0,0,0,55.4673557115335,0,233.396262741494,0,"chi","un",33,264,0.5,0,0.1,0,FALSE,0,TRUE,0.5,200,TRUE,0.0022375758893052,89
39.9605610844821,6.4752640355137,6.41841735407668,59.2726598281492,96.1629728119868,64.1682040094073,128.157741614566,81.4619930351472,42.6749726535758,120.249013416719,129.436541102116,0,0,0,95.6357452804118,0,0,0,"chi","un",33,264,0.5,0,0.1,0,FALSE,0,TRUE,0.5,200,TRUE,0.0022375758893052,89
39.9605610844821,6.4752640355137,6.41841735407668,59.2726598281492,96.1629728119868,64.1682040094073,128.157741614566,106.706686096853,52.8808849426801,160.532487251026,129.436541102116,0,0,0,116.960020159865,0,394.721499954843,0,"chi","un",33,264,0.5,0,0.1,0,FALSE,0,TRUE,0.5,200,TRUE,0.0022375758893052,89
39.9605610844821,6.4752640355137,6.41841735407668,59.2726598281492,96.1629728119868,64.1682040094073,128.157741614566,125.53277942254,74.2014974848711,176.864061360208,129.436541102116,0,0,0,137.385517924723,0,0,0,"chi","un",33,264,0.5,0,0.1,0,FALSE,0,TRUE,0.5,200,TRUE,0.0022375758893052,89
39.9605610844821,6.4752640355137,6.41841735407668,59.2726598281492,96.1629728119868,64.1682040094073,128.157741614566,76.6498660449934,45.1457736666588,108.153958423328,129.436541102116,0,0,0,105.433599212572,0,269.003623741672,0,"chi","un",33,264,0.5,0,0.1,0,FALSE,0,TRUE,0.5,200,TRUE,0.0022375758893052,89
39.9605610844821,6.4752640355137,6.41841735407668,59.2726598281492,96.1629728119868,64.1682040094073,128.157741614566,96.5526519954603,46.2823162448477,146.822987746073,129.436541102116,0,0,0,132.343833267081,0,0,0,"chi","un",33,264,0.5,0,0.1,0,FALSE,0,TRUE,0.5,200,TRUE,0.0022375758893052,89
39.9605610844821,6.4752640355137,6.41841735407668,59.2726598281492,96.1629728119868,64.1682040094073,128.157741614566,73.958295366007,37.8306720787819,110.085918653232,129.436541102116,0,0,0,79.9401018278963,0,0,0,"chi","un",33,264,0.5,0,0.1,0,FALSE,0,TRUE,0.5,200,TRUE,0.0022375758893052,89
39.9605610844821,6.4752640355137,6.41841735407668,59.2726598281492,96.1629728119868,64.1682040094073,128.157741614566,86.1026720694334,49.4302894737107,122.775054665156,129.436541102116,0,0,0,94.9896858707714,0,302.544827248206,0,"chi","un",33,264,0.5,0,0.1,0,FALSE,0,TRUE,0.5,200,TRUE,0.0022375758893052,89
39.9605610844821,6.4752640355137,6.41841735407668,59.2726598281492,96.1629728119868,64.1682040094073,128.157741614566,111.911551091289,64.1403232546418,159.682778927936,129.436541102116,0,0,0,153.71643236679,0,321.85941362075,0,"chi","un",33,264,0.5,0,0.1,0,FALSE,0,TRUE,0.5,200,TRUE,0.0022375758893052,89
39.9605610844821,6.4752640355137,6.41841735407668,59.2726598281492,96.1629728119868,64.1682040094073,128.157741614566,74.5941110116779,43.8497686931095,105.338453330246,129.436541102116,0,0,0,91.9543813355352,0,250.984608540586,0,"chi","un",33,264,0.5,0,0.1,0,FALSE,0,TRUE,0.5,200,TRUE,0.0022375758893052,89
39.9605610844821,6.4752640355137,6.41841735407668,59.2726598281492,96.1629728119868,64.1682040094073,128.157741614566,59.436738875636,26.7173250520799,92.1561526991922,129.436541102116,0,0,0,66.7614152764616,0,269.323804581466,0,"chi","un",33,264,0.5,0,0.1,0,FALSE,0,TRUE,0.5,200,TRUE,0.0022375758893052,89
39.9605610844821,6.4752640355137,6.41841735407668,59.2726598281492,96.1629728119868,64.1682040094073,128.157741614566,85.8480554913997,33.3208109001059,138.375300082693,129.436541102116,0,0,0,93.9409957950612,0,390.972514674974,0,"chi","un",33,264,0.5,0,0.1,0,FALSE,0,TRUE,0.5,200,TRUE,0.0022375758893052,89
39.9605610844821,6.4752640355137,6.41841735407668,59.2726598281492,96.1629728119868,64.1682040094073,128.157741614566,68.4641551491092,36.8174147097801,100.110895588438,129.436541102116,0,0,0,90.0115264042996,0,261.618611594466,0,"chi","un",33,264,0.5,0,0.1,0,FALSE,0,TRUE,0.5,200,TRUE,0.0022375758893052,89
39.9605610844821,6.4752640355137,6.41841735407668,59.2726598281492,96.1629728119868,64.1682040094073,128.157741614566,66.2790171627067,34.7016148921371,97.8564194332762,129.436541102116,0,0,0,80.7899194909783,0,0,0,"chi","un",33,264,0.5,0,0.1,0,FALSE,0,TRUE,0.5,200,TRUE,0.0022375758893052,89
39.9605610844821,6.4752640355137,6.41841735407668,59.2726598281492,96.1629728119868,64.1682040094073,128.157741614566,63.388386848993,19.2389469302522,107.537826767734,129.436541102116,0,0,0,66.692339656357,0,312.315816679627,0,"chi","un",33,264,0.5,0,0.1,0,FALSE,0,TRUE,0.5,200,TRUE,0.0022375758893052,89
39.9605610844821,6.4752640355137,6.41841735407668,59.2726598281492,96.1629728119868,64.1682040094073,128.157741614566,70.825692294514,41.4974077658059,100.153976823222,129.436541102116,0,0,0,97.9341225185228,0,240.503893279976,0,"chi","un",33,264,0.5,0,0.1,0,FALSE,0,TRUE,0.5,200,TRUE,0.0022375758893052,89
39.9605610844821,6.4752640355137,6.41841735407668,59.2726598281492,96.1629728119868,64.1682040094073,128.157741614566,59.6837097346461,28.1638023548421,91.2036171144501,129.436541102116,0,0,0,60.6128031169632,0,0,0,"chi","un",33,264,0.5,0,0.1,0,FALSE,0,TRUE,0.5,200,TRUE,0.0022375758893052,89
39.9605610844821,6.4752640355137,6.41841735407668,59.2726598281492,96.1629728119868,64.1682040094073,128.157741614566,68.3582396982866,27.0073282452882,109.709151151285,129.436541102116,0,0,0,93.417010146057,0,0,0,"chi","un",33,264,0.5,0,0.1,0,FALSE,0,TRUE,0.5,200,TRUE,0.0022375758893052,89
39.9605610844821,6.4752640355137,6.41841735407668,59.2726598281492,96.1629728119868,64.1682040094073,128.157741614566,63.5843963200112,36.3939902537743,90.774802386248,129.436541102116,0,0,0,71.3304842983182,0,224.361020644611,0,"chi","un",33,264,0.5,0,0.1,0,FALSE,0,TRUE,0.5,200,TRUE,0.0022375758893052,89
39.9605610844821,6.4752640355137,6.41841735407668,59.2726598281492,96.1629728119868,64.1682040094073,128.157741614566,59.6119118664507,28.2148116667989,91.0090120661026,129.436541102116,0,0,0,77.8894464417332,0,269.583213709364,0,"chi","un",33,264,0.5,0,0.1,0,FALSE,0,TRUE,0.5,200,TRUE,0.0022375758893052,89
39.9605610844821,6.4752640355137,6.41841735407668,59.2726598281492,96.1629728119868,64.1682040094073,128.157741614566,60.6819227388012,33.3753593683343,87.9884861092682,129.436541102116,0,0,0,64.7739425139441,0,0,0,"chi","un",33,264,0.5,0,0.1,0,FALSE,0,TRUE,0.5,200,TRUE,0.0022375758893052,89
39.9605610844821,6.4752640355137,6.41841735407668,59.2726598281492,96.1629728119868,64.1682040094073,128.157741614566,85.2516083960841,40.13628787696,130.366928915208,129.436541102116,0,0,0,139.654711297244,0,0,0,"chi","un",33,264,0.5,0,0.1,0,FALSE,0,TRUE,0.5,200,TRUE,0.0022375758893052,89
39.9605610844821,6.4752640355137,6.41841735407668,59.2726598281492,96.1629728119868,64.1682040094073,128.157741614566,78.333386756877,39.8987000726671,116.768073441087,129.436541102116,0,0,0,84.1157298709772,0,307.078408621322,0,"chi","un",33,264,0.5,0,0.1,0,FALSE,0,TRUE,0.5,200,TRUE,0.0022375758893052,89
39.9605610844821,6.4752640355137,6.41841735407668,59.2726598281492,96.1629728119868,64.1682040094073,128.157741614566,57.6358224136953,28.4728913179738,86.7987535094167,129.436541102116,0,0,0,58.5907126208184,0,228.941810535712,0,"chi","un",33,264,0.5,0,0.1,0,FALSE,0,TRUE,0.5,200,TRUE,0.0022375758893052,89
39.9605610844821,6.4752640355137,6.41841735407668,59.2726598281492,96.1629728119868,64.1682040094073,128.157741614566,73.1351484630957,34.9861945309301,111.284102395261,129.436541102116,0,0,0,79.0303392186622,0,0,0,"chi","un",33,264,0.5,0,0.1,0,FALSE,0,TRUE,0.5,200,TRUE,0.0022375758893052,89
39.9605610844821,6.4752640355137,6.41841735407668,59.2726598281492,96.1629728119868,64.1682040094073,128.157741614566,NA,NA,NA,129.436541102116,0,0,0,125.619408101695,0,309.972767278697,0,"chi","un",33,264,0.5,0,0.1,0,FALSE,0,TRUE,0.5,200,TRUE,0.0022375758893052,89
39.9605610844821,6.4752640355137,6.41841735407668,59.2726598281492,96.1629728119868,64.1682040094073,128.157741614566,82.757590645414,36.0046255935251,129.510555697303,129.436541102116,0,0,0,93.5808094611231,0,324.541950849879,0,"chi","un",33,264,0.5,0,0.1,0,FALSE,0,TRUE,0.5,200,TRUE,0.0022375758893052,89
39.9605610844821,6.4752640355137,6.41841735407668,59.2726598281492,96.1629728119868,64.1682040094073,128.157741614566,78.4108792542406,25.8297484483755,130.992010060106,129.436541102116,0,0,0,100.349398061143,0,385.501315154621,0,"chi","un",33,264,0.5,0,0.1,0,FALSE,0,TRUE,0.5,200,TRUE,0.0022375758893052,89
39.9605610844821,6.4752640355137,6.41841735407668,59.2726598281492,96.1629728119868,64.1682040094073,128.157741614566,NA,NA,NA,129.436541102116,0,0,0,202.61078350148,0,0,0,"chi","un",33,264,0.5,0,0.1,0,FALSE,0,TRUE,0.5,200,TRUE,0.0022375758893052,89
39.9605610844821,6.4752640355137,6.41841735407668,59.2726598281492,96.1629728119868,64.1682040094073,128.157741614566,67.3825686881681,26.4478671885739,108.317270187762,129.436541102116,0,0,0,73.1929916758888,0,0,0,"chi","un",33,264,0.5,0,0.1,0,FALSE,0,TRUE,0.5,200,TRUE,0.0022375758893052,89
39.9605610844821,6.4752640355137,6.41841735407668,59.2726598281492,96.1629728119868,64.1682040094073,128.157741614566,65.7537563976069,22.1935275380671,109.313985257147,129.436541102116,0,0,0,77.8047166646956,0,0,0,"chi","un",33,264,0.5,0,0.1,0,FALSE,0,TRUE,0.5,200,TRUE,0.0022375758893052,89
39.9605610844821,6.4752640355137,6.41841735407668,59.2726598281492,96.1629728119868,64.1682040094073,128.157741614566,90.0739841771801,41.6817825866045,138.466185767756,129.436541102116,0,0,0,165.241846274562,0,336.698271107666,0,"chi","un",33,264,0.5,0,0.1,0,FALSE,0,TRUE,0.5,200,TRUE,0.0022375758893052,89
39.9605610844821,6.4752640355137,6.41841735407668,59.2726598281492,96.1629728119868,64.1682040094073,128.157741614566,NA,NA,NA,129.436541102116,0,0,0,118.392647139747,0,323.491237564466,0,"chi","un",33,264,0.5,0,0.1,0,FALSE,0,TRUE,0.5,200,TRUE,0.0022375758893052,89
39.9605610844821,6.4752640355137,6.41841735407668,59.2726598281492,96.1629728119868,64.1682040094073,128.157741614566,139.874749197387,81.8201532827952,197.929345111979,129.436541102116,0,0,0,151.564668847664,0,408.443035151713,0,"chi","un",33,264,0.5,0,0.1,0,FALSE,0,TRUE,0.5,200,TRUE,0.0022375758893052,89
39.9605610844821,6.4752640355137,6.41841735407668,59.2726598281492,96.1629728119868,64.1682040094073,128.157741614566,103.561148110786,54.1080140417445,153.014282179828,129.436541102116,0,0,0,158.545747981147,0,0,0,"chi","un",33,264,0.5,0,0.1,0,FALSE,0,TRUE,0.5,200,TRUE,0.0022375758893052,89
39.9605610844821,6.4752640355137,6.41841735407668,59.2726598281492,96.1629728119868,64.1682040094073,128.157741614566,81.0848263901507,47.1948858761839,114.974766904117,129.436541102116,0,0,0,99.2801436757324,0,0,0,"chi","un",33,264,0.5,0,0.1,0,FALSE,0,TRUE,0.5,200,TRUE,0.0022375758893052,89
39.9605610844821,6.4752640355137,6.41841735407668,59.2726598281492,96.1629728119868,64.1682040094073,128.157741614566,63.3884321580255,33.8869766157425,92.8898877003086,129.436541102116,0,0,0,79.4997469549723,0,245.604894130468,0,"chi","un",33,264,0.5,0,0.1,0,FALSE,0,TRUE,0.5,200,TRUE,0.0022375758893052,89
39.9605610844821,6.4752640355137,6.41841735407668,59.2726598281492,96.1629728119868,64.1682040094073,128.157741614566,96.6232450393688,54.8777572587283,138.368732820009,129.436541102116,0,0,0,106.251658813093,0,315.943664206775,0,"chi","un",33,264,0.5,0,0.1,0,FALSE,0,TRUE,0.5,200,TRUE,0.0022375758893052,89
39.9605610844821,6.4752640355137,6.41841735407668,59.2726598281492,96.1629728119868,64.1682040094073,128.157741614566,65.2763439975743,31.6102207296311,98.9424672655175,129.436541102116,0,0,0,68.4855785713607,0,275.733811563606,0,"chi","un",33,264,0.5,0,0.1,0,FALSE,0,TRUE,0.5,200,TRUE,0.0022375758893052,89
39.9605610844821,6.4752640355137,6.41841735407668,59.2726598281492,96.1629728119868,64.1682040094073,128.157741614566,59.8052142618564,28.5299085748695,91.0805199488434,129.436541102116,0,0,0,65.6796750570311,0,252.852040198068,0,"chi","un",33,264,0.5,0,0.1,0,FALSE,0,TRUE,0.5,200,TRUE,0.0022375758893052,89
39.9605610844821,6.4752640355137,6.41841735407668,59.2726598281492,96.1629728119868,64.1682040094073,128.157741614566,105.051184202772,52.8744782480138,157.22789015753,129.436541102116,0,0,0,132.794518845251,0,0,0,"chi","un",33,264,0.5,0,0.1,0,FALSE,0,TRUE,0.5,200,TRUE,0.0022375758893052,89
39.9605610844821,6.4752640355137,6.41841735407668,59.2726598281492,96.1629728119868,64.1682040094073,128.157741614566,69.1369855779504,41.4827672165903,96.7912039393105,129.436541102116,0,0,0,87.054736956236,0,224.216667880215,0,"chi","un",33,264,0.5,0,0.1,0,FALSE,0,TRUE,0.5,200,TRUE,0.0022375758893052,89
39.9605610844821,6.4752640355137,6.41841735407668,59.2726598281492,96.1629728119868,64.1682040094073,128.157741614566,145.398710984328,88.2425175713817,202.554904397274,129.436541102116,0,0,0,217.057053254787,0,0,0,"chi","un",33,264,0.5,0,0.1,0,FALSE,0,TRUE,0.5,200,TRUE,0.0022375758893052,89
39.9605610844821,6.4752640355137,6.41841735407668,59.2726598281492,96.1629728119868,64.1682040094073,128.157741614566,105.132777756341,65.1307962002481,145.134759312434,129.436541102116,0,0,0,127.823742216772,0,320.958923746359,0,"chi","un",33,264,0.5,0,0.1,0,FALSE,0,TRUE,0.5,200,TRUE,0.0022375758893052,89
39.9605610844821,6.4752640355137,6.41841735407668,59.2726598281492,96.1629728119868,64.1682040094073,128.157741614566,NA,NA,NA,129.436541102116,0,0,0,170.184745202323,0,0,0,"chi","un",33,264,0.5,0,0.1,0,FALSE,0,TRUE,0.5,200,TRUE,0.0022375758893052,89
39.9605610844821,6.4752640355137,6.41841735407668,59.2726598281492,96.1629728119868,64.1682040094073,128.157741614566,64.5898863268161,36.1902188870189,92.9895537666133,129.436541102116,0,0,0,68.826737859179,0,241.547935941251,0,"chi","un",33,264,0.5,0,0.1,0,FALSE,0,TRUE,0.5,200,TRUE,0.0022375758893052,89
39.9605610844821,6.4752640355137,6.41841735407668,59.2726598281492,96.1629728119868,64.1682040094073,128.157741614566,106.416924240343,49.8171620241055,163.01668645658,129.436541102116,0,0,0,159.856006791611,0,412.265234827377,0,"chi","un",33,264,0.5,0,0.1,0,FALSE,0,TRUE,0.5,200,TRUE,0.0022375758893052,89
39.9605610844821,6.4752640355137,6.41841735407668,59.2726598281492,96.1629728119868,64.1682040094073,128.157741614566,95.2985627615828,59.0306505497829,131.566474973383,129.436541102116,0,0,0,101.872941350507,0,289.354879115679,0,"chi","un",33,264,0.5,0,0.1,0,FALSE,0,TRUE,0.5,200,TRUE,0.0022375758893052,89
39.9605610844821,6.4752640355137,6.41841735407668,59.2726598281492,96.1629728119868,64.1682040094073,128.157741614566,93.3613088566828,47.0197446270987,139.702873086267,129.436541102116,0,0,0,115.332873727697,0,0,0,"chi","un",33,264,0.5,0,0.1,0,FALSE,0,TRUE,0.5,200,TRUE,0.0022375758893052,89
39.9605610844821,6.4752640355137,6.41841735407668,59.2726598281492,96.1629728119868,64.1682040094073,128.157741614566,NA,NA,NA,129.436541102116,0,0,0,95.5582850352892,0,0,0,"chi","un",33,264,0.5,0,0.1,0,FALSE,0,TRUE,0.5,200,TRUE,0.0022375758893052,89
39.9605610844821,6.4752640355137,6.41841735407668,59.2726598281492,96.1629728119868,64.1682040094073,128.157741614566,67.2260136020236,30.9515214070397,103.500505797007,129.436541102116,0,0,0,81.0639176136078,0,299.487286595535,0,"chi","un",33,264,0.5,0,0.1,0,FALSE,0,TRUE,0.5,200,TRUE,0.0022375758893052,89
39.9605610844821,6.4752640355137,6.41841735407668,59.2726598281492,96.1629728119868,64.1682040094073,128.157741614566,84.9696887283657,38.9220480130198,131.017329443712,129.436541102116,0,0,0,168.289197331641,0,325.814663093995,0,"chi","un",33,264,0.5,0,0.1,0,FALSE,0,TRUE,0.5,200,TRUE,0.0022375758893052,89
39.9605610844821,6.4752640355137,6.41841735407668,59.2726598281492,96.1629728119868,64.1682040094073,128.157741614566,143.638046588863,88.4401064028585,198.835986774867,129.436541102116,0,0,0,218.332699227796,0,0,0,"chi","un",33,264,0.5,0,0.1,0,FALSE,0,TRUE,0.5,200,TRUE,0.0022375758893052,89
39.9605610844821,6.4752640355137,6.41841735407668,59.2726598281492,96.1629728119868,64.1682040094073,128.157741614566,62.3831628224232,18.043451971136,106.72287367371,129.436541102116,0,0,0,69.4244132104452,0,317.20285304127,0,"chi","un",33,264,0.5,0,0.1,0,FALSE,0,TRUE,0.5,200,TRUE,0.0022375758893052,89
39.9605610844821,6.4752640355137,6.41841735407668,59.2726598281492,96.1629728119868,64.1682040094073,128.157741614566,115.966802727262,57.6865435440621,174.247061910463,129.436541102116,0,0,0,159.9951783786,0,425.187986583744,0,"chi","un",33,264,0.5,0,0.1,0,FALSE,0,TRUE,0.5,200,TRUE,0.0022375758893052,89
39.9605610844821,6.4752640355137,6.41841735407668,59.2726598281492,96.1629728119868,64.1682040094073,128.157741614566,69.2790259685009,32.379347204414,106.178704732588,129.436541102116,0,0,0,74.7804555874784,0,290.747719958344,0,"chi","un",33,264,0.5,0,0.1,0,FALSE,0,TRUE,0.5,200,TRUE,0.0022375758893052,89
39.9605610844821,6.4752640355137,6.41841735407668,59.2726598281492,96.1629728119868,64.1682040094073,128.157741614566,55.4816207870085,25.5159714320459,85.4472701419711,129.436541102116,0,0,0,68.0925749508567,0,246.957990405919,0,"chi","un",33,264,0.5,0,0.1,0,FALSE,0,TRUE,0.5,200,TRUE,0.0022375758893052,89
39.9605610844821,6.4752640355137,6.41841735407668,59.2726598281492,96.1629728119868,64.1682040094073,128.157741614566,80.1388554445628,42.3911830722288,117.886527816897,129.436541102116,0,0,0,91.0757006307899,0,301.470768302331,0,"chi","un",33,264,0.5,0,0.1,0,FALSE,0,TRUE,0.5,200,TRUE,0.0022375758893052,89
39.9605610844821,6.4752640355137,6.41841735407668,59.2726598281492,96.1629728119868,64.1682040094073,128.157741614566,102.275041452748,49.9852975661857,154.564785339311,129.436541102116,0,0,0,124.071800485315,0,0,0,"chi","un",33,264,0.5,0,0.1,0,FALSE,0,TRUE,0.5,200,TRUE,0.0022375758893052,89
39.9605610844821,6.4752640355137,6.41841735407668,59.2726598281492,96.1629728119868,64.1682040094073,128.157741614566,83.4403825202652,51.9867404895857,114.894024550945,129.436541102116,0,0,0,114.463426633658,0,253.152726471828,0,"chi","un",33,264,0.5,0,0.1,0,FALSE,0,TRUE,0.5,200,TRUE,0.0022375758893052,89
39.9605610844821,6.4752640355137,6.41841735407668,59.2726598281492,96.1629728119868,64.1682040094073,128.157741614566,46.721491540789,18.3290970193795,75.1138860621985,129.436541102116,0,0,0,44.0983820101998,0,0,0,"chi","un",33,264,0.5,0,0.1,0,FALSE,0,TRUE,0.5,200,TRUE,0.0022375758893052,89
39.9605610844821,6.4752640355137,6.41841735407668,59.2726598281492,96.1629728119868,64.1682040094073,128.157741614566,56.8769379033508,23.2079571452144,90.5459186614871,129.436541102116,0,0,0,53.9616424446461,0,0,0,"chi","un",33,264,0.5,0,0.1,0,FALSE,0,TRUE,0.5,200,TRUE,0.0022375758893052,89
39.9605610844821,6.4752640355137,6.41841735407668,59.2726598281492,96.1629728119868,64.1682040094073,128.157741614566,71.6390859850301,28.9187984924184,114.359373477642,129.436541102116,0,0,0,124.730828668326,0,0,0,"chi","un",33,264,0.5,0,0.1,0,FALSE,0,TRUE,0.5,200,TRUE,0.0022375758893052,89
39.9605610844821,6.4752640355137,6.41841735407668,59.2726598281492,96.1629728119868,64.1682040094073,128.157741614566,56.0132871327481,23.7003257476915,88.3262485178047,129.436541102116,0,0,0,61.4671357961057,0,256.390007139594,0,"chi","un",33,264,0.5,0,0.1,0,FALSE,0,TRUE,0.5,200,TRUE,0.0022375758893052,89
39.9605610844821,6.4752640355137,6.41841735407668,59.2726598281492,96.1629728119868,64.1682040094073,128.157741614566,57.0643467876062,24.8297781428711,89.2989154323414,129.436541102116,0,0,0,71.1609505077143,0,261.689221875201,0,"chi","un",33,264,0.5,0,0.1,0,FALSE,0,TRUE,0.5,200,TRUE,0.0022375758893052,89
39.9605610844821,6.4752640355137,6.41841735407668,59.2726598281492,96.1629728119868,64.1682040094073,128.157741614566,54.8072238915024,23.3992131439382,86.2152346390666,129.436541102116,0,0,0,63.3266711037733,0,257.854410587252,0,"chi","un",33,264,0.5,0,0.1,0,FALSE,0,TRUE,0.5,200,TRUE,0.0022375758893052,89
39.9605610844821,6.4752640355137,6.41841735407668,59.2726598281492,96.1629728119868,64.1682040094073,128.157741614566,59.8282614221085,27.5988239041744,92.0576989400427,129.436541102116,0,0,0,63.0375599150823,0,261.518447082062,0,"chi","un",33,264,0.5,0,0.1,0,FALSE,0,TRUE,0.5,200,TRUE,0.0022375758893052,89
39.9605610844821,6.4752640355137,6.41841735407668,59.2726598281492,96.1629728119868,64.1682040094073,128.157741614566,81.0703794810731,34.2683931200443,127.872365842102,129.436541102116,0,0,0,107.485690401613,0,329.028499427921,0,"chi","un",33,264,0.5,0,0.1,0,FALSE,0,TRUE,0.5,200,TRUE,0.0022375758893052,89
39.9605610844821,6.4752640355137,6.41841735407668,59.2726598281492,96.1629728119868,64.1682040094073,128.157741614566,106.058641583865,48.342476229686,163.774806938045,129.436541102116,0,0,0,175.114673549421,0,0,0,"chi","un",33,264,0.5,0,0.1,0,FALSE,0,TRUE,0.5,200,TRUE,0.0022375758893052,89
39.9605610844821,6.4752640355137,6.41841735407668,59.2726598281492,96.1629728119868,64.1682040094073,128.157741614566,63.3775150848208,30.2184181150842,96.5366120545574,129.436541102116,0,0,0,76.4961059620553,0,267.220533975334,0,"chi","un",33,264,0.5,0,0.1,0,FALSE,0,TRUE,0.5,200,TRUE,0.0022375758893052,89
39.9605610844821,6.4752640355137,6.41841735407668,59.2726598281492,96.1629728119868,64.1682040094073,128.157741614566,80.3920609444231,46.865737925924,113.918383962922,129.436541102116,0,0,0,96.3951583792015,0,261.334765545298,0,"chi","un",33,264,0.5,0,0.1,0,FALSE,0,TRUE,0.5,200,TRUE,0.0022375758893052,89
39.9605610844821,6.4752640355137,6.41841735407668,59.2726598281492,96.1629728119868,64.1682040094073,128.157741614566,88.918633280846,42.0173706295782,135.819895932114,129.436541102116,0,0,0,123.218610507519,0,332.21009948938,0,"chi","un",33,264,0.5,0,0.1,0,FALSE,0,TRUE,0.5,200,TRUE,0.0022375758893052,89
39.9605610844821,6.4752640355137,6.41841735407668,59.2726598281492,96.1629728119868,64.1682040094073,128.157741614566,101.227216546827,50.390641992844,152.06379110081,129.436541102116,0,0,0,121.419574706824,0,354.907155162437,0,"chi","un",33,264,0.5,0,0.1,0,FALSE,0,TRUE,0.5,200,TRUE,0.0022375758893052,89
39.9605610844821,6.4752640355137,6.41841735407668,59.2726598281492,96.1629728119868,64.1682040094073,128.157741614566,101.867460036298,47.7538641659274,155.981055906668,129.436541102116,0,0,0,152.748316100669,0,385.548981588693,0,"chi","un",33,264,0.5,0,0.1,0,FALSE,0,TRUE,0.5,200,TRUE,0.0022375758893052,89
39.9605610844821,6.4752640355137,6.41841735407668,59.2726598281492,96.1629728119868,64.1682040094073,128.157741614566,85.706565789716,52.5463083445196,118.866823234912,129.436541102116,0,0,0,87.7527888225428,0,258.027249932494,0,"chi","un",33,264,0.5,0,0.1,0,FALSE,0,TRUE,0.5,200,TRUE,0.0022375758893052,89
39.9605610844821,6.4752640355137,6.41841735407668,59.2726598281492,96.1629728119868,64.1682040094073,128.157741614566,115.546177006635,65.8318363902616,165.260517623008,129.436541102116,0,0,0,210.40229833203,0,338.892133967973,0,"chi","un",33,264,0.5,0,0.1,0,FALSE,0,TRUE,0.5,200,TRUE,0.0022375758893052,89
39.9605610844821,6.4752640355137,6.41841735407668,59.2726598281492,96.1629728119868,64.1682040094073,128.157741614566,91.6920672602959,39.6149324385118,143.76920208208,129.436541102116,0,0,0,100.370924667263,0,0,0,"chi","un",33,264,0.5,0,0.1,0,FALSE,0,TRUE,0.5,200,TRUE,0.0022375758893052,89
39.9605610844821,6.4752640355137,6.41841735407668,59.2726598281492,96.1629728119868,64.1682040094073,128.157741614566,63.8549792884874,31.1374405165375,96.5725180604373,129.436541102116,0,0,0,77.6477027439756,0,278.406048866217,0,"chi","un",33,264,0.5,0,0.1,0,FALSE,0,TRUE,0.5,200,TRUE,0.0022375758893052,89
39.9605610844821,6.4752640355137,6.41841735407668,59.2726598281492,96.1629728119868,64.1682040094073,128.157741614566,71.8902711341969,36.3924589922602,107.388083276134,129.436541102116,0,0,0,86.6833776925625,0,0,0,"chi","un",33,264,0.5,0,0.1,0,FALSE,0,TRUE,0.5,200,TRUE,0.0022375758893052,89
39.9605610844821,6.4752640355137,6.41841735407668,59.2726598281492,96.1629728119868,64.1682040094073,128.157741614566,118.809397158819,64.644748247535,172.974046070102,129.436541102116,0,0,0,219.770904106823,0,0,0,"chi","un",33,264,0.5,0,0.1,0,FALSE,0,TRUE,0.5,200,TRUE,0.0022375758893052,89
39.9605610844821,6.4752640355137,6.41841735407668,59.2726598281492,96.1629728119868,64.1682040094073,128.157741614566,44.8107906576802,11.7242976287426,77.8972836866177,129.436541102116,0,0,0,45.7355533508005,0,269.637951042566,0,"chi","un",33,264,0.5,0,0.1,0,FALSE,0,TRUE,0.5,200,TRUE,0.0022375758893052,89
39.9605610844821,6.4752640355137,6.41841735407668,59.2726598281492,96.1629728119868,64.1682040094073,128.157741614566,100.161785226134,46.9620345025936,153.361535949674,129.436541102116,0,0,0,136.931796301538,0,0,0,"chi","un",33,264,0.5,0,0.1,0,FALSE,0,TRUE,0.5,200,TRUE,0.0022375758893052,89
39.9605610844821,6.4752640355137,6.41841735407668,59.2726598281492,96.1629728119868,64.1682040094073,128.157741614566,NA,NA,NA,129.436541102116,0,0,0,181.032722526609,0,0,0,"chi","un",33,264,0.5,0,0.1,0,FALSE,0,TRUE,0.5,200,TRUE,0.0022375758893052,89
39.9605610844821,6.4752640355137,6.41841735407668,59.2726598281492,96.1629728119868,64.1682040094073,128.157741614566,95.0122032663038,45.5048755255165,144.519531007091,129.436541102116,0,0,0,137.361325010926,0,0,0,"chi","un",33,264,0.5,0,0.1,0,FALSE,0,TRUE,0.5,200,TRUE,0.0022375758893052,89
39.9605610844821,6.4752640355137,6.41841735407668,59.2726598281492,96.1629728119868,64.1682040094073,128.157741614566,70.5373359331544,34.0607940826195,107.013877783689,129.436541102116,0,0,0,85.6123238675799,0,0,0,"chi","un",33,264,0.5,0,0.1,0,FALSE,0,TRUE,0.5,200,TRUE,0.0022375758893052,89
39.9605610844821,6.4752640355137,6.41841735407668,59.2726598281492,96.1629728119868,64.1682040094073,128.157741614566,52.7491335621453,25.6016463686441,79.8966207556465,129.436541102116,0,0,0,56.2510211527597,0,238.984049681241,0,"chi","un",33,264,0.5,0,0.1,0,FALSE,0,TRUE,0.5,200,TRUE,0.0022375758893052,89
39.9605610844821,6.4752640355137,6.41841735407668,59.2726598281492,96.1629728119868,64.1682040094073,128.157741614566,43.4191791231972,12.6232107796305,74.2151474667639,129.436541102116,0,0,0,46.9900157545405,0,0,0,"chi","un",33,264,0.5,0,0.1,0,FALSE,0,TRUE,0.5,200,TRUE,0.0022375758893052,89
39.9605610844821,6.4752640355137,6.41841735407668,59.2726598281492,96.1629728119868,64.1682040094073,128.157741614566,58.4376055025127,26.5882132796354,90.28699772539,129.436541102116,0,0,0,66.2968233602933,0,262.29646311807,0,"chi","un",33,264,0.5,0,0.1,0,FALSE,0,TRUE,0.5,200,TRUE,0.0022375758893052,89
39.9605610844821,6.4752640355137,6.41841735407668,59.2726598281492,96.1629728119868,64.1682040094073,128.157741614566,107.909586912202,51.7515712704829,164.067602553921,129.436541102116,0,0,0,158.593687462321,0,0,0,"chi","un",33,264,0.5,0,0.1,0,FALSE,0,TRUE,0.5,200,TRUE,0.0022375758893052,89
39.9605610844821,6.4752640355137,6.41841735407668,59.2726598281492,96.1629728119868,64.1682040094073,128.157741614566,56.230657418507,28.8644072652249,83.5969075717891,129.436541102116,0,0,0,74.6031629112392,0,0,0,"chi","un",33,264,0.5,0,0.1,0,FALSE,0,TRUE,0.5,200,TRUE,0.0022375758893052,89
39.9605610844821,6.4752640355137,6.41841735407668,59.2726598281492,96.1629728119868,64.1682040094073,128.157741614566,60.6443866003529,26.9037074809834,94.3850657197225,129.436541102116,0,0,0,68.6517696580879,0,0,0,"chi","un",33,264,0.5,0,0.1,0,FALSE,0,TRUE,0.5,200,TRUE,0.0022375758893052,89
39.9605610844821,6.4752640355137,6.41841735407668,59.2726598281492,96.1629728119868,64.1682040094073,128.157741614566,55.3801281709882,26.6365671910446,84.1236891509317,129.436541102116,0,0,0,62.9262353212752,0,230.317168282939,0,"chi","un",33,264,0.5,0,0.1,0,FALSE,0,TRUE,0.5,200,TRUE,0.0022375758893052,89
39.9605610844821,6.4752640355137,6.41841735407668,59.2726598281492,96.1629728119868,64.1682040094073,128.157741614566,51.832954088591,20.0714381503524,83.5944700268295,129.436541102116,0,0,0,52.5314608932338,0,0,0,"chi","un",33,264,0.5,0,0.1,0,FALSE,0,TRUE,0.5,200,TRUE,0.0022375758893052,89
39.9605610844821,6.4752640355137,6.41841735407668,59.2726598281492,96.1629728119868,64.1682040094073,128.157741614566,46.687405904677,21.6858370384867,71.6889747708672,129.436541102116,0,0,0,43.3753813097848,0,210.555405822615,0,"chi","un",33,264,0.5,0,0.1,0,FALSE,0,TRUE,0.5,200,TRUE,0.0022375758893052,89
39.9605610844821,6.4752640355137,6.41841735407668,59.2726598281492,96.1629728119868,64.1682040094073,128.157741614566,108.073495302617,51.5053270652822,164.641663539952,129.436541102116,0,0,0,144.837164739458,0,0,0,"chi","un",33,264,0.5,0,0.1,0,FALSE,0,TRUE,0.5,200,TRUE,0.0022375758893052,89
39.9605610844821,6.4752640355137,6.41841735407668,59.2726598281492,96.1629728119868,64.1682040094073,128.157741614566,83.4954652602936,52.9835435724505,114.007386948137,129.436541102116,0,0,0,111.80215829936,0,0,0,"chi","un",33,264,0.5,0,0.1,0,FALSE,0,TRUE,0.5,200,TRUE,0.0022375758893052,89
39.9605610844821,6.4752640355137,6.41841735407668,59.2726598281492,96.1629728119868,64.1682040094073,128.157741614566,35.7618225228188,7.12846170070858,64.3951833449291,129.436541102116,0,0,0,33.6486771141697,0,241.966410210677,0,"chi","un",33,264,0.5,0,0.1,0,FALSE,0,TRUE,0.5,200,TRUE,0.0022375758893052,89
39.9605610844821,6.4752640355137,6.41841735407668,59.2726598281492,96.1629728119868,64.1682040094073,128.157741614566,93.6370047197622,43.8122494509872,143.461759988537,129.436541102116,0,0,0,120.807694879012,0,349.111143305804,0,"chi","un",33,264,0.5,0,0.1,0,FALSE,0,TRUE,0.5,200,TRUE,0.0022375758893052,89
39.9605610844821,6.4752640355137,6.41841735407668,59.2726598281492,96.1629728119868,64.1682040094073,128.157741614566,NA,NA,NA,129.436541102116,0,0,0,116.976387569772,0,0,0,"chi","un",33,264,0.5,0,0.1,0,FALSE,0,TRUE,0.5,200,TRUE,0.0022375758893052,89
39.9605610844821,6.4752640355137,6.41841735407668,59.2726598281492,96.1629728119868,64.1682040094073,128.157741614566,125.414186136243,71.9823477257513,178.846024546734,129.436541102116,0,0,0,196.814071154679,0,389.582918045507,0,"chi","un",33,264,0.5,0,0.1,0,FALSE,0,TRUE,0.5,200,TRUE,0.0022375758893052,89
39.9605610844821,6.4752640355137,6.41841735407668,59.2726598281492,96.1629728119868,64.1682040094073,128.157741614566,101.374569694754,51.8316805118856,150.917458877622,129.436541102116,0,0,0,168.219137869472,0,365.078945923015,0,"chi","un",33,264,0.5,0,0.1,0,FALSE,0,TRUE,0.5,200,TRUE,0.0022375758893052,89
39.9605610844821,6.4752640355137,6.41841735407668,59.2726598281492,96.1629728119868,64.1682040094073,128.157741614566,63.0009169453736,14.1342268087632,111.867607081984,129.436541102116,0,0,0,71.9635695989727,0,337.307678774776,0,"chi","un",33,264,0.5,0,0.1,0,FALSE,0,TRUE,0.5,200,TRUE,0.0022375758893052,89
39.9605610844821,6.4752640355137,6.41841735407668,59.2726598281492,96.1629728119868,64.1682040094073,128.157741614566,127.036073107761,70.8268045239347,183.245341691587,129.436541102116,0,0,0,168.632951524125,0,387.562262773401,0,"chi","un",33,264,0.5,0,0.1,0,FALSE,0,TRUE,0.5,200,TRUE,0.0022375758893052,89
39.9605610844821,6.4752640355137,6.41841735407668,59.2726598281492,96.1629728119868,64.1682040094073,128.157741614566,93.4781038648344,41.7993744882989,145.15683324137,129.436541102116,0,0,0,137.374310416637,0,363.328410204243,0,"chi","un",33,264,0.5,0,0.1,0,FALSE,0,TRUE,0.5,200,TRUE,0.0022375758893052,89
39.9605610844821,6.4752640355137,6.41841735407668,59.2726598281492,96.1629728119868,64.1682040094073,128.157741614566,NA,NA,NA,129.436541102116,0,0,0,127.46094836888,0,0,0,"chi","un",33,264,0.5,0,0.1,0,FALSE,0,TRUE,0.5,200,TRUE,0.0022375758893052,89
39.9605610844821,6.4752640355137,6.41841735407668,59.2726598281492,96.1629728119868,64.1682040094073,128.157741614566,112.49785440167,57.7366286344701,167.259080168869,129.436541102116,0,0,0,119.998464207081,0,397.607175209762,0,"chi","un",33,264,0.5,0,0.1,0,FALSE,0,TRUE,0.5,200,TRUE,0.0022375758893052,89
39.9605610844821,6.4752640355137,6.41841735407668,59.2726598281492,96.1629728119868,64.1682040094073,128.157741614566,53.7056294313953,21.8409124819429,85.5703463808477,129.436541102116,0,0,0,60.3193318167327,0,0,0,"chi","un",33,264,0.5,0,0.1,0,FALSE,0,TRUE,0.5,200,TRUE,0.0022375758893052,89
39.9605610844821,6.4752640355137,6.41841735407668,59.2726598281492,96.1629728119868,64.1682040094073,128.157741614566,81.628232621524,51.3205427781567,111.935922464891,129.436541102116,0,0,0,106.114122737169,0,243.791780999128,0,"chi","un",33,264,0.5,0,0.1,0,FALSE,0,TRUE,0.5,200,TRUE,0.0022375758893052,89
39.9605610844821,6.4752640355137,6.41841735407668,59.2726598281492,96.1629728119868,64.1682040094073,128.157741614566,132.881860274942,79.2599435617991,186.503776988084,129.436541102116,0,0,0,195.779182947026,0,385.922216014512,0,"chi","un",33,264,0.5,0,0.1,0,FALSE,0,TRUE,0.5,200,TRUE,0.0022375758893052,89
39.9605610844821,6.4752640355137,6.41841735407668,59.2726598281492,96.1629728119868,64.1682040094073,128.157741614566,39.2350001697729,10.3828040084286,68.0871963311171,129.436541102116,0,0,0,38.8797609923285,0,0,0,"chi","un",33,264,0.5,0,0.1,0,FALSE,0,TRUE,0.5,200,TRUE,0.0022375758893052,89
39.9605610844821,6.4752640355137,6.41841735407668,59.2726598281492,96.1629728119868,64.1682040094073,128.157741614566,102.251620996701,49.3795083056461,155.123733687756,129.436541102116,0,0,0,158.146749512321,0,0,0,"chi","un",33,264,0.5,0,0.1,0,FALSE,0,TRUE,0.5,200,TRUE,0.0022375758893052,89
39.9605610844821,6.4752640355137,6.41841735407668,59.2726598281492,96.1629728119868,64.1682040094073,128.157741614566,85.1685028606898,50.2778860663731,120.059119655006,129.436541102116,0,0,0,115.602050917359,0,278.79480904068,0,"chi","un",33,264,0.5,0,0.1,0,FALSE,0,TRUE,0.5,200,TRUE,0.0022375758893052,89
39.9605610844821,6.4752640355137,6.41841735407668,59.2726598281492,96.1629728119868,64.1682040094073,128.157741614566,80.5846400349805,25.9435026043542,135.225777465607,129.436541102116,0,0,0,115.591091075263,0,0,0,"chi","un",33,264,0.5,0,0.1,0,FALSE,0,TRUE,0.5,200,TRUE,0.0022375758893052,89
39.9605610844821,6.4752640355137,6.41841735407668,59.2726598281492,96.1629728119868,64.1682040094073,128.157741614566,80.1607875408726,42.4535544239821,117.868020657763,129.436541102116,0,0,0,89.8068913537751,0,0,0,"chi","un",33,264,0.5,0,0.1,0,FALSE,0,TRUE,0.5,200,TRUE,0.0022375758893052,89
39.9605610844821,6.4752640355137,6.41841735407668,59.2726598281492,96.1629728119868,64.1682040094073,128.157741614566,100.182190613814,47.4623708100869,152.902010417542,129.436541102116,0,0,0,173.865754121486,0,0,0,"chi","un",33,264,0.5,0,0.1,0,FALSE,0,TRUE,0.5,200,TRUE,0.0022375758893052,89
39.9605610844821,6.4752640355137,6.41841735407668,59.2726598281492,96.1629728119868,64.1682040094073,128.157741614566,90.5024598679213,41.1138424077316,139.891077328111,129.436541102116,0,0,0,184.597102946706,0,0,0,"chi","un",33,264,0.5,0,0.1,0,FALSE,0,TRUE,0.5,200,TRUE,0.0022375758893052,89
39.9605610844821,6.4752640355137,6.41841735407668,59.2726598281492,96.1629728119868,64.1682040094073,128.157741614566,77.185564584011,39.3485368921777,115.022592275844,129.436541102116,0,0,0,99.8299475508477,0,0,0,"chi","un",33,264,0.5,0,0.1,0,FALSE,0,TRUE,0.5,200,TRUE,0.0022375758893052,89
39.9605610844821,6.4752640355137,6.41841735407668,59.2726598281492,96.1629728119868,64.1682040094073,128.157741614566,64.0181306708999,28.4969923767213,99.5392689650785,129.436541102116,0,0,0,69.8228287481957,0,295.747003824714,0,"chi","un",33,264,0.5,0,0.1,0,FALSE,0,TRUE,0.5,200,TRUE,0.0022375758893052,89
39.9605610844821,6.4752640355137,6.41841735407668,59.2726598281492,96.1629728119868,64.1682040094073,128.157741614566,80.9913247429044,33.1474145628521,128.835234922957,129.436541102116,0,0,0,118.094594547254,0,0,0,"chi","un",33,264,0.5,0,0.1,0,FALSE,0,TRUE,0.5,200,TRUE,0.0022375758893052,89
39.9605610844821,6.4752640355137,6.41841735407668,59.2726598281492,96.1629728119868,64.1682040094073,128.157741614566,48.3423741661943,27.1704952144793,69.5142531179093,129.436541102116,0,0,0,44.8447516110324,0,0,0,"chi","un",33,264,0.5,0,0.1,0,FALSE,0,TRUE,0.5,200,TRUE,0.0022375758893052,89
39.9605610844821,6.4752640355137,6.41841735407668,59.2726598281492,96.1629728119868,64.1682040094073,128.157741614566,45.2880511991634,17.9984296219988,72.577672776328,129.436541102116,0,0,0,42.7605455964187,0,0,0,"chi","un",33,264,0.5,0,0.1,0,FALSE,0,TRUE,0.5,200,TRUE,0.0022375758893052,89
39.9605610844821,6.4752640355137,6.41841735407668,59.2726598281492,96.1629728119868,64.1682040094073,128.157741614566,75.2727261314399,37.6897329349962,112.855719327884,129.436541102116,0,0,0,100.696869343011,0,0,0,"chi","un",33,264,0.5,0,0.1,0,FALSE,0,TRUE,0.5,200,TRUE,0.0022375758893052,89
39.9605610844821,6.4752640355137,6.41841735407668,59.2726598281492,96.1629728119868,64.1682040094073,128.157741614566,65.0352929322787,37.0915599602015,92.979025904356,129.436541102116,0,0,0,65.3726598806119,0,0,0,"chi","un",33,264,0.5,0,0.1,0,FALSE,0,TRUE,0.5,200,TRUE,0.0022375758893052,89
39.9605610844821,6.4752640355137,6.41841735407668,59.2726598281492,96.1629728119868,64.1682040094073,128.157741614566,127.839118511754,75.719457364883,179.958779658625,129.436541102116,0,0,0,151.557314050526,0,356.735327056585,0,"chi","un",33,264,0.5,0,0.1,0,FALSE,0,TRUE,0.5,200,TRUE,0.0022375758893052,89
39.9605610844821,6.4752640355137,6.41841735407668,59.2726598281492,96.1629728119868,64.1682040094073,128.157741614566,106.703922092916,55.5785510462268,157.829293139604,129.436541102116,0,0,0,140.318149605367,0,358.909317242756,0,"chi","un",33,264,0.5,0,0.1,0,FALSE,0,TRUE,0.5,200,TRUE,0.0022375758893052,89
39.9605610844821,6.4752640355137,6.41841735407668,59.2726598281492,96.1629728119868,64.1682040094073,128.157741614566,80.4833822801722,40.2635476648954,120.703216895449,129.436541102116,0,0,0,87.9310072029203,0,320.803553184663,0,"chi","un",33,264,0.5,0,0.1,0,FALSE,0,TRUE,0.5,200,TRUE,0.0022375758893052,89
39.9605610844821,6.4752640355137,6.41841735407668,59.2726598281492,96.1629728119868,64.1682040094073,128.157741614566,78.1998574027599,32.143882040323,124.255832765197,129.436541102116,0,0,0,110.493310517123,0,0,0,"chi","un",33,264,0.5,0,0.1,0,FALSE,0,TRUE,0.5,200,TRUE,0.0022375758893052,89
39.9605610844821,6.4752640355137,6.41841735407668,59.2726598281492,96.1629728119868,64.1682040094073,128.157741614566,52.2276632098626,21.2249461191712,83.2303803005539,129.436541102116,0,0,0,65.7701603551529,0,0,0,"chi","un",33,264,0.5,0,0.1,0,FALSE,0,TRUE,0.5,200,TRUE,0.0022375758893052,89
39.9605610844821,6.4752640355137,6.41841735407668,59.2726598281492,96.1629728119868,64.1682040094073,128.157741614566,70.0490278822958,38.4954766771546,101.602579087437,129.436541102116,0,0,0,75.285273959033,0,0,0,"chi","un",33,264,0.5,0,0.1,0,FALSE,0,TRUE,0.5,200,TRUE,0.0022375758893052,89
39.9605610844821,6.4752640355137,6.41841735407668,59.2726598281492,96.1629728119868,64.1682040094073,128.157741614566,114.681291698636,62.7328241699739,166.629759227299,129.436541102116,0,0,0,133.828284847456,0,378.151701318626,0,"chi","un",33,264,0.5,0,0.1,0,FALSE,0,TRUE,0.5,200,TRUE,0.0022375758893052,89
39.9605610844821,6.4752640355137,6.41841735407668,59.2726598281492,96.1629728119868,64.1682040094073,128.157741614566,85.0159359178706,42.7566069502744,127.275264885467,129.436541102116,0,0,0,134.381593645363,0,302.26908895073,0,"chi","un",33,264,0.5,0,0.1,0,FALSE,0,TRUE,0.5,200,TRUE,0.0022375758893052,89
39.9605610844821,6.4752640355137,6.41841735407668,59.2726598281492,96.1629728119868,64.1682040094073,128.157741614566,112.57429534439,75.1089402766949,150.039650412085,129.436541102116,0,0,0,142.271131408355,0,299.416741438968,0,"chi","un",33,264,0.5,0,0.1,0,FALSE,0,TRUE,0.5,200,TRUE,0.0022375758893052,89
39.9605610844821,6.4752640355137,6.41841735407668,59.2726598281492,96.1629728119868,64.1682040094073,128.157741614566,135.493747345055,85.6540545044578,185.333440185652,129.436541102116,0,0,0,151.633281378428,0,0,0,"chi","un",33,264,0.5,0,0.1,0,FALSE,0,TRUE,0.5,200,TRUE,0.0022375758893052,89
39.9605610844821,6.4752640355137,6.41841735407668,59.2726598281492,96.1629728119868,64.1682040094073,128.157741614566,50.6107145981912,28.6394432356588,72.5819859607237,129.436541102116,0,0,0,52.9924405494458,0,0,0,"chi","un",33,264,0.5,0,0.1,0,FALSE,0,TRUE,0.5,200,TRUE,0.0022375758893052,89
39.9605610844821,6.4752640355137,6.41841735407668,59.2726598281492,96.1629728119868,64.1682040094073,128.157741614566,73.6683774166287,37.0660818428526,110.270672990405,129.436541102116,0,0,0,85.5046836511163,0,0,0,"chi","un",33,264,0.5,0,0.1,0,FALSE,0,TRUE,0.5,200,TRUE,0.0022375758893052,89
39.9605610844821,6.4752640355137,6.41841735407668,59.2726598281492,96.1629728119868,64.1682040094073,128.157741614566,80.4049315926853,39.1260190064807,121.68384417889,129.436541102116,0,0,0,130.276648579147,0,289.99070288847,0,"chi","un",33,264,0.5,0,0.1,0,FALSE,0,TRUE,0.5,200,TRUE,0.0022375758893052,89
39.9605610844821,6.4752640355137,6.41841735407668,59.2726598281492,96.1629728119868,64.1682040094073,128.157741614566,104.699692179124,51.5685637362017,157.830820622046,129.436541102116,0,0,0,171.325600134138,0,373.970850393706,0,"chi","un",33,264,0.5,0,0.1,0,FALSE,0,TRUE,0.5,200,TRUE,0.0022375758893052,89
39.9605610844821,6.4752640355137,6.41841735407668,59.2726598281492,96.1629728119868,64.1682040094073,128.157741614566,112.545726961958,60.5606388060269,164.53081511789,129.436541102116,0,0,0,170.946997719209,0,379.744352075401,0,"chi","un",33,264,0.5,0,0.1,0,FALSE,0,TRUE,0.5,200,TRUE,0.0022375758893052,89
39.9605610844821,6.4752640355137,6.41841735407668,59.2726598281492,96.1629728119868,64.1682040094073,128.157741614566,74.1847434131007,41.4773669078417,106.89211991836,129.436541102116,0,0,0,77.4540647855389,0,270.305520589113,0,"chi","un",33,264,0.5,0,0.1,0,FALSE,0,TRUE,0.5,200,TRUE,0.0022375758893052,89
39.9605610844821,6.4752640355137,6.41841735407668,59.2726598281492,96.1629728119868,64.1682040094073,128.157741614566,40.4916955872654,11.8936937038506,69.0896974706802,129.436541102116,0,0,0,31.8660906841881,0,0,0,"chi","un",33,264,0.5,0,0.1,0,FALSE,0,TRUE,0.5,200,TRUE,0.0022375758893052,89
39.9605610844821,6.4752640355137,6.41841735407668,59.2726598281492,96.1629728119868,64.1682040094073,128.157741614566,50.3865944889162,8.2186607539909,92.5545282238415,129.436541102116,0,0,0,86.1505092184842,0,293.180443368695,0,"chi","un",33,264,0.5,0,0.1,0,FALSE,0,TRUE,0.5,200,TRUE,0.0022375758893052,89
39.9605610844821,6.4752640355137,6.41841735407668,59.2726598281492,96.1629728119868,64.1682040094073,128.157741614566,63.0095040763141,32.306188802952,93.7128193496762,129.436541102116,0,0,0,63.932013981892,0,267.126921307296,0,"chi","un",33,264,0.5,0,0.1,0,FALSE,0,TRUE,0.5,200,TRUE,0.0022375758893052,89
39.9605610844821,6.4752640355137,6.41841735407668,59.2726598281492,96.1629728119868,64.1682040094073,128.157741614566,105.452143757464,58.8858423667084,152.01844514822,129.436541102116,0,0,0,134.188585278369,0,0,0,"chi","un",33,264,0.5,0,0.1,0,FALSE,0,TRUE,0.5,200,TRUE,0.0022375758893052,89
39.9605610844821,6.4752640355137,6.41841735407668,59.2726598281492,96.1629728119868,64.1682040094073,128.157741614566,120.152363740595,68.6095300889556,171.695197392235,129.436541102116,0,0,0,160.87893414329,0,356.063035880331,0,"chi","un",33,264,0.5,0,0.1,0,FALSE,0,TRUE,0.5,200,TRUE,0.0022375758893052,89
39.9605610844821,6.4752640355137,6.41841735407668,59.2726598281492,96.1629728119868,64.1682040094073,128.157741614566,98.3842491442031,60.7341793116062,136.0343189768,129.436541102116,0,0,0,121.862485096383,0,297.953020399018,0,"chi","un",33,264,0.5,0,0.1,0,FALSE,0,TRUE,0.5,200,TRUE,0.0022375758893052,89
39.9605610844821,6.4752640355137,6.41841735407668,59.2726598281492,96.1629728119868,64.1682040094073,128.157741614566,50.3631389094485,20.7428108396651,79.9834669792319,129.436541102116,0,0,0,50.5986417624659,0,238.855941715072,0,"chi","un",33,264,0.5,0,0.1,0,FALSE,0,TRUE,0.5,200,TRUE,0.0022375758893052,89
39.9605610844821,6.4752640355137,6.41841735407668,59.2726598281492,96.1629728119868,64.1682040094073,128.157741614566,95.2784674577749,50.4693043919285,140.087630523621,129.436541102116,0,0,0,144.606667163106,0,318.361214411242,0,"chi","un",33,264,0.5,0,0.1,0,FALSE,0,TRUE,0.5,200,TRUE,0.0022375758893052,89
39.9605610844821,6.4752640355137,6.41841735407668,59.2726598281492,96.1629728119868,64.1682040094073,128.157741614566,59.5503386693625,31.2856805510839,87.8149967876412,129.436541102116,0,0,0,59.2246993088486,0,0,0,"chi","un",33,264,0.5,0,0.1,0,FALSE,0,TRUE,0.5,200,TRUE,0.0022375758893052,89
39.9605610844821,6.4752640355137,6.41841735407668,59.2726598281492,96.1629728119868,64.1682040094073,128.157741614566,69.2912688274303,34.0728646021816,104.509673052679,129.436541102116,0,0,0,92.5664955785393,0,287.702591654353,0,"chi","un",33,264,0.5,0,0.1,0,FALSE,0,TRUE,0.5,200,TRUE,0.0022375758893052,89
39.9605610844821,6.4752640355137,6.41841735407668,59.2726598281492,96.1629728119868,64.1682040094073,128.157741614566,69.595337219607,24.3541521017588,114.836522337455,129.436541102116,0,0,0,87.0455348392812,0,324.673980964366,0,"chi","un",33,264,0.5,0,0.1,0,FALSE,0,TRUE,0.5,200,TRUE,0.0022375758893052,89
39.9605610844821,6.4752640355137,6.41841735407668,59.2726598281492,96.1629728119868,64.1682040094073,128.157741614566,37.273720443153,15.1381802822927,59.4092606040134,129.436541102116,0,0,0,34.8648241305966,0,181.503025232543,0,"chi","un",33,264,0.5,0,0.1,0,FALSE,0,TRUE,0.5,200,TRUE,0.0022375758893052,89
39.9605610844821,6.4752640355137,6.41841735407668,59.2726598281492,96.1629728119868,64.1682040094073,128.157741614566,85.3743189038574,45.406887748066,125.341750059649,129.436541102116,0,0,0,87.7440276327479,0,316.790901376018,0,"chi","un",33,264,0.5,0,0.1,0,FALSE,0,TRUE,0.5,200,TRUE,0.0022375758893052,89
39.9605610844821,6.4752640355137,6.41841735407668,59.2726598281492,96.1629728119868,64.1682040094073,128.157741614566,50.23971356576,21.8315583770023,78.6478687545178,129.436541102116,0,0,0,42.0823396544755,0,0,0,"chi","un",33,264,0.5,0,0.1,0,FALSE,0,TRUE,0.5,200,TRUE,0.0022375758893052,89
