"var_main_effect","var_inter_effect","cov_main_inter_effect","var_total_effect","GCTA_main","GCTA_inter","sub_GCTA_main","sub_GCTA_inter","GCTA_main.1","GCTA_inter.1","sub_GCTA_main.1","sub_GCTA_inter.1","x_dist","structure","p","n","main_fixed_var","main_random_var","inter_fixed_var","inter_random_var","reduce_coef","last","interact","decor","combine","pro","bs","n_sub","rho_e","emp_n","inter_std","i"
9.99999999999999,0,0,0,19.4733078099424,0,19.4886624594106,0,19.4733078099424,0,19.4886624594106,0,"normal","un",1000,500,0.5,0,0,0,1,FALSE,0,TRUE,FALSE,101,"leave-1",500,0.5,1e+05,TRUE,20
9.99999999999999,0,0,0,19.4733078099424,0,19.4641679635631,0,19.4733078099424,0,19.4641679635631,0,"normal","un",1000,500,0.5,0,0,0,1,FALSE,0,TRUE,FALSE,101,"leave-1",500,0.5,1e+05,TRUE,20
9.99999999999999,0,0,0,19.4733078099424,0,0,0,19.4733078099424,0,0,0,"normal","un",1000,500,0.5,0,0,0,1,FALSE,0,TRUE,FALSE,101,"leave-1",500,0.5,1e+05,TRUE,20
9.99999999999999,0,0,0,19.4733078099424,0,19.5108030066172,0,19.4733078099424,0,19.5108030066172,0,"normal","un",1000,500,0.5,0,0,0,1,FALSE,0,TRUE,FALSE,101,"leave-1",500,0.5,1e+05,TRUE,20
9.99999999999999,0,0,0,19.4733078099424,0,0,0,19.4733078099424,0,0,0,"normal","un",1000,500,0.5,0,0,0,1,FALSE,0,TRUE,FALSE,101,"leave-1",500,0.5,1e+05,TRUE,20
9.99999999999999,0,0,0,19.4733078099424,0,0,0,19.4733078099424,0,0,0,"normal","un",1000,500,0.5,0,0,0,1,FALSE,0,TRUE,FALSE,101,"leave-1",500,0.5,1e+05,TRUE,20
9.99999999999999,0,0,0,19.4733078099424,0,19.5075577814817,0,19.4733078099424,0,19.5075577814817,0,"normal","un",1000,500,0.5,0,0,0,1,FALSE,0,TRUE,FALSE,101,"leave-1",500,0.5,1e+05,TRUE,20
9.99999999999999,0,0,0,19.4733078099424,0,19.5110431691616,0,19.4733078099424,0,19.5110431691616,0,"normal","un",1000,500,0.5,0,0,0,1,FALSE,0,TRUE,FALSE,101,"leave-1",500,0.5,1e+05,TRUE,20
9.99999999999999,0,0,0,19.4733078099424,0,19.1218757085678,0,19.4733078099424,0,19.1218757085678,0,"normal","un",1000,500,0.5,0,0,0,1,FALSE,0,TRUE,FALSE,101,"leave-1",500,0.5,1e+05,TRUE,20
9.99999999999999,0,0,0,19.4733078099424,0,19.4799289822868,0,19.4733078099424,0,19.4799289822868,0,"normal","un",1000,500,0.5,0,0,0,1,FALSE,0,TRUE,FALSE,101,"leave-1",500,0.5,1e+05,TRUE,20
9.99999999999999,0,0,0,19.4733078099424,0,19.4399359414418,0,19.4733078099424,0,19.4399359414418,0,"normal","un",1000,500,0.5,0,0,0,1,FALSE,0,TRUE,FALSE,101,"leave-1",500,0.5,1e+05,TRUE,20
9.99999999999999,0,0,0,19.4733078099424,0,19.4798048163584,0,19.4733078099424,0,19.4798048163584,0,"normal","un",1000,500,0.5,0,0,0,1,FALSE,0,TRUE,FALSE,101,"leave-1",500,0.5,1e+05,TRUE,20
9.99999999999999,0,0,0,19.4733078099424,0,0,0,19.4733078099424,0,0,0,"normal","un",1000,500,0.5,0,0,0,1,FALSE,0,TRUE,FALSE,101,"leave-1",500,0.5,1e+05,TRUE,20
9.99999999999999,0,0,0,19.4733078099424,0,19.4344038732162,0,19.4733078099424,0,19.4344038732162,0,"normal","un",1000,500,0.5,0,0,0,1,FALSE,0,TRUE,FALSE,101,"leave-1",500,0.5,1e+05,TRUE,20
9.99999999999999,0,0,0,19.4733078099424,0,19.5123547096056,0,19.4733078099424,0,19.5123547096056,0,"normal","un",1000,500,0.5,0,0,0,1,FALSE,0,TRUE,FALSE,101,"leave-1",500,0.5,1e+05,TRUE,20
9.99999999999999,0,0,0,19.4733078099424,0,0,0,19.4733078099424,0,0,0,"normal","un",1000,500,0.5,0,0,0,1,FALSE,0,TRUE,FALSE,101,"leave-1",500,0.5,1e+05,TRUE,20
9.99999999999999,0,0,0,19.4733078099424,0,0,0,19.4733078099424,0,0,0,"normal","un",1000,500,0.5,0,0,0,1,FALSE,0,TRUE,FALSE,101,"leave-1",500,0.5,1e+05,TRUE,20
9.99999999999999,0,0,0,19.4733078099424,0,19.5095832835443,0,19.4733078099424,0,19.5095832835443,0,"normal","un",1000,500,0.5,0,0,0,1,FALSE,0,TRUE,FALSE,101,"leave-1",500,0.5,1e+05,TRUE,20
9.99999999999999,0,0,0,19.4733078099424,0,0,0,19.4733078099424,0,0,0,"normal","un",1000,500,0.5,0,0,0,1,FALSE,0,TRUE,FALSE,101,"leave-1",500,0.5,1e+05,TRUE,20
9.99999999999999,0,0,0,19.4733078099424,0,0,0,19.4733078099424,0,0,0,"normal","un",1000,500,0.5,0,0,0,1,FALSE,0,TRUE,FALSE,101,"leave-1",500,0.5,1e+05,TRUE,20
9.99999999999999,0,0,0,19.4733078099424,0,19.4737758436808,0,19.4733078099424,0,19.4737758436808,0,"normal","un",1000,500,0.5,0,0,0,1,FALSE,0,TRUE,FALSE,101,"leave-1",500,0.5,1e+05,TRUE,20
9.99999999999999,0,0,0,19.4733078099424,0,0,0,19.4733078099424,0,0,0,"normal","un",1000,500,0.5,0,0,0,1,FALSE,0,TRUE,FALSE,101,"leave-1",500,0.5,1e+05,TRUE,20
9.99999999999999,0,0,0,19.4733078099424,0,19.5040839667876,0,19.4733078099424,0,19.5040839667876,0,"normal","un",1000,500,0.5,0,0,0,1,FALSE,0,TRUE,FALSE,101,"leave-1",500,0.5,1e+05,TRUE,20
9.99999999999999,0,0,0,19.4733078099424,0,0,0,19.4733078099424,0,0,0,"normal","un",1000,500,0.5,0,0,0,1,FALSE,0,TRUE,FALSE,101,"leave-1",500,0.5,1e+05,TRUE,20
9.99999999999999,0,0,0,19.4733078099424,0,0,0,19.4733078099424,0,0,0,"normal","un",1000,500,0.5,0,0,0,1,FALSE,0,TRUE,FALSE,101,"leave-1",500,0.5,1e+05,TRUE,20
9.99999999999999,0,0,0,19.4733078099424,0,19.3710901143026,0,19.4733078099424,0,19.3710901143026,0,"normal","un",1000,500,0.5,0,0,0,1,FALSE,0,TRUE,FALSE,101,"leave-1",500,0.5,1e+05,TRUE,20
9.99999999999999,0,0,0,19.4733078099424,0,0,0,19.4733078099424,0,0,0,"normal","un",1000,500,0.5,0,0,0,1,FALSE,0,TRUE,FALSE,101,"leave-1",500,0.5,1e+05,TRUE,20
9.99999999999999,0,0,0,19.4733078099424,0,0,0,19.4733078099424,0,0,0,"normal","un",1000,500,0.5,0,0,0,1,FALSE,0,TRUE,FALSE,101,"leave-1",500,0.5,1e+05,TRUE,20
9.99999999999999,0,0,0,19.4733078099424,0,NA,NA,19.4733078099424,0,NA,NA,"normal","un",1000,500,0.5,0,0,0,1,FALSE,0,TRUE,FALSE,101,"leave-1",500,0.5,1e+05,TRUE,20
9.99999999999999,0,0,0,19.4733078099424,0,0,0,19.4733078099424,0,0,0,"normal","un",1000,500,0.5,0,0,0,1,FALSE,0,TRUE,FALSE,101,"leave-1",500,0.5,1e+05,TRUE,20
9.99999999999999,0,0,0,19.4733078099424,0,19.4693114089721,0,19.4733078099424,0,19.4693114089721,0,"normal","un",1000,500,0.5,0,0,0,1,FALSE,0,TRUE,FALSE,101,"leave-1",500,0.5,1e+05,TRUE,20
9.99999999999999,0,0,0,19.4733078099424,0,19.4246410359413,0,19.4733078099424,0,19.4246410359413,0,"normal","un",1000,500,0.5,0,0,0,1,FALSE,0,TRUE,FALSE,101,"leave-1",500,0.5,1e+05,TRUE,20
9.99999999999999,0,0,0,19.4733078099424,0,19.49118132157,0,19.4733078099424,0,19.49118132157,0,"normal","un",1000,500,0.5,0,0,0,1,FALSE,0,TRUE,FALSE,101,"leave-1",500,0.5,1e+05,TRUE,20
9.99999999999999,0,0,0,19.4733078099424,0,19.420283427789,0,19.4733078099424,0,19.420283427789,0,"normal","un",1000,500,0.5,0,0,0,1,FALSE,0,TRUE,FALSE,101,"leave-1",500,0.5,1e+05,TRUE,20
9.99999999999999,0,0,0,19.4733078099424,0,0,0,19.4733078099424,0,0,0,"normal","un",1000,500,0.5,0,0,0,1,FALSE,0,TRUE,FALSE,101,"leave-1",500,0.5,1e+05,TRUE,20
9.99999999999999,0,0,0,19.4733078099424,0,0,0,19.4733078099424,0,0,0,"normal","un",1000,500,0.5,0,0,0,1,FALSE,0,TRUE,FALSE,101,"leave-1",500,0.5,1e+05,TRUE,20
9.99999999999999,0,0,0,19.4733078099424,0,19.5105693027994,0,19.4733078099424,0,19.5105693027994,0,"normal","un",1000,500,0.5,0,0,0,1,FALSE,0,TRUE,FALSE,101,"leave-1",500,0.5,1e+05,TRUE,20
9.99999999999999,0,0,0,19.4733078099424,0,0,0,19.4733078099424,0,0,0,"normal","un",1000,500,0.5,0,0,0,1,FALSE,0,TRUE,FALSE,101,"leave-1",500,0.5,1e+05,TRUE,20
9.99999999999999,0,0,0,19.4733078099424,0,19.5072475242356,0,19.4733078099424,0,19.5072475242356,0,"normal","un",1000,500,0.5,0,0,0,1,FALSE,0,TRUE,FALSE,101,"leave-1",500,0.5,1e+05,TRUE,20
9.99999999999999,0,0,0,19.4733078099424,0,19.508970940197,0,19.4733078099424,0,19.508970940197,0,"normal","un",1000,500,0.5,0,0,0,1,FALSE,0,TRUE,FALSE,101,"leave-1",500,0.5,1e+05,TRUE,20
9.99999999999999,0,0,0,19.4733078099424,0,19.5124889897752,0,19.4733078099424,0,19.5124889897752,0,"normal","un",1000,500,0.5,0,0,0,1,FALSE,0,TRUE,FALSE,101,"leave-1",500,0.5,1e+05,TRUE,20
9.99999999999999,0,0,0,19.4733078099424,0,19.4795822554367,0,19.4733078099424,0,19.4795822554367,0,"normal","un",1000,500,0.5,0,0,0,1,FALSE,0,TRUE,FALSE,101,"leave-1",500,0.5,1e+05,TRUE,20
9.99999999999999,0,0,0,19.4733078099424,0,0,0,19.4733078099424,0,0,0,"normal","un",1000,500,0.5,0,0,0,1,FALSE,0,TRUE,FALSE,101,"leave-1",500,0.5,1e+05,TRUE,20
9.99999999999999,0,0,0,19.4733078099424,0,0,0,19.4733078099424,0,0,0,"normal","un",1000,500,0.5,0,0,0,1,FALSE,0,TRUE,FALSE,101,"leave-1",500,0.5,1e+05,TRUE,20
9.99999999999999,0,0,0,19.4733078099424,0,19.4244383480235,0,19.4733078099424,0,19.4244383480235,0,"normal","un",1000,500,0.5,0,0,0,1,FALSE,0,TRUE,FALSE,101,"leave-1",500,0.5,1e+05,TRUE,20
9.99999999999999,0,0,0,19.4733078099424,0,19.4585797608607,0,19.4733078099424,0,19.4585797608607,0,"normal","un",1000,500,0.5,0,0,0,1,FALSE,0,TRUE,FALSE,101,"leave-1",500,0.5,1e+05,TRUE,20
9.99999999999999,0,0,0,19.4733078099424,0,19.507559482248,0,19.4733078099424,0,19.507559482248,0,"normal","un",1000,500,0.5,0,0,0,1,FALSE,0,TRUE,FALSE,101,"leave-1",500,0.5,1e+05,TRUE,20
9.99999999999999,0,0,0,19.4733078099424,0,0,0,19.4733078099424,0,0,0,"normal","un",1000,500,0.5,0,0,0,1,FALSE,0,TRUE,FALSE,101,"leave-1",500,0.5,1e+05,TRUE,20
9.99999999999999,0,0,0,19.4733078099424,0,19.4596421252208,0,19.4733078099424,0,19.4596421252208,0,"normal","un",1000,500,0.5,0,0,0,1,FALSE,0,TRUE,FALSE,101,"leave-1",500,0.5,1e+05,TRUE,20
9.99999999999999,0,0,0,19.4733078099424,0,19.4135480128798,0,19.4733078099424,0,19.4135480128798,0,"normal","un",1000,500,0.5,0,0,0,1,FALSE,0,TRUE,FALSE,101,"leave-1",500,0.5,1e+05,TRUE,20
9.99999999999999,0,0,0,19.4733078099424,0,19.5119772576018,0,19.4733078099424,0,19.5119772576018,0,"normal","un",1000,500,0.5,0,0,0,1,FALSE,0,TRUE,FALSE,101,"leave-1",500,0.5,1e+05,TRUE,20
9.99999999999999,0,0,0,19.4733078099424,0,19.509118853967,0,19.4733078099424,0,19.509118853967,0,"normal","un",1000,500,0.5,0,0,0,1,FALSE,0,TRUE,FALSE,101,"leave-1",500,0.5,1e+05,TRUE,20
9.99999999999999,0,0,0,19.4733078099424,0,19.4397285436812,0,19.4733078099424,0,19.4397285436812,0,"normal","un",1000,500,0.5,0,0,0,1,FALSE,0,TRUE,FALSE,101,"leave-1",500,0.5,1e+05,TRUE,20
9.99999999999999,0,0,0,19.4733078099424,0,0,0,19.4733078099424,0,0,0,"normal","un",1000,500,0.5,0,0,0,1,FALSE,0,TRUE,FALSE,101,"leave-1",500,0.5,1e+05,TRUE,20
9.99999999999999,0,0,0,19.4733078099424,0,19.4978271679893,0,19.4733078099424,0,19.4978271679893,0,"normal","un",1000,500,0.5,0,0,0,1,FALSE,0,TRUE,FALSE,101,"leave-1",500,0.5,1e+05,TRUE,20
9.99999999999999,0,0,0,19.4733078099424,0,19.5027809275927,0,19.4733078099424,0,19.5027809275927,0,"normal","un",1000,500,0.5,0,0,0,1,FALSE,0,TRUE,FALSE,101,"leave-1",500,0.5,1e+05,TRUE,20
9.99999999999999,0,0,0,19.4733078099424,0,19.5061684279145,0,19.4733078099424,0,19.5061684279145,0,"normal","un",1000,500,0.5,0,0,0,1,FALSE,0,TRUE,FALSE,101,"leave-1",500,0.5,1e+05,TRUE,20
9.99999999999999,0,0,0,19.4733078099424,0,19.5079377997862,0,19.4733078099424,0,19.5079377997862,0,"normal","un",1000,500,0.5,0,0,0,1,FALSE,0,TRUE,FALSE,101,"leave-1",500,0.5,1e+05,TRUE,20
9.99999999999999,0,0,0,19.4733078099424,0,0,0,19.4733078099424,0,0,0,"normal","un",1000,500,0.5,0,0,0,1,FALSE,0,TRUE,FALSE,101,"leave-1",500,0.5,1e+05,TRUE,20
9.99999999999999,0,0,0,19.4733078099424,0,0,0,19.4733078099424,0,0,0,"normal","un",1000,500,0.5,0,0,0,1,FALSE,0,TRUE,FALSE,101,"leave-1",500,0.5,1e+05,TRUE,20
9.99999999999999,0,0,0,19.4733078099424,0,19.5056512227897,0,19.4733078099424,0,19.5056512227897,0,"normal","un",1000,500,0.5,0,0,0,1,FALSE,0,TRUE,FALSE,101,"leave-1",500,0.5,1e+05,TRUE,20
9.99999999999999,0,0,0,19.4733078099424,0,0,0,19.4733078099424,0,0,0,"normal","un",1000,500,0.5,0,0,0,1,FALSE,0,TRUE,FALSE,101,"leave-1",500,0.5,1e+05,TRUE,20
9.99999999999999,0,0,0,19.4733078099424,0,0,0,19.4733078099424,0,0,0,"normal","un",1000,500,0.5,0,0,0,1,FALSE,0,TRUE,FALSE,101,"leave-1",500,0.5,1e+05,TRUE,20
9.99999999999999,0,0,0,19.4733078099424,0,19.3744171948543,0,19.4733078099424,0,19.3744171948543,0,"normal","un",1000,500,0.5,0,0,0,1,FALSE,0,TRUE,FALSE,101,"leave-1",500,0.5,1e+05,TRUE,20
9.99999999999999,0,0,0,19.4733078099424,0,0,0,19.4733078099424,0,0,0,"normal","un",1000,500,0.5,0,0,0,1,FALSE,0,TRUE,FALSE,101,"leave-1",500,0.5,1e+05,TRUE,20
9.99999999999999,0,0,0,19.4733078099424,0,19.5066098013743,0,19.4733078099424,0,19.5066098013743,0,"normal","un",1000,500,0.5,0,0,0,1,FALSE,0,TRUE,FALSE,101,"leave-1",500,0.5,1e+05,TRUE,20
9.99999999999999,0,0,0,19.4733078099424,0,0,0,19.4733078099424,0,0,0,"normal","un",1000,500,0.5,0,0,0,1,FALSE,0,TRUE,FALSE,101,"leave-1",500,0.5,1e+05,TRUE,20
9.99999999999999,0,0,0,19.4733078099424,0,19.4805860416291,0,19.4733078099424,0,19.4805860416291,0,"normal","un",1000,500,0.5,0,0,0,1,FALSE,0,TRUE,FALSE,101,"leave-1",500,0.5,1e+05,TRUE,20
9.99999999999999,0,0,0,19.4733078099424,0,19.4832564118953,0,19.4733078099424,0,19.4832564118953,0,"normal","un",1000,500,0.5,0,0,0,1,FALSE,0,TRUE,FALSE,101,"leave-1",500,0.5,1e+05,TRUE,20
9.99999999999999,0,0,0,19.4733078099424,0,0,0,19.4733078099424,0,0,0,"normal","un",1000,500,0.5,0,0,0,1,FALSE,0,TRUE,FALSE,101,"leave-1",500,0.5,1e+05,TRUE,20
9.99999999999999,0,0,0,19.4733078099424,0,19.5054179016616,0,19.4733078099424,0,19.5054179016616,0,"normal","un",1000,500,0.5,0,0,0,1,FALSE,0,TRUE,FALSE,101,"leave-1",500,0.5,1e+05,TRUE,20
9.99999999999999,0,0,0,19.4733078099424,0,0,0,19.4733078099424,0,0,0,"normal","un",1000,500,0.5,0,0,0,1,FALSE,0,TRUE,FALSE,101,"leave-1",500,0.5,1e+05,TRUE,20
9.99999999999999,0,0,0,19.4733078099424,0,19.4407100131028,0,19.4733078099424,0,19.4407100131028,0,"normal","un",1000,500,0.5,0,0,0,1,FALSE,0,TRUE,FALSE,101,"leave-1",500,0.5,1e+05,TRUE,20
9.99999999999999,0,0,0,19.4733078099424,0,19.4913832595075,0,19.4733078099424,0,19.4913832595075,0,"normal","un",1000,500,0.5,0,0,0,1,FALSE,0,TRUE,FALSE,101,"leave-1",500,0.5,1e+05,TRUE,20
9.99999999999999,0,0,0,19.4733078099424,0,0,0,19.4733078099424,0,0,0,"normal","un",1000,500,0.5,0,0,0,1,FALSE,0,TRUE,FALSE,101,"leave-1",500,0.5,1e+05,TRUE,20
9.99999999999999,0,0,0,19.4733078099424,0,19.4689190968913,0,19.4733078099424,0,19.4689190968913,0,"normal","un",1000,500,0.5,0,0,0,1,FALSE,0,TRUE,FALSE,101,"leave-1",500,0.5,1e+05,TRUE,20
9.99999999999999,0,0,0,19.4733078099424,0,0,0,19.4733078099424,0,0,0,"normal","un",1000,500,0.5,0,0,0,1,FALSE,0,TRUE,FALSE,101,"leave-1",500,0.5,1e+05,TRUE,20
9.99999999999999,0,0,0,19.4733078099424,0,0,0,19.4733078099424,0,0,0,"normal","un",1000,500,0.5,0,0,0,1,FALSE,0,TRUE,FALSE,101,"leave-1",500,0.5,1e+05,TRUE,20
9.99999999999999,0,0,0,19.4733078099424,0,0,0,19.4733078099424,0,0,0,"normal","un",1000,500,0.5,0,0,0,1,FALSE,0,TRUE,FALSE,101,"leave-1",500,0.5,1e+05,TRUE,20
9.99999999999999,0,0,0,19.4733078099424,0,19.4418826418817,0,19.4733078099424,0,19.4418826418817,0,"normal","un",1000,500,0.5,0,0,0,1,FALSE,0,TRUE,FALSE,101,"leave-1",500,0.5,1e+05,TRUE,20
9.99999999999999,0,0,0,19.4733078099424,0,0,0,19.4733078099424,0,0,0,"normal","un",1000,500,0.5,0,0,0,1,FALSE,0,TRUE,FALSE,101,"leave-1",500,0.5,1e+05,TRUE,20
9.99999999999999,0,0,0,19.4733078099424,0,NA,NA,19.4733078099424,0,NA,NA,"normal","un",1000,500,0.5,0,0,0,1,FALSE,0,TRUE,FALSE,101,"leave-1",500,0.5,1e+05,TRUE,20
9.99999999999999,0,0,0,19.4733078099424,0,0,0,19.4733078099424,0,0,0,"normal","un",1000,500,0.5,0,0,0,1,FALSE,0,TRUE,FALSE,101,"leave-1",500,0.5,1e+05,TRUE,20
9.99999999999999,0,0,0,19.4733078099424,0,0,0,19.4733078099424,0,0,0,"normal","un",1000,500,0.5,0,0,0,1,FALSE,0,TRUE,FALSE,101,"leave-1",500,0.5,1e+05,TRUE,20
9.99999999999999,0,0,0,19.4733078099424,0,19.474465299848,0,19.4733078099424,0,19.474465299848,0,"normal","un",1000,500,0.5,0,0,0,1,FALSE,0,TRUE,FALSE,101,"leave-1",500,0.5,1e+05,TRUE,20
9.99999999999999,0,0,0,19.4733078099424,0,0,0,19.4733078099424,0,0,0,"normal","un",1000,500,0.5,0,0,0,1,FALSE,0,TRUE,FALSE,101,"leave-1",500,0.5,1e+05,TRUE,20
9.99999999999999,0,0,0,19.4733078099424,0,0,0,19.4733078099424,0,0,0,"normal","un",1000,500,0.5,0,0,0,1,FALSE,0,TRUE,FALSE,101,"leave-1",500,0.5,1e+05,TRUE,20
9.99999999999999,0,0,0,19.4733078099424,0,19.4925381090788,0,19.4733078099424,0,19.4925381090788,0,"normal","un",1000,500,0.5,0,0,0,1,FALSE,0,TRUE,FALSE,101,"leave-1",500,0.5,1e+05,TRUE,20
9.99999999999999,0,0,0,19.4733078099424,0,19.4562263691112,0,19.4733078099424,0,19.4562263691112,0,"normal","un",1000,500,0.5,0,0,0,1,FALSE,0,TRUE,FALSE,101,"leave-1",500,0.5,1e+05,TRUE,20
9.99999999999999,0,0,0,19.4733078099424,0,19.2860210352593,0,19.4733078099424,0,19.2860210352593,0,"normal","un",1000,500,0.5,0,0,0,1,FALSE,0,TRUE,FALSE,101,"leave-1",500,0.5,1e+05,TRUE,20
9.99999999999999,0,0,0,19.4733078099424,0,19.4862597078519,0,19.4733078099424,0,19.4862597078519,0,"normal","un",1000,500,0.5,0,0,0,1,FALSE,0,TRUE,FALSE,101,"leave-1",500,0.5,1e+05,TRUE,20
9.99999999999999,0,0,0,19.4733078099424,0,19.5036443435491,0,19.4733078099424,0,19.5036443435491,0,"normal","un",1000,500,0.5,0,0,0,1,FALSE,0,TRUE,FALSE,101,"leave-1",500,0.5,1e+05,TRUE,20
9.99999999999999,0,0,0,19.4733078099424,0,0,0,19.4733078099424,0,0,0,"normal","un",1000,500,0.5,0,0,0,1,FALSE,0,TRUE,FALSE,101,"leave-1",500,0.5,1e+05,TRUE,20
9.99999999999999,0,0,0,19.4733078099424,0,19.4980443142447,0,19.4733078099424,0,19.4980443142447,0,"normal","un",1000,500,0.5,0,0,0,1,FALSE,0,TRUE,FALSE,101,"leave-1",500,0.5,1e+05,TRUE,20
9.99999999999999,0,0,0,19.4733078099424,0,19.5058196672248,0,19.4733078099424,0,19.5058196672248,0,"normal","un",1000,500,0.5,0,0,0,1,FALSE,0,TRUE,FALSE,101,"leave-1",500,0.5,1e+05,TRUE,20
9.99999999999999,0,0,0,19.4733078099424,0,0,0,19.4733078099424,0,0,0,"normal","un",1000,500,0.5,0,0,0,1,FALSE,0,TRUE,FALSE,101,"leave-1",500,0.5,1e+05,TRUE,20
9.99999999999999,0,0,0,19.4733078099424,0,0,0,19.4733078099424,0,0,0,"normal","un",1000,500,0.5,0,0,0,1,FALSE,0,TRUE,FALSE,101,"leave-1",500,0.5,1e+05,TRUE,20
9.99999999999999,0,0,0,19.4733078099424,0,19.4891214535845,0,19.4733078099424,0,19.4891214535845,0,"normal","un",1000,500,0.5,0,0,0,1,FALSE,0,TRUE,FALSE,101,"leave-1",500,0.5,1e+05,TRUE,20
9.99999999999999,0,0,0,19.4733078099424,0,19.5100077713334,0,19.4733078099424,0,19.5100077713334,0,"normal","un",1000,500,0.5,0,0,0,1,FALSE,0,TRUE,FALSE,101,"leave-1",500,0.5,1e+05,TRUE,20
9.99999999999999,0,0,0,19.4733078099424,0,19.5116076002893,0,19.4733078099424,0,19.5116076002893,0,"normal","un",1000,500,0.5,0,0,0,1,FALSE,0,TRUE,FALSE,101,"leave-1",500,0.5,1e+05,TRUE,20
9.99999999999999,0,0,0,19.4733078099424,0,19.510195280676,0,19.4733078099424,0,19.510195280676,0,"normal","un",1000,500,0.5,0,0,0,1,FALSE,0,TRUE,FALSE,101,"leave-1",500,0.5,1e+05,TRUE,20
9.99999999999999,0,0,0,19.4733078099424,0,19.5118203160629,0,19.4733078099424,0,19.5118203160629,0,"normal","un",1000,500,0.5,0,0,0,1,FALSE,0,TRUE,FALSE,101,"leave-1",500,0.5,1e+05,TRUE,20
9.99999999999999,0,0,0,19.4733078099424,0,NA,NA,19.4733078099424,0,NA,NA,"normal","un",1000,500,0.5,0,0,0,1,FALSE,0,TRUE,FALSE,101,"leave-1",500,0.5,1e+05,TRUE,20
9.99999999999999,0,0,0,19.4733078099424,0,19.5110399876677,0,19.4733078099424,0,19.5110399876677,0,"normal","un",1000,500,0.5,0,0,0,1,FALSE,0,TRUE,FALSE,101,"leave-1",500,0.5,1e+05,TRUE,20
9.99999999999999,0,0,0,19.4733078099424,0,19.5063898108507,0,19.4733078099424,0,19.5063898108507,0,"normal","un",1000,500,0.5,0,0,0,1,FALSE,0,TRUE,FALSE,101,"leave-1",500,0.5,1e+05,TRUE,20
9.99999999999999,0,0,0,19.4733078099424,0,19.5094255352975,0,19.4733078099424,0,19.5094255352975,0,"normal","un",1000,500,0.5,0,0,0,1,FALSE,0,TRUE,FALSE,101,"leave-1",500,0.5,1e+05,TRUE,20
9.99999999999999,0,0,0,19.4733078099424,0,0,0,19.4733078099424,0,0,0,"normal","un",1000,500,0.5,0,0,0,1,FALSE,0,TRUE,FALSE,101,"leave-1",500,0.5,1e+05,TRUE,20
9.99999999999999,0,0,0,19.4733078099424,0,0,0,19.4733078099424,0,0,0,"normal","un",1000,500,0.5,0,0,0,1,FALSE,0,TRUE,FALSE,101,"leave-1",500,0.5,1e+05,TRUE,20
9.99999999999999,0,0,0,19.4733078099424,0,0,0,19.4733078099424,0,0,0,"normal","un",1000,500,0.5,0,0,0,1,FALSE,0,TRUE,FALSE,101,"leave-1",500,0.5,1e+05,TRUE,20
9.99999999999999,0,0,0,19.4733078099424,0,19.4818986419426,0,19.4733078099424,0,19.4818986419426,0,"normal","un",1000,500,0.5,0,0,0,1,FALSE,0,TRUE,FALSE,101,"leave-1",500,0.5,1e+05,TRUE,20
9.99999999999999,0,0,0,19.4733078099424,0,0,0,19.4733078099424,0,0,0,"normal","un",1000,500,0.5,0,0,0,1,FALSE,0,TRUE,FALSE,101,"leave-1",500,0.5,1e+05,TRUE,20
9.99999999999999,0,0,0,19.4733078099424,0,0,0,19.4733078099424,0,0,0,"normal","un",1000,500,0.5,0,0,0,1,FALSE,0,TRUE,FALSE,101,"leave-1",500,0.5,1e+05,TRUE,20
9.99999999999999,0,0,0,19.4733078099424,0,0,0,19.4733078099424,0,0,0,"normal","un",1000,500,0.5,0,0,0,1,FALSE,0,TRUE,FALSE,101,"leave-1",500,0.5,1e+05,TRUE,20
9.99999999999999,0,0,0,19.4733078099424,0,19.4926089726023,0,19.4733078099424,0,19.4926089726023,0,"normal","un",1000,500,0.5,0,0,0,1,FALSE,0,TRUE,FALSE,101,"leave-1",500,0.5,1e+05,TRUE,20
9.99999999999999,0,0,0,19.4733078099424,0,0,0,19.4733078099424,0,0,0,"normal","un",1000,500,0.5,0,0,0,1,FALSE,0,TRUE,FALSE,101,"leave-1",500,0.5,1e+05,TRUE,20
9.99999999999999,0,0,0,19.4733078099424,0,19.4995948110608,0,19.4733078099424,0,19.4995948110608,0,"normal","un",1000,500,0.5,0,0,0,1,FALSE,0,TRUE,FALSE,101,"leave-1",500,0.5,1e+05,TRUE,20
9.99999999999999,0,0,0,19.4733078099424,0,0,0,19.4733078099424,0,0,0,"normal","un",1000,500,0.5,0,0,0,1,FALSE,0,TRUE,FALSE,101,"leave-1",500,0.5,1e+05,TRUE,20
9.99999999999999,0,0,0,19.4733078099424,0,0,0,19.4733078099424,0,0,0,"normal","un",1000,500,0.5,0,0,0,1,FALSE,0,TRUE,FALSE,101,"leave-1",500,0.5,1e+05,TRUE,20
9.99999999999999,0,0,0,19.4733078099424,0,0,0,19.4733078099424,0,0,0,"normal","un",1000,500,0.5,0,0,0,1,FALSE,0,TRUE,FALSE,101,"leave-1",500,0.5,1e+05,TRUE,20
9.99999999999999,0,0,0,19.4733078099424,0,19.5124891276427,0,19.4733078099424,0,19.5124891276427,0,"normal","un",1000,500,0.5,0,0,0,1,FALSE,0,TRUE,FALSE,101,"leave-1",500,0.5,1e+05,TRUE,20
9.99999999999999,0,0,0,19.4733078099424,0,0,0,19.4733078099424,0,0,0,"normal","un",1000,500,0.5,0,0,0,1,FALSE,0,TRUE,FALSE,101,"leave-1",500,0.5,1e+05,TRUE,20
9.99999999999999,0,0,0,19.4733078099424,0,19.4477217362531,0,19.4733078099424,0,19.4477217362531,0,"normal","un",1000,500,0.5,0,0,0,1,FALSE,0,TRUE,FALSE,101,"leave-1",500,0.5,1e+05,TRUE,20
9.99999999999999,0,0,0,19.4733078099424,0,0,0,19.4733078099424,0,0,0,"normal","un",1000,500,0.5,0,0,0,1,FALSE,0,TRUE,FALSE,101,"leave-1",500,0.5,1e+05,TRUE,20
9.99999999999999,0,0,0,19.4733078099424,0,19.4578632262132,0,19.4733078099424,0,19.4578632262132,0,"normal","un",1000,500,0.5,0,0,0,1,FALSE,0,TRUE,FALSE,101,"leave-1",500,0.5,1e+05,TRUE,20
9.99999999999999,0,0,0,19.4733078099424,0,19.5040259784644,0,19.4733078099424,0,19.5040259784644,0,"normal","un",1000,500,0.5,0,0,0,1,FALSE,0,TRUE,FALSE,101,"leave-1",500,0.5,1e+05,TRUE,20
9.99999999999999,0,0,0,19.4733078099424,0,19.5124881400635,0,19.4733078099424,0,19.5124881400635,0,"normal","un",1000,500,0.5,0,0,0,1,FALSE,0,TRUE,FALSE,101,"leave-1",500,0.5,1e+05,TRUE,20
9.99999999999999,0,0,0,19.4733078099424,0,0,0,19.4733078099424,0,0,0,"normal","un",1000,500,0.5,0,0,0,1,FALSE,0,TRUE,FALSE,101,"leave-1",500,0.5,1e+05,TRUE,20
9.99999999999999,0,0,0,19.4733078099424,0,0,0,19.4733078099424,0,0,0,"normal","un",1000,500,0.5,0,0,0,1,FALSE,0,TRUE,FALSE,101,"leave-1",500,0.5,1e+05,TRUE,20
9.99999999999999,0,0,0,19.4733078099424,0,19.4834314108482,0,19.4733078099424,0,19.4834314108482,0,"normal","un",1000,500,0.5,0,0,0,1,FALSE,0,TRUE,FALSE,101,"leave-1",500,0.5,1e+05,TRUE,20
9.99999999999999,0,0,0,19.4733078099424,0,19.4409475104103,0,19.4733078099424,0,19.4409475104103,0,"normal","un",1000,500,0.5,0,0,0,1,FALSE,0,TRUE,FALSE,101,"leave-1",500,0.5,1e+05,TRUE,20
9.99999999999999,0,0,0,19.4733078099424,0,19.51054461845,0,19.4733078099424,0,19.51054461845,0,"normal","un",1000,500,0.5,0,0,0,1,FALSE,0,TRUE,FALSE,101,"leave-1",500,0.5,1e+05,TRUE,20
9.99999999999999,0,0,0,19.4733078099424,0,19.3983734164362,0,19.4733078099424,0,19.3983734164362,0,"normal","un",1000,500,0.5,0,0,0,1,FALSE,0,TRUE,FALSE,101,"leave-1",500,0.5,1e+05,TRUE,20
9.99999999999999,0,0,0,19.4733078099424,0,19.4763128043108,0,19.4733078099424,0,19.4763128043108,0,"normal","un",1000,500,0.5,0,0,0,1,FALSE,0,TRUE,FALSE,101,"leave-1",500,0.5,1e+05,TRUE,20
9.99999999999999,0,0,0,19.4733078099424,0,19.3928064042994,0,19.4733078099424,0,19.3928064042994,0,"normal","un",1000,500,0.5,0,0,0,1,FALSE,0,TRUE,FALSE,101,"leave-1",500,0.5,1e+05,TRUE,20
9.99999999999999,0,0,0,19.4733078099424,0,19.4947369598577,0,19.4733078099424,0,19.4947369598577,0,"normal","un",1000,500,0.5,0,0,0,1,FALSE,0,TRUE,FALSE,101,"leave-1",500,0.5,1e+05,TRUE,20
9.99999999999999,0,0,0,19.4733078099424,0,0,0,19.4733078099424,0,0,0,"normal","un",1000,500,0.5,0,0,0,1,FALSE,0,TRUE,FALSE,101,"leave-1",500,0.5,1e+05,TRUE,20
9.99999999999999,0,0,0,19.4733078099424,0,19.5124840506667,0,19.4733078099424,0,19.5124840506667,0,"normal","un",1000,500,0.5,0,0,0,1,FALSE,0,TRUE,FALSE,101,"leave-1",500,0.5,1e+05,TRUE,20
9.99999999999999,0,0,0,19.4733078099424,0,19.4162142153703,0,19.4733078099424,0,19.4162142153703,0,"normal","un",1000,500,0.5,0,0,0,1,FALSE,0,TRUE,FALSE,101,"leave-1",500,0.5,1e+05,TRUE,20
9.99999999999999,0,0,0,19.4733078099424,0,0,0,19.4733078099424,0,0,0,"normal","un",1000,500,0.5,0,0,0,1,FALSE,0,TRUE,FALSE,101,"leave-1",500,0.5,1e+05,TRUE,20
9.99999999999999,0,0,0,19.4733078099424,0,19.4734133638223,0,19.4733078099424,0,19.4734133638223,0,"normal","un",1000,500,0.5,0,0,0,1,FALSE,0,TRUE,FALSE,101,"leave-1",500,0.5,1e+05,TRUE,20
9.99999999999999,0,0,0,19.4733078099424,0,0,0,19.4733078099424,0,0,0,"normal","un",1000,500,0.5,0,0,0,1,FALSE,0,TRUE,FALSE,101,"leave-1",500,0.5,1e+05,TRUE,20
9.99999999999999,0,0,0,19.4733078099424,0,0,0,19.4733078099424,0,0,0,"normal","un",1000,500,0.5,0,0,0,1,FALSE,0,TRUE,FALSE,101,"leave-1",500,0.5,1e+05,TRUE,20
9.99999999999999,0,0,0,19.4733078099424,0,19.4982405444447,0,19.4733078099424,0,19.4982405444447,0,"normal","un",1000,500,0.5,0,0,0,1,FALSE,0,TRUE,FALSE,101,"leave-1",500,0.5,1e+05,TRUE,20
9.99999999999999,0,0,0,19.4733078099424,0,0,0,19.4733078099424,0,0,0,"normal","un",1000,500,0.5,0,0,0,1,FALSE,0,TRUE,FALSE,101,"leave-1",500,0.5,1e+05,TRUE,20
9.99999999999999,0,0,0,19.4733078099424,0,19.3364750509989,0,19.4733078099424,0,19.3364750509989,0,"normal","un",1000,500,0.5,0,0,0,1,FALSE,0,TRUE,FALSE,101,"leave-1",500,0.5,1e+05,TRUE,20
9.99999999999999,0,0,0,19.4733078099424,0,19.4160311740065,0,19.4733078099424,0,19.4160311740065,0,"normal","un",1000,500,0.5,0,0,0,1,FALSE,0,TRUE,FALSE,101,"leave-1",500,0.5,1e+05,TRUE,20
9.99999999999999,0,0,0,19.4733078099424,0,19.4786036323595,0,19.4733078099424,0,19.4786036323595,0,"normal","un",1000,500,0.5,0,0,0,1,FALSE,0,TRUE,FALSE,101,"leave-1",500,0.5,1e+05,TRUE,20
9.99999999999999,0,0,0,19.4733078099424,0,19.5045748990537,0,19.4733078099424,0,19.5045748990537,0,"normal","un",1000,500,0.5,0,0,0,1,FALSE,0,TRUE,FALSE,101,"leave-1",500,0.5,1e+05,TRUE,20
9.99999999999999,0,0,0,19.4733078099424,0,19.4932803953536,0,19.4733078099424,0,19.4932803953536,0,"normal","un",1000,500,0.5,0,0,0,1,FALSE,0,TRUE,FALSE,101,"leave-1",500,0.5,1e+05,TRUE,20
9.99999999999999,0,0,0,19.4733078099424,0,19.4949877800343,0,19.4733078099424,0,19.4949877800343,0,"normal","un",1000,500,0.5,0,0,0,1,FALSE,0,TRUE,FALSE,101,"leave-1",500,0.5,1e+05,TRUE,20
9.99999999999999,0,0,0,19.4733078099424,0,0,0,19.4733078099424,0,0,0,"normal","un",1000,500,0.5,0,0,0,1,FALSE,0,TRUE,FALSE,101,"leave-1",500,0.5,1e+05,TRUE,20
9.99999999999999,0,0,0,19.4733078099424,0,0,0,19.4733078099424,0,0,0,"normal","un",1000,500,0.5,0,0,0,1,FALSE,0,TRUE,FALSE,101,"leave-1",500,0.5,1e+05,TRUE,20
9.99999999999999,0,0,0,19.4733078099424,0,19.08817658894,0,19.4733078099424,0,19.08817658894,0,"normal","un",1000,500,0.5,0,0,0,1,FALSE,0,TRUE,FALSE,101,"leave-1",500,0.5,1e+05,TRUE,20
9.99999999999999,0,0,0,19.4733078099424,0,0,0,19.4733078099424,0,0,0,"normal","un",1000,500,0.5,0,0,0,1,FALSE,0,TRUE,FALSE,101,"leave-1",500,0.5,1e+05,TRUE,20
9.99999999999999,0,0,0,19.4733078099424,0,0,0,19.4733078099424,0,0,0,"normal","un",1000,500,0.5,0,0,0,1,FALSE,0,TRUE,FALSE,101,"leave-1",500,0.5,1e+05,TRUE,20
9.99999999999999,0,0,0,19.4733078099424,0,19.5115924747633,0,19.4733078099424,0,19.5115924747633,0,"normal","un",1000,500,0.5,0,0,0,1,FALSE,0,TRUE,FALSE,101,"leave-1",500,0.5,1e+05,TRUE,20
9.99999999999999,0,0,0,19.4733078099424,0,0,0,19.4733078099424,0,0,0,"normal","un",1000,500,0.5,0,0,0,1,FALSE,0,TRUE,FALSE,101,"leave-1",500,0.5,1e+05,TRUE,20
9.99999999999999,0,0,0,19.4733078099424,0,19.3889418744221,0,19.4733078099424,0,19.3889418744221,0,"normal","un",1000,500,0.5,0,0,0,1,FALSE,0,TRUE,FALSE,101,"leave-1",500,0.5,1e+05,TRUE,20
9.99999999999999,0,0,0,19.4733078099424,0,0,0,19.4733078099424,0,0,0,"normal","un",1000,500,0.5,0,0,0,1,FALSE,0,TRUE,FALSE,101,"leave-1",500,0.5,1e+05,TRUE,20
9.99999999999999,0,0,0,19.4733078099424,0,0,0,19.4733078099424,0,0,0,"normal","un",1000,500,0.5,0,0,0,1,FALSE,0,TRUE,FALSE,101,"leave-1",500,0.5,1e+05,TRUE,20
9.99999999999999,0,0,0,19.4733078099424,0,19.5104215511454,0,19.4733078099424,0,19.5104215511454,0,"normal","un",1000,500,0.5,0,0,0,1,FALSE,0,TRUE,FALSE,101,"leave-1",500,0.5,1e+05,TRUE,20
9.99999999999999,0,0,0,19.4733078099424,0,NA,NA,19.4733078099424,0,NA,NA,"normal","un",1000,500,0.5,0,0,0,1,FALSE,0,TRUE,FALSE,101,"leave-1",500,0.5,1e+05,TRUE,20
9.99999999999999,0,0,0,19.4733078099424,0,0,0,19.4733078099424,0,0,0,"normal","un",1000,500,0.5,0,0,0,1,FALSE,0,TRUE,FALSE,101,"leave-1",500,0.5,1e+05,TRUE,20
9.99999999999999,0,0,0,19.4733078099424,0,19.512112786277,0,19.4733078099424,0,19.512112786277,0,"normal","un",1000,500,0.5,0,0,0,1,FALSE,0,TRUE,FALSE,101,"leave-1",500,0.5,1e+05,TRUE,20
9.99999999999999,0,0,0,19.4733078099424,0,0,0,19.4733078099424,0,0,0,"normal","un",1000,500,0.5,0,0,0,1,FALSE,0,TRUE,FALSE,101,"leave-1",500,0.5,1e+05,TRUE,20
9.99999999999999,0,0,0,19.4733078099424,0,0,0,19.4733078099424,0,0,0,"normal","un",1000,500,0.5,0,0,0,1,FALSE,0,TRUE,FALSE,101,"leave-1",500,0.5,1e+05,TRUE,20
9.99999999999999,0,0,0,19.4733078099424,0,19.4828040339661,0,19.4733078099424,0,19.4828040339661,0,"normal","un",1000,500,0.5,0,0,0,1,FALSE,0,TRUE,FALSE,101,"leave-1",500,0.5,1e+05,TRUE,20
9.99999999999999,0,0,0,19.4733078099424,0,0,0,19.4733078099424,0,0,0,"normal","un",1000,500,0.5,0,0,0,1,FALSE,0,TRUE,FALSE,101,"leave-1",500,0.5,1e+05,TRUE,20
9.99999999999999,0,0,0,19.4733078099424,0,19.5068479851723,0,19.4733078099424,0,19.5068479851723,0,"normal","un",1000,500,0.5,0,0,0,1,FALSE,0,TRUE,FALSE,101,"leave-1",500,0.5,1e+05,TRUE,20
9.99999999999999,0,0,0,19.4733078099424,0,0,0,19.4733078099424,0,0,0,"normal","un",1000,500,0.5,0,0,0,1,FALSE,0,TRUE,FALSE,101,"leave-1",500,0.5,1e+05,TRUE,20
9.99999999999999,0,0,0,19.4733078099424,0,NA,NA,19.4733078099424,0,NA,NA,"normal","un",1000,500,0.5,0,0,0,1,FALSE,0,TRUE,FALSE,101,"leave-1",500,0.5,1e+05,TRUE,20
9.99999999999999,0,0,0,19.4733078099424,0,0,0,19.4733078099424,0,0,0,"normal","un",1000,500,0.5,0,0,0,1,FALSE,0,TRUE,FALSE,101,"leave-1",500,0.5,1e+05,TRUE,20
9.99999999999999,0,0,0,19.4733078099424,0,19.5088617831473,0,19.4733078099424,0,19.5088617831473,0,"normal","un",1000,500,0.5,0,0,0,1,FALSE,0,TRUE,FALSE,101,"leave-1",500,0.5,1e+05,TRUE,20
9.99999999999999,0,0,0,19.4733078099424,0,19.3878814055849,0,19.4733078099424,0,19.3878814055849,0,"normal","un",1000,500,0.5,0,0,0,1,FALSE,0,TRUE,FALSE,101,"leave-1",500,0.5,1e+05,TRUE,20
9.99999999999999,0,0,0,19.4733078099424,0,19.4029888319994,0,19.4733078099424,0,19.4029888319994,0,"normal","un",1000,500,0.5,0,0,0,1,FALSE,0,TRUE,FALSE,101,"leave-1",500,0.5,1e+05,TRUE,20
9.99999999999999,0,0,0,19.4733078099424,0,19.5078147835026,0,19.4733078099424,0,19.5078147835026,0,"normal","un",1000,500,0.5,0,0,0,1,FALSE,0,TRUE,FALSE,101,"leave-1",500,0.5,1e+05,TRUE,20
9.99999999999999,0,0,0,19.4733078099424,0,19.4993528776768,0,19.4733078099424,0,19.4993528776768,0,"normal","un",1000,500,0.5,0,0,0,1,FALSE,0,TRUE,FALSE,101,"leave-1",500,0.5,1e+05,TRUE,20
9.99999999999999,0,0,0,19.4733078099424,0,0,0,19.4733078099424,0,0,0,"normal","un",1000,500,0.5,0,0,0,1,FALSE,0,TRUE,FALSE,101,"leave-1",500,0.5,1e+05,TRUE,20
9.99999999999999,0,0,0,19.4733078099424,0,0,0,19.4733078099424,0,0,0,"normal","un",1000,500,0.5,0,0,0,1,FALSE,0,TRUE,FALSE,101,"leave-1",500,0.5,1e+05,TRUE,20
9.99999999999999,0,0,0,19.4733078099424,0,19.4829813844876,0,19.4733078099424,0,19.4829813844876,0,"normal","un",1000,500,0.5,0,0,0,1,FALSE,0,TRUE,FALSE,101,"leave-1",500,0.5,1e+05,TRUE,20
9.99999999999999,0,0,0,19.4733078099424,0,0,0,19.4733078099424,0,0,0,"normal","un",1000,500,0.5,0,0,0,1,FALSE,0,TRUE,FALSE,101,"leave-1",500,0.5,1e+05,TRUE,20
9.99999999999999,0,0,0,19.4733078099424,0,0,0,19.4733078099424,0,0,0,"normal","un",1000,500,0.5,0,0,0,1,FALSE,0,TRUE,FALSE,101,"leave-1",500,0.5,1e+05,TRUE,20
9.99999999999999,0,0,0,19.4733078099424,0,0,0,19.4733078099424,0,0,0,"normal","un",1000,500,0.5,0,0,0,1,FALSE,0,TRUE,FALSE,101,"leave-1",500,0.5,1e+05,TRUE,20
9.99999999999999,0,0,0,19.4733078099424,0,0,0,19.4733078099424,0,0,0,"normal","un",1000,500,0.5,0,0,0,1,FALSE,0,TRUE,FALSE,101,"leave-1",500,0.5,1e+05,TRUE,20
9.99999999999999,0,0,0,19.4733078099424,0,0,0,19.4733078099424,0,0,0,"normal","un",1000,500,0.5,0,0,0,1,FALSE,0,TRUE,FALSE,101,"leave-1",500,0.5,1e+05,TRUE,20
9.99999999999999,0,0,0,19.4733078099424,0,0,0,19.4733078099424,0,0,0,"normal","un",1000,500,0.5,0,0,0,1,FALSE,0,TRUE,FALSE,101,"leave-1",500,0.5,1e+05,TRUE,20
9.99999999999999,0,0,0,19.4733078099424,0,0,0,19.4733078099424,0,0,0,"normal","un",1000,500,0.5,0,0,0,1,FALSE,0,TRUE,FALSE,101,"leave-1",500,0.5,1e+05,TRUE,20
9.99999999999999,0,0,0,19.4733078099424,0,19.4995326944,0,19.4733078099424,0,19.4995326944,0,"normal","un",1000,500,0.5,0,0,0,1,FALSE,0,TRUE,FALSE,101,"leave-1",500,0.5,1e+05,TRUE,20
9.99999999999999,0,0,0,19.4733078099424,0,19.3335131300382,0,19.4733078099424,0,19.3335131300382,0,"normal","un",1000,500,0.5,0,0,0,1,FALSE,0,TRUE,FALSE,101,"leave-1",500,0.5,1e+05,TRUE,20
9.99999999999999,0,0,0,19.4733078099424,0,0,0,19.4733078099424,0,0,0,"normal","un",1000,500,0.5,0,0,0,1,FALSE,0,TRUE,FALSE,101,"leave-1",500,0.5,1e+05,TRUE,20
9.99999999999999,0,0,0,19.4733078099424,0,19.4512489420707,0,19.4733078099424,0,19.4512489420707,0,"normal","un",1000,500,0.5,0,0,0,1,FALSE,0,TRUE,FALSE,101,"leave-1",500,0.5,1e+05,TRUE,20
9.99999999999999,0,0,0,19.4733078099424,0,0,0,19.4733078099424,0,0,0,"normal","un",1000,500,0.5,0,0,0,1,FALSE,0,TRUE,FALSE,101,"leave-1",500,0.5,1e+05,TRUE,20
9.99999999999999,0,0,0,19.4733078099424,0,0,0,19.4733078099424,0,0,0,"normal","un",1000,500,0.5,0,0,0,1,FALSE,0,TRUE,FALSE,101,"leave-1",500,0.5,1e+05,TRUE,20
9.99999999999999,0,0,0,19.4733078099424,0,0,0,19.4733078099424,0,0,0,"normal","un",1000,500,0.5,0,0,0,1,FALSE,0,TRUE,FALSE,101,"leave-1",500,0.5,1e+05,TRUE,20
9.99999999999999,0,0,0,19.4733078099424,0,0,0,19.4733078099424,0,0,0,"normal","un",1000,500,0.5,0,0,0,1,FALSE,0,TRUE,FALSE,101,"leave-1",500,0.5,1e+05,TRUE,20
9.99999999999999,0,0,0,19.4733078099424,0,0,0,19.4733078099424,0,0,0,"normal","un",1000,500,0.5,0,0,0,1,FALSE,0,TRUE,FALSE,101,"leave-1",500,0.5,1e+05,TRUE,20
9.99999999999999,0,0,0,19.4733078099424,0,19.4809852817584,0,19.4733078099424,0,19.4809852817584,0,"normal","un",1000,500,0.5,0,0,0,1,FALSE,0,TRUE,FALSE,101,"leave-1",500,0.5,1e+05,TRUE,20
9.99999999999999,0,0,0,19.4733078099424,0,0,0,19.4733078099424,0,0,0,"normal","un",1000,500,0.5,0,0,0,1,FALSE,0,TRUE,FALSE,101,"leave-1",500,0.5,1e+05,TRUE,20
9.99999999999999,0,0,0,19.4733078099424,0,0,0,19.4733078099424,0,0,0,"normal","un",1000,500,0.5,0,0,0,1,FALSE,0,TRUE,FALSE,101,"leave-1",500,0.5,1e+05,TRUE,20
9.99999999999999,0,0,0,19.4733078099424,0,19.5088859664702,0,19.4733078099424,0,19.5088859664702,0,"normal","un",1000,500,0.5,0,0,0,1,FALSE,0,TRUE,FALSE,101,"leave-1",500,0.5,1e+05,TRUE,20
9.99999999999999,0,0,0,19.4733078099424,0,0,0,19.4733078099424,0,0,0,"normal","un",1000,500,0.5,0,0,0,1,FALSE,0,TRUE,FALSE,101,"leave-1",500,0.5,1e+05,TRUE,20
9.99999999999999,0,0,0,19.4733078099424,0,19.4843552012834,0,19.4733078099424,0,19.4843552012834,0,"normal","un",1000,500,0.5,0,0,0,1,FALSE,0,TRUE,FALSE,101,"leave-1",500,0.5,1e+05,TRUE,20
9.99999999999999,0,0,0,19.4733078099424,0,19.4903531632765,0,19.4733078099424,0,19.4903531632765,0,"normal","un",1000,500,0.5,0,0,0,1,FALSE,0,TRUE,FALSE,101,"leave-1",500,0.5,1e+05,TRUE,20
9.99999999999999,0,0,0,19.4733078099424,0,0,0,19.4733078099424,0,0,0,"normal","un",1000,500,0.5,0,0,0,1,FALSE,0,TRUE,FALSE,101,"leave-1",500,0.5,1e+05,TRUE,20
9.99999999999999,0,0,0,19.4733078099424,0,0,0,19.4733078099424,0,0,0,"normal","un",1000,500,0.5,0,0,0,1,FALSE,0,TRUE,FALSE,101,"leave-1",500,0.5,1e+05,TRUE,20
9.99999999999999,0,0,0,19.4733078099424,0,0,0,19.4733078099424,0,0,0,"normal","un",1000,500,0.5,0,0,0,1,FALSE,0,TRUE,FALSE,101,"leave-1",500,0.5,1e+05,TRUE,20
9.99999999999999,0,0,0,19.4733078099424,0,0,0,19.4733078099424,0,0,0,"normal","un",1000,500,0.5,0,0,0,1,FALSE,0,TRUE,FALSE,101,"leave-1",500,0.5,1e+05,TRUE,20
9.99999999999999,0,0,0,19.4733078099424,0,0,0,19.4733078099424,0,0,0,"normal","un",1000,500,0.5,0,0,0,1,FALSE,0,TRUE,FALSE,101,"leave-1",500,0.5,1e+05,TRUE,20
9.99999999999999,0,0,0,19.4733078099424,0,19.3919949022433,0,19.4733078099424,0,19.3919949022433,0,"normal","un",1000,500,0.5,0,0,0,1,FALSE,0,TRUE,FALSE,101,"leave-1",500,0.5,1e+05,TRUE,20
9.99999999999999,0,0,0,19.4733078099424,0,0,0,19.4733078099424,0,0,0,"normal","un",1000,500,0.5,0,0,0,1,FALSE,0,TRUE,FALSE,101,"leave-1",500,0.5,1e+05,TRUE,20
9.99999999999999,0,0,0,19.4733078099424,0,19.4977542665543,0,19.4733078099424,0,19.4977542665543,0,"normal","un",1000,500,0.5,0,0,0,1,FALSE,0,TRUE,FALSE,101,"leave-1",500,0.5,1e+05,TRUE,20
9.99999999999999,0,0,0,19.4733078099424,0,19.5121750768274,0,19.4733078099424,0,19.5121750768274,0,"normal","un",1000,500,0.5,0,0,0,1,FALSE,0,TRUE,FALSE,101,"leave-1",500,0.5,1e+05,TRUE,20
9.99999999999999,0,0,0,19.4733078099424,0,19.5121883339121,0,19.4733078099424,0,19.5121883339121,0,"normal","un",1000,500,0.5,0,0,0,1,FALSE,0,TRUE,FALSE,101,"leave-1",500,0.5,1e+05,TRUE,20
9.99999999999999,0,0,0,19.4733078099424,0,19.5061846641143,0,19.4733078099424,0,19.5061846641143,0,"normal","un",1000,500,0.5,0,0,0,1,FALSE,0,TRUE,FALSE,101,"leave-1",500,0.5,1e+05,TRUE,20
9.99999999999999,0,0,0,19.4733078099424,0,19.512468363815,0,19.4733078099424,0,19.512468363815,0,"normal","un",1000,500,0.5,0,0,0,1,FALSE,0,TRUE,FALSE,101,"leave-1",500,0.5,1e+05,TRUE,20
9.99999999999999,0,0,0,19.4733078099424,0,0,0,19.4733078099424,0,0,0,"normal","un",1000,500,0.5,0,0,0,1,FALSE,0,TRUE,FALSE,101,"leave-1",500,0.5,1e+05,TRUE,20
9.99999999999999,0,0,0,19.4733078099424,0,19.3898917110094,0,19.4733078099424,0,19.3898917110094,0,"normal","un",1000,500,0.5,0,0,0,1,FALSE,0,TRUE,FALSE,101,"leave-1",500,0.5,1e+05,TRUE,20
9.99999999999999,0,0,0,19.4733078099424,0,0,0,19.4733078099424,0,0,0,"normal","un",1000,500,0.5,0,0,0,1,FALSE,0,TRUE,FALSE,101,"leave-1",500,0.5,1e+05,TRUE,20
9.99999999999999,0,0,0,19.4733078099424,0,0,0,19.4733078099424,0,0,0,"normal","un",1000,500,0.5,0,0,0,1,FALSE,0,TRUE,FALSE,101,"leave-1",500,0.5,1e+05,TRUE,20
9.99999999999999,0,0,0,19.4733078099424,0,0,0,19.4733078099424,0,0,0,"normal","un",1000,500,0.5,0,0,0,1,FALSE,0,TRUE,FALSE,101,"leave-1",500,0.5,1e+05,TRUE,20
9.99999999999999,0,0,0,19.4733078099424,0,19.5124827533502,0,19.4733078099424,0,19.5124827533502,0,"normal","un",1000,500,0.5,0,0,0,1,FALSE,0,TRUE,FALSE,101,"leave-1",500,0.5,1e+05,TRUE,20
9.99999999999999,0,0,0,19.4733078099424,0,0,0,19.4733078099424,0,0,0,"normal","un",1000,500,0.5,0,0,0,1,FALSE,0,TRUE,FALSE,101,"leave-1",500,0.5,1e+05,TRUE,20
9.99999999999999,0,0,0,19.4733078099424,0,19.5104091813402,0,19.4733078099424,0,19.5104091813402,0,"normal","un",1000,500,0.5,0,0,0,1,FALSE,0,TRUE,FALSE,101,"leave-1",500,0.5,1e+05,TRUE,20
9.99999999999999,0,0,0,19.4733078099424,0,19.5114134069752,0,19.4733078099424,0,19.5114134069752,0,"normal","un",1000,500,0.5,0,0,0,1,FALSE,0,TRUE,FALSE,101,"leave-1",500,0.5,1e+05,TRUE,20
9.99999999999999,0,0,0,19.4733078099424,0,19.504199494216,0,19.4733078099424,0,19.504199494216,0,"normal","un",1000,500,0.5,0,0,0,1,FALSE,0,TRUE,FALSE,101,"leave-1",500,0.5,1e+05,TRUE,20
9.99999999999999,0,0,0,19.4733078099424,0,0,0,19.4733078099424,0,0,0,"normal","un",1000,500,0.5,0,0,0,1,FALSE,0,TRUE,FALSE,101,"leave-1",500,0.5,1e+05,TRUE,20
9.99999999999999,0,0,0,19.4733078099424,0,0,0,19.4733078099424,0,0,0,"normal","un",1000,500,0.5,0,0,0,1,FALSE,0,TRUE,FALSE,101,"leave-1",500,0.5,1e+05,TRUE,20
9.99999999999999,0,0,0,19.4733078099424,0,19.4916091830796,0,19.4733078099424,0,19.4916091830796,0,"normal","un",1000,500,0.5,0,0,0,1,FALSE,0,TRUE,FALSE,101,"leave-1",500,0.5,1e+05,TRUE,20
9.99999999999999,0,0,0,19.4733078099424,0,19.4502223776022,0,19.4733078099424,0,19.4502223776022,0,"normal","un",1000,500,0.5,0,0,0,1,FALSE,0,TRUE,FALSE,101,"leave-1",500,0.5,1e+05,TRUE,20
9.99999999999999,0,0,0,19.4733078099424,0,19.5077802905055,0,19.4733078099424,0,19.5077802905055,0,"normal","un",1000,500,0.5,0,0,0,1,FALSE,0,TRUE,FALSE,101,"leave-1",500,0.5,1e+05,TRUE,20
9.99999999999999,0,0,0,19.4733078099424,0,19.4230721225336,0,19.4733078099424,0,19.4230721225336,0,"normal","un",1000,500,0.5,0,0,0,1,FALSE,0,TRUE,FALSE,101,"leave-1",500,0.5,1e+05,TRUE,20
9.99999999999999,0,0,0,19.4733078099424,0,19.3084717815287,0,19.4733078099424,0,19.3084717815287,0,"normal","un",1000,500,0.5,0,0,0,1,FALSE,0,TRUE,FALSE,101,"leave-1",500,0.5,1e+05,TRUE,20
9.99999999999999,0,0,0,19.4733078099424,0,0,0,19.4733078099424,0,0,0,"normal","un",1000,500,0.5,0,0,0,1,FALSE,0,TRUE,FALSE,101,"leave-1",500,0.5,1e+05,TRUE,20
9.99999999999999,0,0,0,19.4733078099424,0,19.5104078025731,0,19.4733078099424,0,19.5104078025731,0,"normal","un",1000,500,0.5,0,0,0,1,FALSE,0,TRUE,FALSE,101,"leave-1",500,0.5,1e+05,TRUE,20
9.99999999999999,0,0,0,19.4733078099424,0,NA,NA,19.4733078099424,0,NA,NA,"normal","un",1000,500,0.5,0,0,0,1,FALSE,0,TRUE,FALSE,101,"leave-1",500,0.5,1e+05,TRUE,20
9.99999999999999,0,0,0,19.4733078099424,0,0,0,19.4733078099424,0,0,0,"normal","un",1000,500,0.5,0,0,0,1,FALSE,0,TRUE,FALSE,101,"leave-1",500,0.5,1e+05,TRUE,20
9.99999999999999,0,0,0,19.4733078099424,0,19.5039541580618,0,19.4733078099424,0,19.5039541580618,0,"normal","un",1000,500,0.5,0,0,0,1,FALSE,0,TRUE,FALSE,101,"leave-1",500,0.5,1e+05,TRUE,20
9.99999999999999,0,0,0,19.4733078099424,0,0,0,19.4733078099424,0,0,0,"normal","un",1000,500,0.5,0,0,0,1,FALSE,0,TRUE,FALSE,101,"leave-1",500,0.5,1e+05,TRUE,20
9.99999999999999,0,0,0,19.4733078099424,0,0,0,19.4733078099424,0,0,0,"normal","un",1000,500,0.5,0,0,0,1,FALSE,0,TRUE,FALSE,101,"leave-1",500,0.5,1e+05,TRUE,20
9.99999999999999,0,0,0,19.4733078099424,0,19.4335732356099,0,19.4733078099424,0,19.4335732356099,0,"normal","un",1000,500,0.5,0,0,0,1,FALSE,0,TRUE,FALSE,101,"leave-1",500,0.5,1e+05,TRUE,20
9.99999999999999,0,0,0,19.4733078099424,0,0,0,19.4733078099424,0,0,0,"normal","un",1000,500,0.5,0,0,0,1,FALSE,0,TRUE,FALSE,101,"leave-1",500,0.5,1e+05,TRUE,20
9.99999999999999,0,0,0,19.4733078099424,0,0,0,19.4733078099424,0,0,0,"normal","un",1000,500,0.5,0,0,0,1,FALSE,0,TRUE,FALSE,101,"leave-1",500,0.5,1e+05,TRUE,20
9.99999999999999,0,0,0,19.4733078099424,0,0,0,19.4733078099424,0,0,0,"normal","un",1000,500,0.5,0,0,0,1,FALSE,0,TRUE,FALSE,101,"leave-1",500,0.5,1e+05,TRUE,20
9.99999999999999,0,0,0,19.4733078099424,0,0,0,19.4733078099424,0,0,0,"normal","un",1000,500,0.5,0,0,0,1,FALSE,0,TRUE,FALSE,101,"leave-1",500,0.5,1e+05,TRUE,20
9.99999999999999,0,0,0,19.4733078099424,0,0,0,19.4733078099424,0,0,0,"normal","un",1000,500,0.5,0,0,0,1,FALSE,0,TRUE,FALSE,101,"leave-1",500,0.5,1e+05,TRUE,20
9.99999999999999,0,0,0,19.4733078099424,0,19.511701889301,0,19.4733078099424,0,19.511701889301,0,"normal","un",1000,500,0.5,0,0,0,1,FALSE,0,TRUE,FALSE,101,"leave-1",500,0.5,1e+05,TRUE,20
9.99999999999999,0,0,0,19.4733078099424,0,19.4394218406587,0,19.4733078099424,0,19.4394218406587,0,"normal","un",1000,500,0.5,0,0,0,1,FALSE,0,TRUE,FALSE,101,"leave-1",500,0.5,1e+05,TRUE,20
9.99999999999999,0,0,0,19.4733078099424,0,0,0,19.4733078099424,0,0,0,"normal","un",1000,500,0.5,0,0,0,1,FALSE,0,TRUE,FALSE,101,"leave-1",500,0.5,1e+05,TRUE,20
9.99999999999999,0,0,0,19.4733078099424,0,0,0,19.4733078099424,0,0,0,"normal","un",1000,500,0.5,0,0,0,1,FALSE,0,TRUE,FALSE,101,"leave-1",500,0.5,1e+05,TRUE,20
9.99999999999999,0,0,0,19.4733078099424,0,19.4525564643932,0,19.4733078099424,0,19.4525564643932,0,"normal","un",1000,500,0.5,0,0,0,1,FALSE,0,TRUE,FALSE,101,"leave-1",500,0.5,1e+05,TRUE,20
9.99999999999999,0,0,0,19.4733078099424,0,19.3993948164229,0,19.4733078099424,0,19.3993948164229,0,"normal","un",1000,500,0.5,0,0,0,1,FALSE,0,TRUE,FALSE,101,"leave-1",500,0.5,1e+05,TRUE,20
9.99999999999999,0,0,0,19.4733078099424,0,0,0,19.4733078099424,0,0,0,"normal","un",1000,500,0.5,0,0,0,1,FALSE,0,TRUE,FALSE,101,"leave-1",500,0.5,1e+05,TRUE,20
9.99999999999999,0,0,0,19.4733078099424,0,0,0,19.4733078099424,0,0,0,"normal","un",1000,500,0.5,0,0,0,1,FALSE,0,TRUE,FALSE,101,"leave-1",500,0.5,1e+05,TRUE,20
9.99999999999999,0,0,0,19.4733078099424,0,19.4111852053554,0,19.4733078099424,0,19.4111852053554,0,"normal","un",1000,500,0.5,0,0,0,1,FALSE,0,TRUE,FALSE,101,"leave-1",500,0.5,1e+05,TRUE,20
9.99999999999999,0,0,0,19.4733078099424,0,0,0,19.4733078099424,0,0,0,"normal","un",1000,500,0.5,0,0,0,1,FALSE,0,TRUE,FALSE,101,"leave-1",500,0.5,1e+05,TRUE,20
9.99999999999999,0,0,0,19.4733078099424,0,0,0,19.4733078099424,0,0,0,"normal","un",1000,500,0.5,0,0,0,1,FALSE,0,TRUE,FALSE,101,"leave-1",500,0.5,1e+05,TRUE,20
9.99999999999999,0,0,0,19.4733078099424,0,19.4394209984998,0,19.4733078099424,0,19.4394209984998,0,"normal","un",1000,500,0.5,0,0,0,1,FALSE,0,TRUE,FALSE,101,"leave-1",500,0.5,1e+05,TRUE,20
9.99999999999999,0,0,0,19.4733078099424,0,19.5124742734797,0,19.4733078099424,0,19.5124742734797,0,"normal","un",1000,500,0.5,0,0,0,1,FALSE,0,TRUE,FALSE,101,"leave-1",500,0.5,1e+05,TRUE,20
9.99999999999999,0,0,0,19.4733078099424,0,19.5089941922617,0,19.4733078099424,0,19.5089941922617,0,"normal","un",1000,500,0.5,0,0,0,1,FALSE,0,TRUE,FALSE,101,"leave-1",500,0.5,1e+05,TRUE,20
9.99999999999999,0,0,0,19.4733078099424,0,0,0,19.4733078099424,0,0,0,"normal","un",1000,500,0.5,0,0,0,1,FALSE,0,TRUE,FALSE,101,"leave-1",500,0.5,1e+05,TRUE,20
9.99999999999999,0,0,0,19.4733078099424,0,0,0,19.4733078099424,0,0,0,"normal","un",1000,500,0.5,0,0,0,1,FALSE,0,TRUE,FALSE,101,"leave-1",500,0.5,1e+05,TRUE,20
9.99999999999999,0,0,0,19.4733078099424,0,19.4613297833144,0,19.4733078099424,0,19.4613297833144,0,"normal","un",1000,500,0.5,0,0,0,1,FALSE,0,TRUE,FALSE,101,"leave-1",500,0.5,1e+05,TRUE,20
9.99999999999999,0,0,0,19.4733078099424,0,0,0,19.4733078099424,0,0,0,"normal","un",1000,500,0.5,0,0,0,1,FALSE,0,TRUE,FALSE,101,"leave-1",500,0.5,1e+05,TRUE,20
9.99999999999999,0,0,0,19.4733078099424,0,0,0,19.4733078099424,0,0,0,"normal","un",1000,500,0.5,0,0,0,1,FALSE,0,TRUE,FALSE,101,"leave-1",500,0.5,1e+05,TRUE,20
9.99999999999999,0,0,0,19.4733078099424,0,19.471468763125,0,19.4733078099424,0,19.471468763125,0,"normal","un",1000,500,0.5,0,0,0,1,FALSE,0,TRUE,FALSE,101,"leave-1",500,0.5,1e+05,TRUE,20
9.99999999999999,0,0,0,19.4733078099424,0,19.4264888186134,0,19.4733078099424,0,19.4264888186134,0,"normal","un",1000,500,0.5,0,0,0,1,FALSE,0,TRUE,FALSE,101,"leave-1",500,0.5,1e+05,TRUE,20
9.99999999999999,0,0,0,19.4733078099424,0,0,0,19.4733078099424,0,0,0,"normal","un",1000,500,0.5,0,0,0,1,FALSE,0,TRUE,FALSE,101,"leave-1",500,0.5,1e+05,TRUE,20
9.99999999999999,0,0,0,19.4733078099424,0,19.5119737181447,0,19.4733078099424,0,19.5119737181447,0,"normal","un",1000,500,0.5,0,0,0,1,FALSE,0,TRUE,FALSE,101,"leave-1",500,0.5,1e+05,TRUE,20
9.99999999999999,0,0,0,19.4733078099424,0,0,0,19.4733078099424,0,0,0,"normal","un",1000,500,0.5,0,0,0,1,FALSE,0,TRUE,FALSE,101,"leave-1",500,0.5,1e+05,TRUE,20
9.99999999999999,0,0,0,19.4733078099424,0,19.3816993685541,0,19.4733078099424,0,19.3816993685541,0,"normal","un",1000,500,0.5,0,0,0,1,FALSE,0,TRUE,FALSE,101,"leave-1",500,0.5,1e+05,TRUE,20
9.99999999999999,0,0,0,19.4733078099424,0,0,0,19.4733078099424,0,0,0,"normal","un",1000,500,0.5,0,0,0,1,FALSE,0,TRUE,FALSE,101,"leave-1",500,0.5,1e+05,TRUE,20
9.99999999999999,0,0,0,19.4733078099424,0,0,0,19.4733078099424,0,0,0,"normal","un",1000,500,0.5,0,0,0,1,FALSE,0,TRUE,FALSE,101,"leave-1",500,0.5,1e+05,TRUE,20
9.99999999999999,0,0,0,19.4733078099424,0,19.4977080090642,0,19.4733078099424,0,19.4977080090642,0,"normal","un",1000,500,0.5,0,0,0,1,FALSE,0,TRUE,FALSE,101,"leave-1",500,0.5,1e+05,TRUE,20
9.99999999999999,0,0,0,19.4733078099424,0,0,0,19.4733078099424,0,0,0,"normal","un",1000,500,0.5,0,0,0,1,FALSE,0,TRUE,FALSE,101,"leave-1",500,0.5,1e+05,TRUE,20
9.99999999999999,0,0,0,19.4733078099424,0,0,0,19.4733078099424,0,0,0,"normal","un",1000,500,0.5,0,0,0,1,FALSE,0,TRUE,FALSE,101,"leave-1",500,0.5,1e+05,TRUE,20
9.99999999999999,0,0,0,19.4733078099424,0,0,0,19.4733078099424,0,0,0,"normal","un",1000,500,0.5,0,0,0,1,FALSE,0,TRUE,FALSE,101,"leave-1",500,0.5,1e+05,TRUE,20
9.99999999999999,0,0,0,19.4733078099424,0,19.5004507660977,0,19.4733078099424,0,19.5004507660977,0,"normal","un",1000,500,0.5,0,0,0,1,FALSE,0,TRUE,FALSE,101,"leave-1",500,0.5,1e+05,TRUE,20
9.99999999999999,0,0,0,19.4733078099424,0,0,0,19.4733078099424,0,0,0,"normal","un",1000,500,0.5,0,0,0,1,FALSE,0,TRUE,FALSE,101,"leave-1",500,0.5,1e+05,TRUE,20
9.99999999999999,0,0,0,19.4733078099424,0,19.4768763474563,0,19.4733078099424,0,19.4768763474563,0,"normal","un",1000,500,0.5,0,0,0,1,FALSE,0,TRUE,FALSE,101,"leave-1",500,0.5,1e+05,TRUE,20
9.99999999999999,0,0,0,19.4733078099424,0,19.4699800281315,0,19.4733078099424,0,19.4699800281315,0,"normal","un",1000,500,0.5,0,0,0,1,FALSE,0,TRUE,FALSE,101,"leave-1",500,0.5,1e+05,TRUE,20
9.99999999999999,0,0,0,19.4733078099424,0,19.4918244565449,0,19.4733078099424,0,19.4918244565449,0,"normal","un",1000,500,0.5,0,0,0,1,FALSE,0,TRUE,FALSE,101,"leave-1",500,0.5,1e+05,TRUE,20
9.99999999999999,0,0,0,19.4733078099424,0,19.5015876560365,0,19.4733078099424,0,19.5015876560365,0,"normal","un",1000,500,0.5,0,0,0,1,FALSE,0,TRUE,FALSE,101,"leave-1",500,0.5,1e+05,TRUE,20
9.99999999999999,0,0,0,19.4733078099424,0,0,0,19.4733078099424,0,0,0,"normal","un",1000,500,0.5,0,0,0,1,FALSE,0,TRUE,FALSE,101,"leave-1",500,0.5,1e+05,TRUE,20
9.99999999999999,0,0,0,19.4733078099424,0,19.5121973747597,0,19.4733078099424,0,19.5121973747597,0,"normal","un",1000,500,0.5,0,0,0,1,FALSE,0,TRUE,FALSE,101,"leave-1",500,0.5,1e+05,TRUE,20
9.99999999999999,0,0,0,19.4733078099424,0,19.4961390631746,0,19.4733078099424,0,19.4961390631746,0,"normal","un",1000,500,0.5,0,0,0,1,FALSE,0,TRUE,FALSE,101,"leave-1",500,0.5,1e+05,TRUE,20
9.99999999999999,0,0,0,19.4733078099424,0,0,0,19.4733078099424,0,0,0,"normal","un",1000,500,0.5,0,0,0,1,FALSE,0,TRUE,FALSE,101,"leave-1",500,0.5,1e+05,TRUE,20
9.99999999999999,0,0,0,19.4733078099424,0,19.4965174970879,0,19.4733078099424,0,19.4965174970879,0,"normal","un",1000,500,0.5,0,0,0,1,FALSE,0,TRUE,FALSE,101,"leave-1",500,0.5,1e+05,TRUE,20
9.99999999999999,0,0,0,19.4733078099424,0,19.5121806882706,0,19.4733078099424,0,19.5121806882706,0,"normal","un",1000,500,0.5,0,0,0,1,FALSE,0,TRUE,FALSE,101,"leave-1",500,0.5,1e+05,TRUE,20
9.99999999999999,0,0,0,19.4733078099424,0,19.5098983352141,0,19.4733078099424,0,19.5098983352141,0,"normal","un",1000,500,0.5,0,0,0,1,FALSE,0,TRUE,FALSE,101,"leave-1",500,0.5,1e+05,TRUE,20
9.99999999999999,0,0,0,19.4733078099424,0,19.362534616795,0,19.4733078099424,0,19.362534616795,0,"normal","un",1000,500,0.5,0,0,0,1,FALSE,0,TRUE,FALSE,101,"leave-1",500,0.5,1e+05,TRUE,20
9.99999999999999,0,0,0,19.4733078099424,0,0,0,19.4733078099424,0,0,0,"normal","un",1000,500,0.5,0,0,0,1,FALSE,0,TRUE,FALSE,101,"leave-1",500,0.5,1e+05,TRUE,20
9.99999999999999,0,0,0,19.4733078099424,0,19.3590423785472,0,19.4733078099424,0,19.3590423785472,0,"normal","un",1000,500,0.5,0,0,0,1,FALSE,0,TRUE,FALSE,101,"leave-1",500,0.5,1e+05,TRUE,20
9.99999999999999,0,0,0,19.4733078099424,0,0,0,19.4733078099424,0,0,0,"normal","un",1000,500,0.5,0,0,0,1,FALSE,0,TRUE,FALSE,101,"leave-1",500,0.5,1e+05,TRUE,20
9.99999999999999,0,0,0,19.4733078099424,0,19.5092115905723,0,19.4733078099424,0,19.5092115905723,0,"normal","un",1000,500,0.5,0,0,0,1,FALSE,0,TRUE,FALSE,101,"leave-1",500,0.5,1e+05,TRUE,20
9.99999999999999,0,0,0,19.4733078099424,0,0,0,19.4733078099424,0,0,0,"normal","un",1000,500,0.5,0,0,0,1,FALSE,0,TRUE,FALSE,101,"leave-1",500,0.5,1e+05,TRUE,20
9.99999999999999,0,0,0,19.4733078099424,0,19.5105938063818,0,19.4733078099424,0,19.5105938063818,0,"normal","un",1000,500,0.5,0,0,0,1,FALSE,0,TRUE,FALSE,101,"leave-1",500,0.5,1e+05,TRUE,20
9.99999999999999,0,0,0,19.4733078099424,0,19.358312245108,0,19.4733078099424,0,19.358312245108,0,"normal","un",1000,500,0.5,0,0,0,1,FALSE,0,TRUE,FALSE,101,"leave-1",500,0.5,1e+05,TRUE,20
9.99999999999999,0,0,0,19.4733078099424,0,0,0,19.4733078099424,0,0,0,"normal","un",1000,500,0.5,0,0,0,1,FALSE,0,TRUE,FALSE,101,"leave-1",500,0.5,1e+05,TRUE,20
9.99999999999999,0,0,0,19.4733078099424,0,19.4708205338032,0,19.4733078099424,0,19.4708205338032,0,"normal","un",1000,500,0.5,0,0,0,1,FALSE,0,TRUE,FALSE,101,"leave-1",500,0.5,1e+05,TRUE,20
9.99999999999999,0,0,0,19.4733078099424,0,19.4630928954494,0,19.4733078099424,0,19.4630928954494,0,"normal","un",1000,500,0.5,0,0,0,1,FALSE,0,TRUE,FALSE,101,"leave-1",500,0.5,1e+05,TRUE,20
9.99999999999999,0,0,0,19.4733078099424,0,0,0,19.4733078099424,0,0,0,"normal","un",1000,500,0.5,0,0,0,1,FALSE,0,TRUE,FALSE,101,"leave-1",500,0.5,1e+05,TRUE,20
9.99999999999999,0,0,0,19.4733078099424,0,0,0,19.4733078099424,0,0,0,"normal","un",1000,500,0.5,0,0,0,1,FALSE,0,TRUE,FALSE,101,"leave-1",500,0.5,1e+05,TRUE,20
9.99999999999999,0,0,0,19.4733078099424,0,0,0,19.4733078099424,0,0,0,"normal","un",1000,500,0.5,0,0,0,1,FALSE,0,TRUE,FALSE,101,"leave-1",500,0.5,1e+05,TRUE,20
9.99999999999999,0,0,0,19.4733078099424,0,0,0,19.4733078099424,0,0,0,"normal","un",1000,500,0.5,0,0,0,1,FALSE,0,TRUE,FALSE,101,"leave-1",500,0.5,1e+05,TRUE,20
9.99999999999999,0,0,0,19.4733078099424,0,19.4009527706208,0,19.4733078099424,0,19.4009527706208,0,"normal","un",1000,500,0.5,0,0,0,1,FALSE,0,TRUE,FALSE,101,"leave-1",500,0.5,1e+05,TRUE,20
9.99999999999999,0,0,0,19.4733078099424,0,19.4693869397351,0,19.4733078099424,0,19.4693869397351,0,"normal","un",1000,500,0.5,0,0,0,1,FALSE,0,TRUE,FALSE,101,"leave-1",500,0.5,1e+05,TRUE,20
9.99999999999999,0,0,0,19.4733078099424,0,19.5074944933642,0,19.4733078099424,0,19.5074944933642,0,"normal","un",1000,500,0.5,0,0,0,1,FALSE,0,TRUE,FALSE,101,"leave-1",500,0.5,1e+05,TRUE,20
9.99999999999999,0,0,0,19.4733078099424,0,0,0,19.4733078099424,0,0,0,"normal","un",1000,500,0.5,0,0,0,1,FALSE,0,TRUE,FALSE,101,"leave-1",500,0.5,1e+05,TRUE,20
9.99999999999999,0,0,0,19.4733078099424,0,19.3951785678654,0,19.4733078099424,0,19.3951785678654,0,"normal","un",1000,500,0.5,0,0,0,1,FALSE,0,TRUE,FALSE,101,"leave-1",500,0.5,1e+05,TRUE,20
9.99999999999999,0,0,0,19.4733078099424,0,0,0,19.4733078099424,0,0,0,"normal","un",1000,500,0.5,0,0,0,1,FALSE,0,TRUE,FALSE,101,"leave-1",500,0.5,1e+05,TRUE,20
9.99999999999999,0,0,0,19.4733078099424,0,19.5110624367873,0,19.4733078099424,0,19.5110624367873,0,"normal","un",1000,500,0.5,0,0,0,1,FALSE,0,TRUE,FALSE,101,"leave-1",500,0.5,1e+05,TRUE,20
9.99999999999999,0,0,0,19.4733078099424,0,0,0,19.4733078099424,0,0,0,"normal","un",1000,500,0.5,0,0,0,1,FALSE,0,TRUE,FALSE,101,"leave-1",500,0.5,1e+05,TRUE,20
9.99999999999999,0,0,0,19.4733078099424,0,19.5089594626069,0,19.4733078099424,0,19.5089594626069,0,"normal","un",1000,500,0.5,0,0,0,1,FALSE,0,TRUE,FALSE,101,"leave-1",500,0.5,1e+05,TRUE,20
9.99999999999999,0,0,0,19.4733078099424,0,0,0,19.4733078099424,0,0,0,"normal","un",1000,500,0.5,0,0,0,1,FALSE,0,TRUE,FALSE,101,"leave-1",500,0.5,1e+05,TRUE,20
9.99999999999999,0,0,0,19.4733078099424,0,19.5119163813994,0,19.4733078099424,0,19.5119163813994,0,"normal","un",1000,500,0.5,0,0,0,1,FALSE,0,TRUE,FALSE,101,"leave-1",500,0.5,1e+05,TRUE,20
9.99999999999999,0,0,0,19.4733078099424,0,19.4396244908245,0,19.4733078099424,0,19.4396244908245,0,"normal","un",1000,500,0.5,0,0,0,1,FALSE,0,TRUE,FALSE,101,"leave-1",500,0.5,1e+05,TRUE,20
9.99999999999999,0,0,0,19.4733078099424,0,0,0,19.4733078099424,0,0,0,"normal","un",1000,500,0.5,0,0,0,1,FALSE,0,TRUE,FALSE,101,"leave-1",500,0.5,1e+05,TRUE,20
9.99999999999999,0,0,0,19.4733078099424,0,19.4926153500734,0,19.4733078099424,0,19.4926153500734,0,"normal","un",1000,500,0.5,0,0,0,1,FALSE,0,TRUE,FALSE,101,"leave-1",500,0.5,1e+05,TRUE,20
9.99999999999999,0,0,0,19.4733078099424,0,19.5044723831154,0,19.4733078099424,0,19.5044723831154,0,"normal","un",1000,500,0.5,0,0,0,1,FALSE,0,TRUE,FALSE,101,"leave-1",500,0.5,1e+05,TRUE,20
9.99999999999999,0,0,0,19.4733078099424,0,0,0,19.4733078099424,0,0,0,"normal","un",1000,500,0.5,0,0,0,1,FALSE,0,TRUE,FALSE,101,"leave-1",500,0.5,1e+05,TRUE,20
9.99999999999999,0,0,0,19.4733078099424,0,0,0,19.4733078099424,0,0,0,"normal","un",1000,500,0.5,0,0,0,1,FALSE,0,TRUE,FALSE,101,"leave-1",500,0.5,1e+05,TRUE,20
9.99999999999999,0,0,0,19.4733078099424,0,19.3957238409783,0,19.4733078099424,0,19.3957238409783,0,"normal","un",1000,500,0.5,0,0,0,1,FALSE,0,TRUE,FALSE,101,"leave-1",500,0.5,1e+05,TRUE,20
9.99999999999999,0,0,0,19.4733078099424,0,0,0,19.4733078099424,0,0,0,"normal","un",1000,500,0.5,0,0,0,1,FALSE,0,TRUE,FALSE,101,"leave-1",500,0.5,1e+05,TRUE,20
9.99999999999999,0,0,0,19.4733078099424,0,0,0,19.4733078099424,0,0,0,"normal","un",1000,500,0.5,0,0,0,1,FALSE,0,TRUE,FALSE,101,"leave-1",500,0.5,1e+05,TRUE,20
9.99999999999999,0,0,0,19.4733078099424,0,NA,NA,19.4733078099424,0,NA,NA,"normal","un",1000,500,0.5,0,0,0,1,FALSE,0,TRUE,FALSE,101,"leave-1",500,0.5,1e+05,TRUE,20
9.99999999999999,0,0,0,19.4733078099424,0,0,0,19.4733078099424,0,0,0,"normal","un",1000,500,0.5,0,0,0,1,FALSE,0,TRUE,FALSE,101,"leave-1",500,0.5,1e+05,TRUE,20
9.99999999999999,0,0,0,19.4733078099424,0,0,0,19.4733078099424,0,0,0,"normal","un",1000,500,0.5,0,0,0,1,FALSE,0,TRUE,FALSE,101,"leave-1",500,0.5,1e+05,TRUE,20
9.99999999999999,0,0,0,19.4733078099424,0,19.4689271727353,0,19.4733078099424,0,19.4689271727353,0,"normal","un",1000,500,0.5,0,0,0,1,FALSE,0,TRUE,FALSE,101,"leave-1",500,0.5,1e+05,TRUE,20
9.99999999999999,0,0,0,19.4733078099424,0,19.5097528871376,0,19.4733078099424,0,19.5097528871376,0,"normal","un",1000,500,0.5,0,0,0,1,FALSE,0,TRUE,FALSE,101,"leave-1",500,0.5,1e+05,TRUE,20
9.99999999999999,0,0,0,19.4733078099424,0,0,0,19.4733078099424,0,0,0,"normal","un",1000,500,0.5,0,0,0,1,FALSE,0,TRUE,FALSE,101,"leave-1",500,0.5,1e+05,TRUE,20
9.99999999999999,0,0,0,19.4733078099424,0,0,0,19.4733078099424,0,0,0,"normal","un",1000,500,0.5,0,0,0,1,FALSE,0,TRUE,FALSE,101,"leave-1",500,0.5,1e+05,TRUE,20
9.99999999999999,0,0,0,19.4733078099424,0,19.5051593667594,0,19.4733078099424,0,19.5051593667594,0,"normal","un",1000,500,0.5,0,0,0,1,FALSE,0,TRUE,FALSE,101,"leave-1",500,0.5,1e+05,TRUE,20
9.99999999999999,0,0,0,19.4733078099424,0,0,0,19.4733078099424,0,0,0,"normal","un",1000,500,0.5,0,0,0,1,FALSE,0,TRUE,FALSE,101,"leave-1",500,0.5,1e+05,TRUE,20
9.99999999999999,0,0,0,19.4733078099424,0,0,0,19.4733078099424,0,0,0,"normal","un",1000,500,0.5,0,0,0,1,FALSE,0,TRUE,FALSE,101,"leave-1",500,0.5,1e+05,TRUE,20
9.99999999999999,0,0,0,19.4733078099424,0,0,0,19.4733078099424,0,0,0,"normal","un",1000,500,0.5,0,0,0,1,FALSE,0,TRUE,FALSE,101,"leave-1",500,0.5,1e+05,TRUE,20
9.99999999999999,0,0,0,19.4733078099424,0,0,0,19.4733078099424,0,0,0,"normal","un",1000,500,0.5,0,0,0,1,FALSE,0,TRUE,FALSE,101,"leave-1",500,0.5,1e+05,TRUE,20
9.99999999999999,0,0,0,19.4733078099424,0,0,0,19.4733078099424,0,0,0,"normal","un",1000,500,0.5,0,0,0,1,FALSE,0,TRUE,FALSE,101,"leave-1",500,0.5,1e+05,TRUE,20
9.99999999999999,0,0,0,19.4733078099424,0,0,0,19.4733078099424,0,0,0,"normal","un",1000,500,0.5,0,0,0,1,FALSE,0,TRUE,FALSE,101,"leave-1",500,0.5,1e+05,TRUE,20
9.99999999999999,0,0,0,19.4733078099424,0,19.4682840735175,0,19.4733078099424,0,19.4682840735175,0,"normal","un",1000,500,0.5,0,0,0,1,FALSE,0,TRUE,FALSE,101,"leave-1",500,0.5,1e+05,TRUE,20
9.99999999999999,0,0,0,19.4733078099424,0,19.4802050821193,0,19.4733078099424,0,19.4802050821193,0,"normal","un",1000,500,0.5,0,0,0,1,FALSE,0,TRUE,FALSE,101,"leave-1",500,0.5,1e+05,TRUE,20
9.99999999999999,0,0,0,19.4733078099424,0,19.4429714456824,0,19.4733078099424,0,19.4429714456824,0,"normal","un",1000,500,0.5,0,0,0,1,FALSE,0,TRUE,FALSE,101,"leave-1",500,0.5,1e+05,TRUE,20
9.99999999999999,0,0,0,19.4733078099424,0,0,0,19.4733078099424,0,0,0,"normal","un",1000,500,0.5,0,0,0,1,FALSE,0,TRUE,FALSE,101,"leave-1",500,0.5,1e+05,TRUE,20
9.99999999999999,0,0,0,19.4733078099424,0,19.5121656555564,0,19.4733078099424,0,19.5121656555564,0,"normal","un",1000,500,0.5,0,0,0,1,FALSE,0,TRUE,FALSE,101,"leave-1",500,0.5,1e+05,TRUE,20
9.99999999999999,0,0,0,19.4733078099424,0,19.5094280811512,0,19.4733078099424,0,19.5094280811512,0,"normal","un",1000,500,0.5,0,0,0,1,FALSE,0,TRUE,FALSE,101,"leave-1",500,0.5,1e+05,TRUE,20
9.99999999999999,0,0,0,19.4733078099424,0,0,0,19.4733078099424,0,0,0,"normal","un",1000,500,0.5,0,0,0,1,FALSE,0,TRUE,FALSE,101,"leave-1",500,0.5,1e+05,TRUE,20
9.99999999999999,0,0,0,19.4733078099424,0,19.4582899252975,0,19.4733078099424,0,19.4582899252975,0,"normal","un",1000,500,0.5,0,0,0,1,FALSE,0,TRUE,FALSE,101,"leave-1",500,0.5,1e+05,TRUE,20
9.99999999999999,0,0,0,19.4733078099424,0,19.4635542511944,0,19.4733078099424,0,19.4635542511944,0,"normal","un",1000,500,0.5,0,0,0,1,FALSE,0,TRUE,FALSE,101,"leave-1",500,0.5,1e+05,TRUE,20
9.99999999999999,0,0,0,19.4733078099424,0,19.5080430903177,0,19.4733078099424,0,19.5080430903177,0,"normal","un",1000,500,0.5,0,0,0,1,FALSE,0,TRUE,FALSE,101,"leave-1",500,0.5,1e+05,TRUE,20
9.99999999999999,0,0,0,19.4733078099424,0,19.5123233693054,0,19.4733078099424,0,19.5123233693054,0,"normal","un",1000,500,0.5,0,0,0,1,FALSE,0,TRUE,FALSE,101,"leave-1",500,0.5,1e+05,TRUE,20
9.99999999999999,0,0,0,19.4733078099424,0,0,0,19.4733078099424,0,0,0,"normal","un",1000,500,0.5,0,0,0,1,FALSE,0,TRUE,FALSE,101,"leave-1",500,0.5,1e+05,TRUE,20
9.99999999999999,0,0,0,19.4733078099424,0,0,0,19.4733078099424,0,0,0,"normal","un",1000,500,0.5,0,0,0,1,FALSE,0,TRUE,FALSE,101,"leave-1",500,0.5,1e+05,TRUE,20
9.99999999999999,0,0,0,19.4733078099424,0,19.5077478572975,0,19.4733078099424,0,19.5077478572975,0,"normal","un",1000,500,0.5,0,0,0,1,FALSE,0,TRUE,FALSE,101,"leave-1",500,0.5,1e+05,TRUE,20
9.99999999999999,0,0,0,19.4733078099424,0,19.4527054829462,0,19.4733078099424,0,19.4527054829462,0,"normal","un",1000,500,0.5,0,0,0,1,FALSE,0,TRUE,FALSE,101,"leave-1",500,0.5,1e+05,TRUE,20
9.99999999999999,0,0,0,19.4733078099424,0,19.338988113938,0,19.4733078099424,0,19.338988113938,0,"normal","un",1000,500,0.5,0,0,0,1,FALSE,0,TRUE,FALSE,101,"leave-1",500,0.5,1e+05,TRUE,20
9.99999999999999,0,0,0,19.4733078099424,0,19.5117413014933,0,19.4733078099424,0,19.5117413014933,0,"normal","un",1000,500,0.5,0,0,0,1,FALSE,0,TRUE,FALSE,101,"leave-1",500,0.5,1e+05,TRUE,20
9.99999999999999,0,0,0,19.4733078099424,0,19.5098492343622,0,19.4733078099424,0,19.5098492343622,0,"normal","un",1000,500,0.5,0,0,0,1,FALSE,0,TRUE,FALSE,101,"leave-1",500,0.5,1e+05,TRUE,20
9.99999999999999,0,0,0,19.4733078099424,0,0,0,19.4733078099424,0,0,0,"normal","un",1000,500,0.5,0,0,0,1,FALSE,0,TRUE,FALSE,101,"leave-1",500,0.5,1e+05,TRUE,20
9.99999999999999,0,0,0,19.4733078099424,0,19.5112557424457,0,19.4733078099424,0,19.5112557424457,0,"normal","un",1000,500,0.5,0,0,0,1,FALSE,0,TRUE,FALSE,101,"leave-1",500,0.5,1e+05,TRUE,20
9.99999999999999,0,0,0,19.4733078099424,0,19.5118455535239,0,19.4733078099424,0,19.5118455535239,0,"normal","un",1000,500,0.5,0,0,0,1,FALSE,0,TRUE,FALSE,101,"leave-1",500,0.5,1e+05,TRUE,20
9.99999999999999,0,0,0,19.4733078099424,0,0,0,19.4733078099424,0,0,0,"normal","un",1000,500,0.5,0,0,0,1,FALSE,0,TRUE,FALSE,101,"leave-1",500,0.5,1e+05,TRUE,20
9.99999999999999,0,0,0,19.4733078099424,0,0,0,19.4733078099424,0,0,0,"normal","un",1000,500,0.5,0,0,0,1,FALSE,0,TRUE,FALSE,101,"leave-1",500,0.5,1e+05,TRUE,20
9.99999999999999,0,0,0,19.4733078099424,0,0,0,19.4733078099424,0,0,0,"normal","un",1000,500,0.5,0,0,0,1,FALSE,0,TRUE,FALSE,101,"leave-1",500,0.5,1e+05,TRUE,20
9.99999999999999,0,0,0,19.4733078099424,0,0,0,19.4733078099424,0,0,0,"normal","un",1000,500,0.5,0,0,0,1,FALSE,0,TRUE,FALSE,101,"leave-1",500,0.5,1e+05,TRUE,20
9.99999999999999,0,0,0,19.4733078099424,0,0,0,19.4733078099424,0,0,0,"normal","un",1000,500,0.5,0,0,0,1,FALSE,0,TRUE,FALSE,101,"leave-1",500,0.5,1e+05,TRUE,20
9.99999999999999,0,0,0,19.4733078099424,0,19.5070823398324,0,19.4733078099424,0,19.5070823398324,0,"normal","un",1000,500,0.5,0,0,0,1,FALSE,0,TRUE,FALSE,101,"leave-1",500,0.5,1e+05,TRUE,20
9.99999999999999,0,0,0,19.4733078099424,0,0,0,19.4733078099424,0,0,0,"normal","un",1000,500,0.5,0,0,0,1,FALSE,0,TRUE,FALSE,101,"leave-1",500,0.5,1e+05,TRUE,20
9.99999999999999,0,0,0,19.4733078099424,0,0,0,19.4733078099424,0,0,0,"normal","un",1000,500,0.5,0,0,0,1,FALSE,0,TRUE,FALSE,101,"leave-1",500,0.5,1e+05,TRUE,20
9.99999999999999,0,0,0,19.4733078099424,0,0,0,19.4733078099424,0,0,0,"normal","un",1000,500,0.5,0,0,0,1,FALSE,0,TRUE,FALSE,101,"leave-1",500,0.5,1e+05,TRUE,20
9.99999999999999,0,0,0,19.4733078099424,0,19.4760733223734,0,19.4733078099424,0,19.4760733223734,0,"normal","un",1000,500,0.5,0,0,0,1,FALSE,0,TRUE,FALSE,101,"leave-1",500,0.5,1e+05,TRUE,20
9.99999999999999,0,0,0,19.4733078099424,0,0,0,19.4733078099424,0,0,0,"normal","un",1000,500,0.5,0,0,0,1,FALSE,0,TRUE,FALSE,101,"leave-1",500,0.5,1e+05,TRUE,20
9.99999999999999,0,0,0,19.4733078099424,0,19.5124804670693,0,19.4733078099424,0,19.5124804670693,0,"normal","un",1000,500,0.5,0,0,0,1,FALSE,0,TRUE,FALSE,101,"leave-1",500,0.5,1e+05,TRUE,20
9.99999999999999,0,0,0,19.4733078099424,0,0,0,19.4733078099424,0,0,0,"normal","un",1000,500,0.5,0,0,0,1,FALSE,0,TRUE,FALSE,101,"leave-1",500,0.5,1e+05,TRUE,20
9.99999999999999,0,0,0,19.4733078099424,0,19.5053146149044,0,19.4733078099424,0,19.5053146149044,0,"normal","un",1000,500,0.5,0,0,0,1,FALSE,0,TRUE,FALSE,101,"leave-1",500,0.5,1e+05,TRUE,20
9.99999999999999,0,0,0,19.4733078099424,0,0,0,19.4733078099424,0,0,0,"normal","un",1000,500,0.5,0,0,0,1,FALSE,0,TRUE,FALSE,101,"leave-1",500,0.5,1e+05,TRUE,20
9.99999999999999,0,0,0,19.4733078099424,0,19.511775851376,0,19.4733078099424,0,19.511775851376,0,"normal","un",1000,500,0.5,0,0,0,1,FALSE,0,TRUE,FALSE,101,"leave-1",500,0.5,1e+05,TRUE,20
9.99999999999999,0,0,0,19.4733078099424,0,19.4371421043153,0,19.4733078099424,0,19.4371421043153,0,"normal","un",1000,500,0.5,0,0,0,1,FALSE,0,TRUE,FALSE,101,"leave-1",500,0.5,1e+05,TRUE,20
9.99999999999999,0,0,0,19.4733078099424,0,19.5109846356373,0,19.4733078099424,0,19.5109846356373,0,"normal","un",1000,500,0.5,0,0,0,1,FALSE,0,TRUE,FALSE,101,"leave-1",500,0.5,1e+05,TRUE,20
9.99999999999999,0,0,0,19.4733078099424,0,0,0,19.4733078099424,0,0,0,"normal","un",1000,500,0.5,0,0,0,1,FALSE,0,TRUE,FALSE,101,"leave-1",500,0.5,1e+05,TRUE,20
9.99999999999999,0,0,0,19.4733078099424,0,0,0,19.4733078099424,0,0,0,"normal","un",1000,500,0.5,0,0,0,1,FALSE,0,TRUE,FALSE,101,"leave-1",500,0.5,1e+05,TRUE,20
9.99999999999999,0,0,0,19.4733078099424,0,19.4668846348693,0,19.4733078099424,0,19.4668846348693,0,"normal","un",1000,500,0.5,0,0,0,1,FALSE,0,TRUE,FALSE,101,"leave-1",500,0.5,1e+05,TRUE,20
9.99999999999999,0,0,0,19.4733078099424,0,19.4988136196606,0,19.4733078099424,0,19.4988136196606,0,"normal","un",1000,500,0.5,0,0,0,1,FALSE,0,TRUE,FALSE,101,"leave-1",500,0.5,1e+05,TRUE,20
9.99999999999999,0,0,0,19.4733078099424,0,19.4114707460596,0,19.4733078099424,0,19.4114707460596,0,"normal","un",1000,500,0.5,0,0,0,1,FALSE,0,TRUE,FALSE,101,"leave-1",500,0.5,1e+05,TRUE,20
9.99999999999999,0,0,0,19.4733078099424,0,19.5123797154454,0,19.4733078099424,0,19.5123797154454,0,"normal","un",1000,500,0.5,0,0,0,1,FALSE,0,TRUE,FALSE,101,"leave-1",500,0.5,1e+05,TRUE,20
9.99999999999999,0,0,0,19.4733078099424,0,0,0,19.4733078099424,0,0,0,"normal","un",1000,500,0.5,0,0,0,1,FALSE,0,TRUE,FALSE,101,"leave-1",500,0.5,1e+05,TRUE,20
9.99999999999999,0,0,0,19.4733078099424,0,0,0,19.4733078099424,0,0,0,"normal","un",1000,500,0.5,0,0,0,1,FALSE,0,TRUE,FALSE,101,"leave-1",500,0.5,1e+05,TRUE,20
9.99999999999999,0,0,0,19.4733078099424,0,19.4841642948264,0,19.4733078099424,0,19.4841642948264,0,"normal","un",1000,500,0.5,0,0,0,1,FALSE,0,TRUE,FALSE,101,"leave-1",500,0.5,1e+05,TRUE,20
9.99999999999999,0,0,0,19.4733078099424,0,0,0,19.4733078099424,0,0,0,"normal","un",1000,500,0.5,0,0,0,1,FALSE,0,TRUE,FALSE,101,"leave-1",500,0.5,1e+05,TRUE,20
9.99999999999999,0,0,0,19.4733078099424,0,0,0,19.4733078099424,0,0,0,"normal","un",1000,500,0.5,0,0,0,1,FALSE,0,TRUE,FALSE,101,"leave-1",500,0.5,1e+05,TRUE,20
9.99999999999999,0,0,0,19.4733078099424,0,19.5108289590366,0,19.4733078099424,0,19.5108289590366,0,"normal","un",1000,500,0.5,0,0,0,1,FALSE,0,TRUE,FALSE,101,"leave-1",500,0.5,1e+05,TRUE,20
9.99999999999999,0,0,0,19.4733078099424,0,0,0,19.4733078099424,0,0,0,"normal","un",1000,500,0.5,0,0,0,1,FALSE,0,TRUE,FALSE,101,"leave-1",500,0.5,1e+05,TRUE,20
9.99999999999999,0,0,0,19.4733078099424,0,19.4940405103294,0,19.4733078099424,0,19.4940405103294,0,"normal","un",1000,500,0.5,0,0,0,1,FALSE,0,TRUE,FALSE,101,"leave-1",500,0.5,1e+05,TRUE,20
9.99999999999999,0,0,0,19.4733078099424,0,19.5110165955072,0,19.4733078099424,0,19.5110165955072,0,"normal","un",1000,500,0.5,0,0,0,1,FALSE,0,TRUE,FALSE,101,"leave-1",500,0.5,1e+05,TRUE,20
9.99999999999999,0,0,0,19.4733078099424,0,19.5108674640899,0,19.4733078099424,0,19.5108674640899,0,"normal","un",1000,500,0.5,0,0,0,1,FALSE,0,TRUE,FALSE,101,"leave-1",500,0.5,1e+05,TRUE,20
9.99999999999999,0,0,0,19.4733078099424,0,0,0,19.4733078099424,0,0,0,"normal","un",1000,500,0.5,0,0,0,1,FALSE,0,TRUE,FALSE,101,"leave-1",500,0.5,1e+05,TRUE,20
9.99999999999999,0,0,0,19.4733078099424,0,19.3920946178998,0,19.4733078099424,0,19.3920946178998,0,"normal","un",1000,500,0.5,0,0,0,1,FALSE,0,TRUE,FALSE,101,"leave-1",500,0.5,1e+05,TRUE,20
9.99999999999999,0,0,0,19.4733078099424,0,19.4822398399214,0,19.4733078099424,0,19.4822398399214,0,"normal","un",1000,500,0.5,0,0,0,1,FALSE,0,TRUE,FALSE,101,"leave-1",500,0.5,1e+05,TRUE,20
9.99999999999999,0,0,0,19.4733078099424,0,19.4576030871429,0,19.4733078099424,0,19.4576030871429,0,"normal","un",1000,500,0.5,0,0,0,1,FALSE,0,TRUE,FALSE,101,"leave-1",500,0.5,1e+05,TRUE,20
9.99999999999999,0,0,0,19.4733078099424,0,0,0,19.4733078099424,0,0,0,"normal","un",1000,500,0.5,0,0,0,1,FALSE,0,TRUE,FALSE,101,"leave-1",500,0.5,1e+05,TRUE,20
9.99999999999999,0,0,0,19.4733078099424,0,0,0,19.4733078099424,0,0,0,"normal","un",1000,500,0.5,0,0,0,1,FALSE,0,TRUE,FALSE,101,"leave-1",500,0.5,1e+05,TRUE,20
9.99999999999999,0,0,0,19.4733078099424,0,19.5092050751447,0,19.4733078099424,0,19.5092050751447,0,"normal","un",1000,500,0.5,0,0,0,1,FALSE,0,TRUE,FALSE,101,"leave-1",500,0.5,1e+05,TRUE,20
9.99999999999999,0,0,0,19.4733078099424,0,19.4703924613979,0,19.4733078099424,0,19.4703924613979,0,"normal","un",1000,500,0.5,0,0,0,1,FALSE,0,TRUE,FALSE,101,"leave-1",500,0.5,1e+05,TRUE,20
9.99999999999999,0,0,0,19.4733078099424,0,19.4590359412048,0,19.4733078099424,0,19.4590359412048,0,"normal","un",1000,500,0.5,0,0,0,1,FALSE,0,TRUE,FALSE,101,"leave-1",500,0.5,1e+05,TRUE,20
9.99999999999999,0,0,0,19.4733078099424,0,19.4414496623518,0,19.4733078099424,0,19.4414496623518,0,"normal","un",1000,500,0.5,0,0,0,1,FALSE,0,TRUE,FALSE,101,"leave-1",500,0.5,1e+05,TRUE,20
9.99999999999999,0,0,0,19.4733078099424,0,0,0,19.4733078099424,0,0,0,"normal","un",1000,500,0.5,0,0,0,1,FALSE,0,TRUE,FALSE,101,"leave-1",500,0.5,1e+05,TRUE,20
9.99999999999999,0,0,0,19.4733078099424,0,0,0,19.4733078099424,0,0,0,"normal","un",1000,500,0.5,0,0,0,1,FALSE,0,TRUE,FALSE,101,"leave-1",500,0.5,1e+05,TRUE,20
9.99999999999999,0,0,0,19.4733078099424,0,19.5059929861267,0,19.4733078099424,0,19.5059929861267,0,"normal","un",1000,500,0.5,0,0,0,1,FALSE,0,TRUE,FALSE,101,"leave-1",500,0.5,1e+05,TRUE,20
9.99999999999999,0,0,0,19.4733078099424,0,19.4434987266343,0,19.4733078099424,0,19.4434987266343,0,"normal","un",1000,500,0.5,0,0,0,1,FALSE,0,TRUE,FALSE,101,"leave-1",500,0.5,1e+05,TRUE,20
9.99999999999999,0,0,0,19.4733078099424,0,19.5122362183908,0,19.4733078099424,0,19.5122362183908,0,"normal","un",1000,500,0.5,0,0,0,1,FALSE,0,TRUE,FALSE,101,"leave-1",500,0.5,1e+05,TRUE,20
9.99999999999999,0,0,0,19.4733078099424,0,19.51241455431,0,19.4733078099424,0,19.51241455431,0,"normal","un",1000,500,0.5,0,0,0,1,FALSE,0,TRUE,FALSE,101,"leave-1",500,0.5,1e+05,TRUE,20
9.99999999999999,0,0,0,19.4733078099424,0,0,0,19.4733078099424,0,0,0,"normal","un",1000,500,0.5,0,0,0,1,FALSE,0,TRUE,FALSE,101,"leave-1",500,0.5,1e+05,TRUE,20
9.99999999999999,0,0,0,19.4733078099424,0,19.5124683017395,0,19.4733078099424,0,19.5124683017395,0,"normal","un",1000,500,0.5,0,0,0,1,FALSE,0,TRUE,FALSE,101,"leave-1",500,0.5,1e+05,TRUE,20
9.99999999999999,0,0,0,19.4733078099424,0,0,0,19.4733078099424,0,0,0,"normal","un",1000,500,0.5,0,0,0,1,FALSE,0,TRUE,FALSE,101,"leave-1",500,0.5,1e+05,TRUE,20
9.99999999999999,0,0,0,19.4733078099424,0,0,0,19.4733078099424,0,0,0,"normal","un",1000,500,0.5,0,0,0,1,FALSE,0,TRUE,FALSE,101,"leave-1",500,0.5,1e+05,TRUE,20
9.99999999999999,0,0,0,19.4733078099424,0,0,0,19.4733078099424,0,0,0,"normal","un",1000,500,0.5,0,0,0,1,FALSE,0,TRUE,FALSE,101,"leave-1",500,0.5,1e+05,TRUE,20
9.99999999999999,0,0,0,19.4733078099424,0,0,0,19.4733078099424,0,0,0,"normal","un",1000,500,0.5,0,0,0,1,FALSE,0,TRUE,FALSE,101,"leave-1",500,0.5,1e+05,TRUE,20
9.99999999999999,0,0,0,19.4733078099424,0,19.5116450307527,0,19.4733078099424,0,19.5116450307527,0,"normal","un",1000,500,0.5,0,0,0,1,FALSE,0,TRUE,FALSE,101,"leave-1",500,0.5,1e+05,TRUE,20
9.99999999999999,0,0,0,19.4733078099424,0,0,0,19.4733078099424,0,0,0,"normal","un",1000,500,0.5,0,0,0,1,FALSE,0,TRUE,FALSE,101,"leave-1",500,0.5,1e+05,TRUE,20
9.99999999999999,0,0,0,19.4733078099424,0,19.448178324168,0,19.4733078099424,0,19.448178324168,0,"normal","un",1000,500,0.5,0,0,0,1,FALSE,0,TRUE,FALSE,101,"leave-1",500,0.5,1e+05,TRUE,20
9.99999999999999,0,0,0,19.4733078099424,0,0,0,19.4733078099424,0,0,0,"normal","un",1000,500,0.5,0,0,0,1,FALSE,0,TRUE,FALSE,101,"leave-1",500,0.5,1e+05,TRUE,20
9.99999999999999,0,0,0,19.4733078099424,0,0,0,19.4733078099424,0,0,0,"normal","un",1000,500,0.5,0,0,0,1,FALSE,0,TRUE,FALSE,101,"leave-1",500,0.5,1e+05,TRUE,20
9.99999999999999,0,0,0,19.4733078099424,0,0,0,19.4733078099424,0,0,0,"normal","un",1000,500,0.5,0,0,0,1,FALSE,0,TRUE,FALSE,101,"leave-1",500,0.5,1e+05,TRUE,20
9.99999999999999,0,0,0,19.4733078099424,0,19.4543362417518,0,19.4733078099424,0,19.4543362417518,0,"normal","un",1000,500,0.5,0,0,0,1,FALSE,0,TRUE,FALSE,101,"leave-1",500,0.5,1e+05,TRUE,20
9.99999999999999,0,0,0,19.4733078099424,0,19.35061368604,0,19.4733078099424,0,19.35061368604,0,"normal","un",1000,500,0.5,0,0,0,1,FALSE,0,TRUE,FALSE,101,"leave-1",500,0.5,1e+05,TRUE,20
9.99999999999999,0,0,0,19.4733078099424,0,19.5068982443568,0,19.4733078099424,0,19.5068982443568,0,"normal","un",1000,500,0.5,0,0,0,1,FALSE,0,TRUE,FALSE,101,"leave-1",500,0.5,1e+05,TRUE,20
9.99999999999999,0,0,0,19.4733078099424,0,0,0,19.4733078099424,0,0,0,"normal","un",1000,500,0.5,0,0,0,1,FALSE,0,TRUE,FALSE,101,"leave-1",500,0.5,1e+05,TRUE,20
9.99999999999999,0,0,0,19.4733078099424,0,0,0,19.4733078099424,0,0,0,"normal","un",1000,500,0.5,0,0,0,1,FALSE,0,TRUE,FALSE,101,"leave-1",500,0.5,1e+05,TRUE,20
9.99999999999999,0,0,0,19.4733078099424,0,19.5069393986812,0,19.4733078099424,0,19.5069393986812,0,"normal","un",1000,500,0.5,0,0,0,1,FALSE,0,TRUE,FALSE,101,"leave-1",500,0.5,1e+05,TRUE,20
9.99999999999999,0,0,0,19.4733078099424,0,0,0,19.4733078099424,0,0,0,"normal","un",1000,500,0.5,0,0,0,1,FALSE,0,TRUE,FALSE,101,"leave-1",500,0.5,1e+05,TRUE,20
9.99999999999999,0,0,0,19.4733078099424,0,19.5115458430917,0,19.4733078099424,0,19.5115458430917,0,"normal","un",1000,500,0.5,0,0,0,1,FALSE,0,TRUE,FALSE,101,"leave-1",500,0.5,1e+05,TRUE,20
9.99999999999999,0,0,0,19.4733078099424,0,19.4513798187728,0,19.4733078099424,0,19.4513798187728,0,"normal","un",1000,500,0.5,0,0,0,1,FALSE,0,TRUE,FALSE,101,"leave-1",500,0.5,1e+05,TRUE,20
9.99999999999999,0,0,0,19.4733078099424,0,19.4831574425478,0,19.4733078099424,0,19.4831574425478,0,"normal","un",1000,500,0.5,0,0,0,1,FALSE,0,TRUE,FALSE,101,"leave-1",500,0.5,1e+05,TRUE,20
9.99999999999999,0,0,0,19.4733078099424,0,0,0,19.4733078099424,0,0,0,"normal","un",1000,500,0.5,0,0,0,1,FALSE,0,TRUE,FALSE,101,"leave-1",500,0.5,1e+05,TRUE,20
9.99999999999999,0,0,0,19.4733078099424,0,19.5007495801368,0,19.4733078099424,0,19.5007495801368,0,"normal","un",1000,500,0.5,0,0,0,1,FALSE,0,TRUE,FALSE,101,"leave-1",500,0.5,1e+05,TRUE,20
9.99999999999999,0,0,0,19.4733078099424,0,0,0,19.4733078099424,0,0,0,"normal","un",1000,500,0.5,0,0,0,1,FALSE,0,TRUE,FALSE,101,"leave-1",500,0.5,1e+05,TRUE,20
9.99999999999999,0,0,0,19.4733078099424,0,0,0,19.4733078099424,0,0,0,"normal","un",1000,500,0.5,0,0,0,1,FALSE,0,TRUE,FALSE,101,"leave-1",500,0.5,1e+05,TRUE,20
9.99999999999999,0,0,0,19.4733078099424,0,19.5029931829698,0,19.4733078099424,0,19.5029931829698,0,"normal","un",1000,500,0.5,0,0,0,1,FALSE,0,TRUE,FALSE,101,"leave-1",500,0.5,1e+05,TRUE,20
9.99999999999999,0,0,0,19.4733078099424,0,0,0,19.4733078099424,0,0,0,"normal","un",1000,500,0.5,0,0,0,1,FALSE,0,TRUE,FALSE,101,"leave-1",500,0.5,1e+05,TRUE,20
9.99999999999999,0,0,0,19.4733078099424,0,19.5077064646536,0,19.4733078099424,0,19.5077064646536,0,"normal","un",1000,500,0.5,0,0,0,1,FALSE,0,TRUE,FALSE,101,"leave-1",500,0.5,1e+05,TRUE,20
9.99999999999999,0,0,0,19.4733078099424,0,19.4336847912003,0,19.4733078099424,0,19.4336847912003,0,"normal","un",1000,500,0.5,0,0,0,1,FALSE,0,TRUE,FALSE,101,"leave-1",500,0.5,1e+05,TRUE,20
9.99999999999999,0,0,0,19.4733078099424,0,0,0,19.4733078099424,0,0,0,"normal","un",1000,500,0.5,0,0,0,1,FALSE,0,TRUE,FALSE,101,"leave-1",500,0.5,1e+05,TRUE,20
9.99999999999999,0,0,0,19.4733078099424,0,0,0,19.4733078099424,0,0,0,"normal","un",1000,500,0.5,0,0,0,1,FALSE,0,TRUE,FALSE,101,"leave-1",500,0.5,1e+05,TRUE,20
9.99999999999999,0,0,0,19.4733078099424,0,0,0,19.4733078099424,0,0,0,"normal","un",1000,500,0.5,0,0,0,1,FALSE,0,TRUE,FALSE,101,"leave-1",500,0.5,1e+05,TRUE,20
9.99999999999999,0,0,0,19.4733078099424,0,0,0,19.4733078099424,0,0,0,"normal","un",1000,500,0.5,0,0,0,1,FALSE,0,TRUE,FALSE,101,"leave-1",500,0.5,1e+05,TRUE,20
9.99999999999999,0,0,0,19.4733078099424,0,19.4183301644681,0,19.4733078099424,0,19.4183301644681,0,"normal","un",1000,500,0.5,0,0,0,1,FALSE,0,TRUE,FALSE,101,"leave-1",500,0.5,1e+05,TRUE,20
9.99999999999999,0,0,0,19.4733078099424,0,19.3173549619678,0,19.4733078099424,0,19.3173549619678,0,"normal","un",1000,500,0.5,0,0,0,1,FALSE,0,TRUE,FALSE,101,"leave-1",500,0.5,1e+05,TRUE,20
9.99999999999999,0,0,0,19.4733078099424,0,19.5108492497661,0,19.4733078099424,0,19.5108492497661,0,"normal","un",1000,500,0.5,0,0,0,1,FALSE,0,TRUE,FALSE,101,"leave-1",500,0.5,1e+05,TRUE,20
9.99999999999999,0,0,0,19.4733078099424,0,0,0,19.4733078099424,0,0,0,"normal","un",1000,500,0.5,0,0,0,1,FALSE,0,TRUE,FALSE,101,"leave-1",500,0.5,1e+05,TRUE,20
9.99999999999999,0,0,0,19.4733078099424,0,19.4843023367233,0,19.4733078099424,0,19.4843023367233,0,"normal","un",1000,500,0.5,0,0,0,1,FALSE,0,TRUE,FALSE,101,"leave-1",500,0.5,1e+05,TRUE,20
9.99999999999999,0,0,0,19.4733078099424,0,19.4744891380125,0,19.4733078099424,0,19.4744891380125,0,"normal","un",1000,500,0.5,0,0,0,1,FALSE,0,TRUE,FALSE,101,"leave-1",500,0.5,1e+05,TRUE,20
9.99999999999999,0,0,0,19.4733078099424,0,19.478357228582,0,19.4733078099424,0,19.478357228582,0,"normal","un",1000,500,0.5,0,0,0,1,FALSE,0,TRUE,FALSE,101,"leave-1",500,0.5,1e+05,TRUE,20
9.99999999999999,0,0,0,19.4733078099424,0,0,0,19.4733078099424,0,0,0,"normal","un",1000,500,0.5,0,0,0,1,FALSE,0,TRUE,FALSE,101,"leave-1",500,0.5,1e+05,TRUE,20
9.99999999999999,0,0,0,19.4733078099424,0,19.5056909866956,0,19.4733078099424,0,19.5056909866956,0,"normal","un",1000,500,0.5,0,0,0,1,FALSE,0,TRUE,FALSE,101,"leave-1",500,0.5,1e+05,TRUE,20
9.99999999999999,0,0,0,19.4733078099424,0,19.5110198126492,0,19.4733078099424,0,19.5110198126492,0,"normal","un",1000,500,0.5,0,0,0,1,FALSE,0,TRUE,FALSE,101,"leave-1",500,0.5,1e+05,TRUE,20
9.99999999999999,0,0,0,19.4733078099424,0,0,0,19.4733078099424,0,0,0,"normal","un",1000,500,0.5,0,0,0,1,FALSE,0,TRUE,FALSE,101,"leave-1",500,0.5,1e+05,TRUE,20
9.99999999999999,0,0,0,19.4733078099424,0,0,0,19.4733078099424,0,0,0,"normal","un",1000,500,0.5,0,0,0,1,FALSE,0,TRUE,FALSE,101,"leave-1",500,0.5,1e+05,TRUE,20
9.99999999999999,0,0,0,19.4733078099424,0,0,0,19.4733078099424,0,0,0,"normal","un",1000,500,0.5,0,0,0,1,FALSE,0,TRUE,FALSE,101,"leave-1",500,0.5,1e+05,TRUE,20
9.99999999999999,0,0,0,19.4733078099424,0,19.512328181912,0,19.4733078099424,0,19.512328181912,0,"normal","un",1000,500,0.5,0,0,0,1,FALSE,0,TRUE,FALSE,101,"leave-1",500,0.5,1e+05,TRUE,20
9.99999999999999,0,0,0,19.4733078099424,0,19.5121668743109,0,19.4733078099424,0,19.5121668743109,0,"normal","un",1000,500,0.5,0,0,0,1,FALSE,0,TRUE,FALSE,101,"leave-1",500,0.5,1e+05,TRUE,20
9.99999999999999,0,0,0,19.4733078099424,0,19.4918597764332,0,19.4733078099424,0,19.4918597764332,0,"normal","un",1000,500,0.5,0,0,0,1,FALSE,0,TRUE,FALSE,101,"leave-1",500,0.5,1e+05,TRUE,20
9.99999999999999,0,0,0,19.4733078099424,0,19.4240637364413,0,19.4733078099424,0,19.4240637364413,0,"normal","un",1000,500,0.5,0,0,0,1,FALSE,0,TRUE,FALSE,101,"leave-1",500,0.5,1e+05,TRUE,20
9.99999999999999,0,0,0,19.4733078099424,0,0,0,19.4733078099424,0,0,0,"normal","un",1000,500,0.5,0,0,0,1,FALSE,0,TRUE,FALSE,101,"leave-1",500,0.5,1e+05,TRUE,20
9.99999999999999,0,0,0,19.4733078099424,0,19.5124432576844,0,19.4733078099424,0,19.5124432576844,0,"normal","un",1000,500,0.5,0,0,0,1,FALSE,0,TRUE,FALSE,101,"leave-1",500,0.5,1e+05,TRUE,20
9.99999999999999,0,0,0,19.4733078099424,0,19.5095557298389,0,19.4733078099424,0,19.5095557298389,0,"normal","un",1000,500,0.5,0,0,0,1,FALSE,0,TRUE,FALSE,101,"leave-1",500,0.5,1e+05,TRUE,20
9.99999999999999,0,0,0,19.4733078099424,0,19.4804144907478,0,19.4733078099424,0,19.4804144907478,0,"normal","un",1000,500,0.5,0,0,0,1,FALSE,0,TRUE,FALSE,101,"leave-1",500,0.5,1e+05,TRUE,20
9.99999999999999,0,0,0,19.4733078099424,0,0,0,19.4733078099424,0,0,0,"normal","un",1000,500,0.5,0,0,0,1,FALSE,0,TRUE,FALSE,101,"leave-1",500,0.5,1e+05,TRUE,20
9.99999999999999,0,0,0,19.4733078099424,0,0,0,19.4733078099424,0,0,0,"normal","un",1000,500,0.5,0,0,0,1,FALSE,0,TRUE,FALSE,101,"leave-1",500,0.5,1e+05,TRUE,20
9.99999999999999,0,0,0,19.4733078099424,0,NA,NA,19.4733078099424,0,NA,NA,"normal","un",1000,500,0.5,0,0,0,1,FALSE,0,TRUE,FALSE,101,"leave-1",500,0.5,1e+05,TRUE,20
9.99999999999999,0,0,0,19.4733078099424,0,19.4038694046054,0,19.4733078099424,0,19.4038694046054,0,"normal","un",1000,500,0.5,0,0,0,1,FALSE,0,TRUE,FALSE,101,"leave-1",500,0.5,1e+05,TRUE,20
9.99999999999999,0,0,0,19.4733078099424,0,19.5074040083817,0,19.4733078099424,0,19.5074040083817,0,"normal","un",1000,500,0.5,0,0,0,1,FALSE,0,TRUE,FALSE,101,"leave-1",500,0.5,1e+05,TRUE,20
9.99999999999999,0,0,0,19.4733078099424,0,0,0,19.4733078099424,0,0,0,"normal","un",1000,500,0.5,0,0,0,1,FALSE,0,TRUE,FALSE,101,"leave-1",500,0.5,1e+05,TRUE,20
9.99999999999999,0,0,0,19.4733078099424,0,19.4806488952584,0,19.4733078099424,0,19.4806488952584,0,"normal","un",1000,500,0.5,0,0,0,1,FALSE,0,TRUE,FALSE,101,"leave-1",500,0.5,1e+05,TRUE,20
9.99999999999999,0,0,0,19.4733078099424,0,0,0,19.4733078099424,0,0,0,"normal","un",1000,500,0.5,0,0,0,1,FALSE,0,TRUE,FALSE,101,"leave-1",500,0.5,1e+05,TRUE,20
9.99999999999999,0,0,0,19.4733078099424,0,19.4787119423219,0,19.4733078099424,0,19.4787119423219,0,"normal","un",1000,500,0.5,0,0,0,1,FALSE,0,TRUE,FALSE,101,"leave-1",500,0.5,1e+05,TRUE,20
9.99999999999999,0,0,0,19.4733078099424,0,19.4614672394713,0,19.4733078099424,0,19.4614672394713,0,"normal","un",1000,500,0.5,0,0,0,1,FALSE,0,TRUE,FALSE,101,"leave-1",500,0.5,1e+05,TRUE,20
9.99999999999999,0,0,0,19.4733078099424,0,0,0,19.4733078099424,0,0,0,"normal","un",1000,500,0.5,0,0,0,1,FALSE,0,TRUE,FALSE,101,"leave-1",500,0.5,1e+05,TRUE,20
9.99999999999999,0,0,0,19.4733078099424,0,19.512227145886,0,19.4733078099424,0,19.512227145886,0,"normal","un",1000,500,0.5,0,0,0,1,FALSE,0,TRUE,FALSE,101,"leave-1",500,0.5,1e+05,TRUE,20
9.99999999999999,0,0,0,19.4733078099424,0,0,0,19.4733078099424,0,0,0,"normal","un",1000,500,0.5,0,0,0,1,FALSE,0,TRUE,FALSE,101,"leave-1",500,0.5,1e+05,TRUE,20
9.99999999999999,0,0,0,19.4733078099424,0,0,0,19.4733078099424,0,0,0,"normal","un",1000,500,0.5,0,0,0,1,FALSE,0,TRUE,FALSE,101,"leave-1",500,0.5,1e+05,TRUE,20
9.99999999999999,0,0,0,19.4733078099424,0,0,0,19.4733078099424,0,0,0,"normal","un",1000,500,0.5,0,0,0,1,FALSE,0,TRUE,FALSE,101,"leave-1",500,0.5,1e+05,TRUE,20
9.99999999999999,0,0,0,19.4733078099424,0,19.4980005726788,0,19.4733078099424,0,19.4980005726788,0,"normal","un",1000,500,0.5,0,0,0,1,FALSE,0,TRUE,FALSE,101,"leave-1",500,0.5,1e+05,TRUE,20
9.99999999999999,0,0,0,19.4733078099424,0,19.4302574212303,0,19.4733078099424,0,19.4302574212303,0,"normal","un",1000,500,0.5,0,0,0,1,FALSE,0,TRUE,FALSE,101,"leave-1",500,0.5,1e+05,TRUE,20
9.99999999999999,0,0,0,19.4733078099424,0,19.4310831161405,0,19.4733078099424,0,19.4310831161405,0,"normal","un",1000,500,0.5,0,0,0,1,FALSE,0,TRUE,FALSE,101,"leave-1",500,0.5,1e+05,TRUE,20
9.99999999999999,0,0,0,19.4733078099424,0,0,0,19.4733078099424,0,0,0,"normal","un",1000,500,0.5,0,0,0,1,FALSE,0,TRUE,FALSE,101,"leave-1",500,0.5,1e+05,TRUE,20
9.99999999999999,0,0,0,19.4733078099424,0,0,0,19.4733078099424,0,0,0,"normal","un",1000,500,0.5,0,0,0,1,FALSE,0,TRUE,FALSE,101,"leave-1",500,0.5,1e+05,TRUE,20
9.99999999999999,0,0,0,19.4733078099424,0,0,0,19.4733078099424,0,0,0,"normal","un",1000,500,0.5,0,0,0,1,FALSE,0,TRUE,FALSE,101,"leave-1",500,0.5,1e+05,TRUE,20
9.99999999999999,0,0,0,19.4733078099424,0,0,0,19.4733078099424,0,0,0,"normal","un",1000,500,0.5,0,0,0,1,FALSE,0,TRUE,FALSE,101,"leave-1",500,0.5,1e+05,TRUE,20
9.99999999999999,0,0,0,19.4733078099424,0,0,0,19.4733078099424,0,0,0,"normal","un",1000,500,0.5,0,0,0,1,FALSE,0,TRUE,FALSE,101,"leave-1",500,0.5,1e+05,TRUE,20
9.99999999999999,0,0,0,19.4733078099424,0,0,0,19.4733078099424,0,0,0,"normal","un",1000,500,0.5,0,0,0,1,FALSE,0,TRUE,FALSE,101,"leave-1",500,0.5,1e+05,TRUE,20
9.99999999999999,0,0,0,19.4733078099424,0,19.445368404518,0,19.4733078099424,0,19.445368404518,0,"normal","un",1000,500,0.5,0,0,0,1,FALSE,0,TRUE,FALSE,101,"leave-1",500,0.5,1e+05,TRUE,20
9.99999999999999,0,0,0,19.4733078099424,0,NA,NA,19.4733078099424,0,NA,NA,"normal","un",1000,500,0.5,0,0,0,1,FALSE,0,TRUE,FALSE,101,"leave-1",500,0.5,1e+05,TRUE,20
9.99999999999999,0,0,0,19.4733078099424,0,0,0,19.4733078099424,0,0,0,"normal","un",1000,500,0.5,0,0,0,1,FALSE,0,TRUE,FALSE,101,"leave-1",500,0.5,1e+05,TRUE,20
9.99999999999999,0,0,0,19.4733078099424,0,19.3343374056128,0,19.4733078099424,0,19.3343374056128,0,"normal","un",1000,500,0.5,0,0,0,1,FALSE,0,TRUE,FALSE,101,"leave-1",500,0.5,1e+05,TRUE,20
9.99999999999999,0,0,0,19.4733078099424,0,0,0,19.4733078099424,0,0,0,"normal","un",1000,500,0.5,0,0,0,1,FALSE,0,TRUE,FALSE,101,"leave-1",500,0.5,1e+05,TRUE,20
9.99999999999999,0,0,0,19.4733078099424,0,19.5007855231465,0,19.4733078099424,0,19.5007855231465,0,"normal","un",1000,500,0.5,0,0,0,1,FALSE,0,TRUE,FALSE,101,"leave-1",500,0.5,1e+05,TRUE,20
9.99999999999999,0,0,0,19.4733078099424,0,19.505930330781,0,19.4733078099424,0,19.505930330781,0,"normal","un",1000,500,0.5,0,0,0,1,FALSE,0,TRUE,FALSE,101,"leave-1",500,0.5,1e+05,TRUE,20
9.99999999999999,0,0,0,19.4733078099424,0,19.4019849925414,0,19.4733078099424,0,19.4019849925414,0,"normal","un",1000,500,0.5,0,0,0,1,FALSE,0,TRUE,FALSE,101,"leave-1",500,0.5,1e+05,TRUE,20
9.99999999999999,0,0,0,19.4733078099424,0,0,0,19.4733078099424,0,0,0,"normal","un",1000,500,0.5,0,0,0,1,FALSE,0,TRUE,FALSE,101,"leave-1",500,0.5,1e+05,TRUE,20
9.99999999999999,0,0,0,19.4733078099424,0,19.2724278476202,0,19.4733078099424,0,19.2724278476202,0,"normal","un",1000,500,0.5,0,0,0,1,FALSE,0,TRUE,FALSE,101,"leave-1",500,0.5,1e+05,TRUE,20
9.99999999999999,0,0,0,19.4733078099424,0,19.5122137409862,0,19.4733078099424,0,19.5122137409862,0,"normal","un",1000,500,0.5,0,0,0,1,FALSE,0,TRUE,FALSE,101,"leave-1",500,0.5,1e+05,TRUE,20
9.99999999999999,0,0,0,19.4733078099424,0,0,0,19.4733078099424,0,0,0,"normal","un",1000,500,0.5,0,0,0,1,FALSE,0,TRUE,FALSE,101,"leave-1",500,0.5,1e+05,TRUE,20
