"var_main_effect","var_inter_effect","cov_main_inter_effect","var_total_effect","GCTA_main","GCTA_inter","prop_main","prop_inter","sub_GCTA_main","sub_GCTA_inter","sub_prop_main","sub_prop_inter","x_dist","structure","p","n","main_fixed_var","main_random_var","inter_fixed_var","inter_random_var","interact","combine","pro","n_sub","inter_std","i"
34.571048983848,0,0,34.571048983848,100.238450004856,0,33.1629192812364,0,104.86340260318,0,30.4488261895731,0,"normal","un",33,1500,0.5,0,0,0,0,FALSE,0.5,200,TRUE,27
34.571048983848,0,0,34.571048983848,100.238450004856,0,33.1629192812364,0,108.895271749909,0,31.4724229526321,0,"normal","un",33,1500,0.5,0,0,0,0,FALSE,0.5,200,TRUE,27
34.571048983848,0,0,34.571048983848,100.238450004856,0,33.1629192812364,0,117.179994332255,0,33.3070810583357,0,"normal","un",33,1500,0.5,0,0,0,0,FALSE,0.5,200,TRUE,27
34.571048983848,0,0,34.571048983848,100.238450004856,0,33.1629192812364,0,108.647324341196,0,33.3202426904203,0,"normal","un",33,1500,0.5,0,0,0,0,FALSE,0.5,200,TRUE,27
34.571048983848,0,0,34.571048983848,100.238450004856,0,33.1629192812364,0,102.758439965187,0,34.1156576791986,0,"normal","un",33,1500,0.5,0,0,0,0,FALSE,0.5,200,TRUE,27
34.571048983848,0,0,34.571048983848,100.238450004856,0,33.1629192812364,0,98.2394717741279,0,30.156438375875,0,"normal","un",33,1500,0.5,0,0,0,0,FALSE,0.5,200,TRUE,27
34.571048983848,0,0,34.571048983848,100.238450004856,0,33.1629192812364,0,116.281767165934,0,37.7100995908397,0,"normal","un",33,1500,0.5,0,0,0,0,FALSE,0.5,200,TRUE,27
34.571048983848,0,0,34.571048983848,100.238450004856,0,33.1629192812364,0,95.696179351916,0,31.7363666535642,0,"normal","un",33,1500,0.5,0,0,0,0,FALSE,0.5,200,TRUE,27
34.571048983848,0,0,34.571048983848,100.238450004856,0,33.1629192812364,0,99.957657837445,0,34.4459729316222,0,"normal","un",33,1500,0.5,0,0,0,0,FALSE,0.5,200,TRUE,27
34.571048983848,0,0,34.571048983848,100.238450004856,0,33.1629192812364,0,98.6658339265179,0,33.6168583230642,0,"normal","un",33,1500,0.5,0,0,0,0,FALSE,0.5,200,TRUE,27
34.571048983848,0,0,34.571048983848,100.238450004856,0,33.1629192812364,0,77.1194304598964,0,31.636915166023,0,"normal","un",33,1500,0.5,0,0,0,0,FALSE,0.5,200,TRUE,27
34.571048983848,0,0,34.571048983848,100.238450004856,0,33.1629192812364,0,125.646769819521,0,35.8927932671103,0,"normal","un",33,1500,0.5,0,0,0,0,FALSE,0.5,200,TRUE,27
34.571048983848,0,0,34.571048983848,100.238450004856,0,33.1629192812364,0,117.56537970776,0,34.4586342738818,0,"normal","un",33,1500,0.5,0,0,0,0,FALSE,0.5,200,TRUE,27
34.571048983848,0,0,34.571048983848,100.238450004856,0,33.1629192812364,0,81.2263240286077,0,29.089674039872,0,"normal","un",33,1500,0.5,0,0,0,0,FALSE,0.5,200,TRUE,27
34.571048983848,0,0,34.571048983848,100.238450004856,0,33.1629192812364,0,94.452901349736,0,34.3789253712684,0,"normal","un",33,1500,0.5,0,0,0,0,FALSE,0.5,200,TRUE,27
34.571048983848,0,0,34.571048983848,100.238450004856,0,33.1629192812364,0,89.7549010600233,0,35.5129957005333,0,"normal","un",33,1500,0.5,0,0,0,0,FALSE,0.5,200,TRUE,27
34.571048983848,0,0,34.571048983848,100.238450004856,0,33.1629192812364,0,101.281187370164,0,33.0688150539647,0,"normal","un",33,1500,0.5,0,0,0,0,FALSE,0.5,200,TRUE,27
34.571048983848,0,0,34.571048983848,100.238450004856,0,33.1629192812364,0,78.8282323170681,0,31.4042027494411,0,"normal","un",33,1500,0.5,0,0,0,0,FALSE,0.5,200,TRUE,27
34.571048983848,0,0,34.571048983848,100.238450004856,0,33.1629192812364,0,118.674294932027,0,33.0903932322432,0,"normal","un",33,1500,0.5,0,0,0,0,FALSE,0.5,200,TRUE,27
34.571048983848,0,0,34.571048983848,100.238450004856,0,33.1629192812364,0,98.4091218190158,0,33.8629576809952,0,"normal","un",33,1500,0.5,0,0,0,0,FALSE,0.5,200,TRUE,27
34.571048983848,0,0,34.571048983848,100.238450004856,0,33.1629192812364,0,109.256555304707,0,33.8240835709252,0,"normal","un",33,1500,0.5,0,0,0,0,FALSE,0.5,200,TRUE,27
34.571048983848,0,0,34.571048983848,100.238450004856,0,33.1629192812364,0,114.363458602515,0,35.7239948605943,0,"normal","un",33,1500,0.5,0,0,0,0,FALSE,0.5,200,TRUE,27
34.571048983848,0,0,34.571048983848,100.238450004856,0,33.1629192812364,0,86.8937305675892,0,35.04217948142,0,"normal","un",33,1500,0.5,0,0,0,0,FALSE,0.5,200,TRUE,27
34.571048983848,0,0,34.571048983848,100.238450004856,0,33.1629192812364,0,94.0335275895332,0,31.6604001258164,0,"normal","un",33,1500,0.5,0,0,0,0,FALSE,0.5,200,TRUE,27
34.571048983848,0,0,34.571048983848,100.238450004856,0,33.1629192812364,0,95.8412814074867,0,32.9461193401742,0,"normal","un",33,1500,0.5,0,0,0,0,FALSE,0.5,200,TRUE,27
34.571048983848,0,0,34.571048983848,100.238450004856,0,33.1629192812364,0,91.7573571596989,0,29.799242332314,0,"normal","un",33,1500,0.5,0,0,0,0,FALSE,0.5,200,TRUE,27
34.571048983848,0,0,34.571048983848,100.238450004856,0,33.1629192812364,0,110.712718947504,0,32.6576472434267,0,"normal","un",33,1500,0.5,0,0,0,0,FALSE,0.5,200,TRUE,27
34.571048983848,0,0,34.571048983848,100.238450004856,0,33.1629192812364,0,116.405406266973,0,35.2201034747749,0,"normal","un",33,1500,0.5,0,0,0,0,FALSE,0.5,200,TRUE,27
34.571048983848,0,0,34.571048983848,100.238450004856,0,33.1629192812364,0,117.467934475868,0,34.2468551679789,0,"normal","un",33,1500,0.5,0,0,0,0,FALSE,0.5,200,TRUE,27
34.571048983848,0,0,34.571048983848,100.238450004856,0,33.1629192812364,0,100.507898576219,0,36.3053527550362,0,"normal","un",33,1500,0.5,0,0,0,0,FALSE,0.5,200,TRUE,27
34.571048983848,0,0,34.571048983848,100.238450004856,0,33.1629192812364,0,108.794608671896,0,32.8247861296291,0,"normal","un",33,1500,0.5,0,0,0,0,FALSE,0.5,200,TRUE,27
34.571048983848,0,0,34.571048983848,100.238450004856,0,33.1629192812364,0,91.6091831201752,0,30.9448253401545,0,"normal","un",33,1500,0.5,0,0,0,0,FALSE,0.5,200,TRUE,27
34.571048983848,0,0,34.571048983848,100.238450004856,0,33.1629192812364,0,94.7768655621189,0,31.7306768840393,0,"normal","un",33,1500,0.5,0,0,0,0,FALSE,0.5,200,TRUE,27
34.571048983848,0,0,34.571048983848,100.238450004856,0,33.1629192812364,0,90.9919271401842,0,32.3189236405436,0,"normal","un",33,1500,0.5,0,0,0,0,FALSE,0.5,200,TRUE,27
34.571048983848,0,0,34.571048983848,100.238450004856,0,33.1629192812364,0,100.4418948826,0,32.907336047196,0,"normal","un",33,1500,0.5,0,0,0,0,FALSE,0.5,200,TRUE,27
34.571048983848,0,0,34.571048983848,100.238450004856,0,33.1629192812364,0,87.6100618077517,0,33.1116918493267,0,"normal","un",33,1500,0.5,0,0,0,0,FALSE,0.5,200,TRUE,27
34.571048983848,0,0,34.571048983848,100.238450004856,0,33.1629192812364,0,107.475604362403,0,33.8719359517522,0,"normal","un",33,1500,0.5,0,0,0,0,FALSE,0.5,200,TRUE,27
34.571048983848,0,0,34.571048983848,100.238450004856,0,33.1629192812364,0,82.4871038690288,0,32.3939114274928,0,"normal","un",33,1500,0.5,0,0,0,0,FALSE,0.5,200,TRUE,27
34.571048983848,0,0,34.571048983848,100.238450004856,0,33.1629192812364,0,102.108682166033,0,34.1835926599224,0,"normal","un",33,1500,0.5,0,0,0,0,FALSE,0.5,200,TRUE,27
34.571048983848,0,0,34.571048983848,100.238450004856,0,33.1629192812364,0,97.5772081922376,0,35.6089943550476,0,"normal","un",33,1500,0.5,0,0,0,0,FALSE,0.5,200,TRUE,27
34.571048983848,0,0,34.571048983848,100.238450004856,0,33.1629192812364,0,92.1533731148015,0,34.0891093424539,0,"normal","un",33,1500,0.5,0,0,0,0,FALSE,0.5,200,TRUE,27
34.571048983848,0,0,34.571048983848,100.238450004856,0,33.1629192812364,0,88.4679732108999,0,35.5414612986052,0,"normal","un",33,1500,0.5,0,0,0,0,FALSE,0.5,200,TRUE,27
34.571048983848,0,0,34.571048983848,100.238450004856,0,33.1629192812364,0,92.2257831033691,0,31.6886018876754,0,"normal","un",33,1500,0.5,0,0,0,0,FALSE,0.5,200,TRUE,27
34.571048983848,0,0,34.571048983848,100.238450004856,0,33.1629192812364,0,84.2027001244405,0,30.9111647378654,0,"normal","un",33,1500,0.5,0,0,0,0,FALSE,0.5,200,TRUE,27
34.571048983848,0,0,34.571048983848,100.238450004856,0,33.1629192812364,0,96.4255099764389,0,35.4329544904232,0,"normal","un",33,1500,0.5,0,0,0,0,FALSE,0.5,200,TRUE,27
34.571048983848,0,0,34.571048983848,100.238450004856,0,33.1629192812364,0,110.147046326145,0,34.2144893905663,0,"normal","un",33,1500,0.5,0,0,0,0,FALSE,0.5,200,TRUE,27
34.571048983848,0,0,34.571048983848,100.238450004856,0,33.1629192812364,0,104.710588449088,0,32.4163270896315,0,"normal","un",33,1500,0.5,0,0,0,0,FALSE,0.5,200,TRUE,27
34.571048983848,0,0,34.571048983848,100.238450004856,0,33.1629192812364,0,103.547406782525,0,34.9393449426672,0,"normal","un",33,1500,0.5,0,0,0,0,FALSE,0.5,200,TRUE,27
34.571048983848,0,0,34.571048983848,100.238450004856,0,33.1629192812364,0,89.8049351065287,0,32.5946393898748,0,"normal","un",33,1500,0.5,0,0,0,0,FALSE,0.5,200,TRUE,27
34.571048983848,0,0,34.571048983848,100.238450004856,0,33.1629192812364,0,89.3001071322493,0,34.7300259977818,0,"normal","un",33,1500,0.5,0,0,0,0,FALSE,0.5,200,TRUE,27
34.571048983848,0,0,34.571048983848,100.238450004856,0,33.1629192812364,0,86.5749904033917,0,31.1908223615559,0,"normal","un",33,1500,0.5,0,0,0,0,FALSE,0.5,200,TRUE,27
34.571048983848,0,0,34.571048983848,100.238450004856,0,33.1629192812364,0,94.755133129462,0,31.7950943927018,0,"normal","un",33,1500,0.5,0,0,0,0,FALSE,0.5,200,TRUE,27
34.571048983848,0,0,34.571048983848,100.238450004856,0,33.1629192812364,0,104.424379308825,0,33.0794874082411,0,"normal","un",33,1500,0.5,0,0,0,0,FALSE,0.5,200,TRUE,27
34.571048983848,0,0,34.571048983848,100.238450004856,0,33.1629192812364,0,117.768271505191,0,33.2791511485566,0,"normal","un",33,1500,0.5,0,0,0,0,FALSE,0.5,200,TRUE,27
34.571048983848,0,0,34.571048983848,100.238450004856,0,33.1629192812364,0,97.9663420938737,0,32.3270754927748,0,"normal","un",33,1500,0.5,0,0,0,0,FALSE,0.5,200,TRUE,27
34.571048983848,0,0,34.571048983848,100.238450004856,0,33.1629192812364,0,96.921519693316,0,31.1432105370686,0,"normal","un",33,1500,0.5,0,0,0,0,FALSE,0.5,200,TRUE,27
34.571048983848,0,0,34.571048983848,100.238450004856,0,33.1629192812364,0,77.6573949508259,0,31.3032052361295,0,"normal","un",33,1500,0.5,0,0,0,0,FALSE,0.5,200,TRUE,27
34.571048983848,0,0,34.571048983848,100.238450004856,0,33.1629192812364,0,102.378333628736,0,34.6820373312558,0,"normal","un",33,1500,0.5,0,0,0,0,FALSE,0.5,200,TRUE,27
34.571048983848,0,0,34.571048983848,100.238450004856,0,33.1629192812364,0,97.0820251768973,0,32.0820544798862,0,"normal","un",33,1500,0.5,0,0,0,0,FALSE,0.5,200,TRUE,27
34.571048983848,0,0,34.571048983848,100.238450004856,0,33.1629192812364,0,80.3052421298478,0,32.1782831810413,0,"normal","un",33,1500,0.5,0,0,0,0,FALSE,0.5,200,TRUE,27
34.571048983848,0,0,34.571048983848,100.238450004856,0,33.1629192812364,0,85.9810801885377,0,34.5681212572979,0,"normal","un",33,1500,0.5,0,0,0,0,FALSE,0.5,200,TRUE,27
34.571048983848,0,0,34.571048983848,100.238450004856,0,33.1629192812364,0,100.647707640495,0,32.4637940273579,0,"normal","un",33,1500,0.5,0,0,0,0,FALSE,0.5,200,TRUE,27
34.571048983848,0,0,34.571048983848,100.238450004856,0,33.1629192812364,0,84.3361842813372,0,29.8803639824359,0,"normal","un",33,1500,0.5,0,0,0,0,FALSE,0.5,200,TRUE,27
34.571048983848,0,0,34.571048983848,100.238450004856,0,33.1629192812364,0,89.7733288658474,0,36.0715824062279,0,"normal","un",33,1500,0.5,0,0,0,0,FALSE,0.5,200,TRUE,27
34.571048983848,0,0,34.571048983848,100.238450004856,0,33.1629192812364,0,90.0667942674781,0,33.631783108223,0,"normal","un",33,1500,0.5,0,0,0,0,FALSE,0.5,200,TRUE,27
34.571048983848,0,0,34.571048983848,100.238450004856,0,33.1629192812364,0,100.429210545401,0,36.8823214435544,0,"normal","un",33,1500,0.5,0,0,0,0,FALSE,0.5,200,TRUE,27
34.571048983848,0,0,34.571048983848,100.238450004856,0,33.1629192812364,0,95.938575810189,0,33.5355281813544,0,"normal","un",33,1500,0.5,0,0,0,0,FALSE,0.5,200,TRUE,27
34.571048983848,0,0,34.571048983848,100.238450004856,0,33.1629192812364,0,105.277094616989,0,34.8223082757598,0,"normal","un",33,1500,0.5,0,0,0,0,FALSE,0.5,200,TRUE,27
34.571048983848,0,0,34.571048983848,100.238450004856,0,33.1629192812364,0,85.695034179038,0,30.9133113936502,0,"normal","un",33,1500,0.5,0,0,0,0,FALSE,0.5,200,TRUE,27
34.571048983848,0,0,34.571048983848,100.238450004856,0,33.1629192812364,0,85.6936538783118,0,32.1528532888789,0,"normal","un",33,1500,0.5,0,0,0,0,FALSE,0.5,200,TRUE,27
34.571048983848,0,0,34.571048983848,100.238450004856,0,33.1629192812364,0,96.6213626740141,0,30.5961424142356,0,"normal","un",33,1500,0.5,0,0,0,0,FALSE,0.5,200,TRUE,27
34.571048983848,0,0,34.571048983848,100.238450004856,0,33.1629192812364,0,105.617395794758,0,37.4054892294503,0,"normal","un",33,1500,0.5,0,0,0,0,FALSE,0.5,200,TRUE,27
34.571048983848,0,0,34.571048983848,100.238450004856,0,33.1629192812364,0,92.0591160540925,0,31.8501967391165,0,"normal","un",33,1500,0.5,0,0,0,0,FALSE,0.5,200,TRUE,27
34.571048983848,0,0,34.571048983848,100.238450004856,0,33.1629192812364,0,94.010759595916,0,30.9710105857096,0,"normal","un",33,1500,0.5,0,0,0,0,FALSE,0.5,200,TRUE,27
34.571048983848,0,0,34.571048983848,100.238450004856,0,33.1629192812364,0,98.422569534701,0,31.2761588381433,0,"normal","un",33,1500,0.5,0,0,0,0,FALSE,0.5,200,TRUE,27
34.571048983848,0,0,34.571048983848,100.238450004856,0,33.1629192812364,0,108.743568750506,0,34.7801475230285,0,"normal","un",33,1500,0.5,0,0,0,0,FALSE,0.5,200,TRUE,27
34.571048983848,0,0,34.571048983848,100.238450004856,0,33.1629192812364,0,113.603202795456,0,32.3366209213883,0,"normal","un",33,1500,0.5,0,0,0,0,FALSE,0.5,200,TRUE,27
34.571048983848,0,0,34.571048983848,100.238450004856,0,33.1629192812364,0,100.266785110474,0,33.122656618297,0,"normal","un",33,1500,0.5,0,0,0,0,FALSE,0.5,200,TRUE,27
34.571048983848,0,0,34.571048983848,100.238450004856,0,33.1629192812364,0,97.37367651792,0,32.1311910639153,0,"normal","un",33,1500,0.5,0,0,0,0,FALSE,0.5,200,TRUE,27
34.571048983848,0,0,34.571048983848,100.238450004856,0,33.1629192812364,0,101.396815841271,0,34.642625264554,0,"normal","un",33,1500,0.5,0,0,0,0,FALSE,0.5,200,TRUE,27
34.571048983848,0,0,34.571048983848,100.238450004856,0,33.1629192812364,0,82.5173239227716,0,30.0575554669206,0,"normal","un",33,1500,0.5,0,0,0,0,FALSE,0.5,200,TRUE,27
34.571048983848,0,0,34.571048983848,100.238450004856,0,33.1629192812364,0,123.561796478255,0,33.8920269739278,0,"normal","un",33,1500,0.5,0,0,0,0,FALSE,0.5,200,TRUE,27
34.571048983848,0,0,34.571048983848,100.238450004856,0,33.1629192812364,0,82.0920083360628,0,32.1585684553501,0,"normal","un",33,1500,0.5,0,0,0,0,FALSE,0.5,200,TRUE,27
34.571048983848,0,0,34.571048983848,100.238450004856,0,33.1629192812364,0,97.3259554693107,0,32.0121873325336,0,"normal","un",33,1500,0.5,0,0,0,0,FALSE,0.5,200,TRUE,27
34.571048983848,0,0,34.571048983848,100.238450004856,0,33.1629192812364,0,90.5092913130131,0,32.3081526162456,0,"normal","un",33,1500,0.5,0,0,0,0,FALSE,0.5,200,TRUE,27
34.571048983848,0,0,34.571048983848,100.238450004856,0,33.1629192812364,0,79.161819730881,0,29.497489075786,0,"normal","un",33,1500,0.5,0,0,0,0,FALSE,0.5,200,TRUE,27
34.571048983848,0,0,34.571048983848,100.238450004856,0,33.1629192812364,0,99.054331456924,0,33.5815444170434,0,"normal","un",33,1500,0.5,0,0,0,0,FALSE,0.5,200,TRUE,27
34.571048983848,0,0,34.571048983848,100.238450004856,0,33.1629192812364,0,114.429704587692,0,35.0071024036983,0,"normal","un",33,1500,0.5,0,0,0,0,FALSE,0.5,200,TRUE,27
34.571048983848,0,0,34.571048983848,100.238450004856,0,33.1629192812364,0,95.7388515678295,0,35.3113989535675,0,"normal","un",33,1500,0.5,0,0,0,0,FALSE,0.5,200,TRUE,27
34.571048983848,0,0,34.571048983848,100.238450004856,0,33.1629192812364,0,97.1087141737418,0,30.530538253057,0,"normal","un",33,1500,0.5,0,0,0,0,FALSE,0.5,200,TRUE,27
34.571048983848,0,0,34.571048983848,100.238450004856,0,33.1629192812364,0,102.845372299233,0,32.7868639580716,0,"normal","un",33,1500,0.5,0,0,0,0,FALSE,0.5,200,TRUE,27
34.571048983848,0,0,34.571048983848,100.238450004856,0,33.1629192812364,0,98.2453417867381,0,34.0145297551996,0,"normal","un",33,1500,0.5,0,0,0,0,FALSE,0.5,200,TRUE,27
34.571048983848,0,0,34.571048983848,100.238450004856,0,33.1629192812364,0,105.886392001272,0,32.8205730363504,0,"normal","un",33,1500,0.5,0,0,0,0,FALSE,0.5,200,TRUE,27
34.571048983848,0,0,34.571048983848,100.238450004856,0,33.1629192812364,0,110.011881522792,0,36.2604217390815,0,"normal","un",33,1500,0.5,0,0,0,0,FALSE,0.5,200,TRUE,27
34.571048983848,0,0,34.571048983848,100.238450004856,0,33.1629192812364,0,97.7956194870215,0,32.98701814092,0,"normal","un",33,1500,0.5,0,0,0,0,FALSE,0.5,200,TRUE,27
34.571048983848,0,0,34.571048983848,100.238450004856,0,33.1629192812364,0,94.6459130921888,0,32.6072680343072,0,"normal","un",33,1500,0.5,0,0,0,0,FALSE,0.5,200,TRUE,27
34.571048983848,0,0,34.571048983848,100.238450004856,0,33.1629192812364,0,79.1656601954488,0,31.0131832471499,0,"normal","un",33,1500,0.5,0,0,0,0,FALSE,0.5,200,TRUE,27
34.571048983848,0,0,34.571048983848,100.238450004856,0,33.1629192812364,0,108.57851992106,0,33.7870525946957,0,"normal","un",33,1500,0.5,0,0,0,0,FALSE,0.5,200,TRUE,27
34.571048983848,0,0,34.571048983848,100.238450004856,0,33.1629192812364,0,101.129380011117,0,35.3117205747518,0,"normal","un",33,1500,0.5,0,0,0,0,FALSE,0.5,200,TRUE,27
34.571048983848,0,0,34.571048983848,100.238450004856,0,33.1629192812364,0,115.530169435394,0,33.5749052216804,0,"normal","un",33,1500,0.5,0,0,0,0,FALSE,0.5,200,TRUE,27
34.571048983848,0,0,34.571048983848,100.238450004856,0,33.1629192812364,0,85.5454764626354,0,34.6057369102141,0,"normal","un",33,1500,0.5,0,0,0,0,FALSE,0.5,200,TRUE,27
34.571048983848,0,0,34.571048983848,100.238450004856,0,33.1629192812364,0,88.8110488034162,0,32.3740741847878,0,"normal","un",33,1500,0.5,0,0,0,0,FALSE,0.5,200,TRUE,27
34.571048983848,0,0,34.571048983848,100.238450004856,0,33.1629192812364,0,108.288411504178,0,34.0038388955667,0,"normal","un",33,1500,0.5,0,0,0,0,FALSE,0.5,200,TRUE,27
34.571048983848,0,0,34.571048983848,100.238450004856,0,33.1629192812364,0,108.847863038201,0,33.9893345554441,0,"normal","un",33,1500,0.5,0,0,0,0,FALSE,0.5,200,TRUE,27
34.571048983848,0,0,34.571048983848,100.238450004856,0,33.1629192812364,0,82.922014419907,0,33.6316575985183,0,"normal","un",33,1500,0.5,0,0,0,0,FALSE,0.5,200,TRUE,27
34.571048983848,0,0,34.571048983848,100.238450004856,0,33.1629192812364,0,110.922534774651,0,38.1630800152186,0,"normal","un",33,1500,0.5,0,0,0,0,FALSE,0.5,200,TRUE,27
34.571048983848,0,0,34.571048983848,100.238450004856,0,33.1629192812364,0,78.0838188602508,0,29.8049783271494,0,"normal","un",33,1500,0.5,0,0,0,0,FALSE,0.5,200,TRUE,27
34.571048983848,0,0,34.571048983848,100.238450004856,0,33.1629192812364,0,81.2649568158812,0,34.6377432199375,0,"normal","un",33,1500,0.5,0,0,0,0,FALSE,0.5,200,TRUE,27
34.571048983848,0,0,34.571048983848,100.238450004856,0,33.1629192812364,0,95.2757303200186,0,28.9608479751662,0,"normal","un",33,1500,0.5,0,0,0,0,FALSE,0.5,200,TRUE,27
34.571048983848,0,0,34.571048983848,100.238450004856,0,33.1629192812364,0,97.3897134509223,0,32.9039284805488,0,"normal","un",33,1500,0.5,0,0,0,0,FALSE,0.5,200,TRUE,27
34.571048983848,0,0,34.571048983848,100.238450004856,0,33.1629192812364,0,99.8764702977602,0,33.3251120900178,0,"normal","un",33,1500,0.5,0,0,0,0,FALSE,0.5,200,TRUE,27
34.571048983848,0,0,34.571048983848,100.238450004856,0,33.1629192812364,0,102.442198708141,0,34.8215061306177,0,"normal","un",33,1500,0.5,0,0,0,0,FALSE,0.5,200,TRUE,27
34.571048983848,0,0,34.571048983848,100.238450004856,0,33.1629192812364,0,98.4259618644773,0,34.4211110918801,0,"normal","un",33,1500,0.5,0,0,0,0,FALSE,0.5,200,TRUE,27
34.571048983848,0,0,34.571048983848,100.238450004856,0,33.1629192812364,0,109.909887939324,0,32.197824484369,0,"normal","un",33,1500,0.5,0,0,0,0,FALSE,0.5,200,TRUE,27
34.571048983848,0,0,34.571048983848,100.238450004856,0,33.1629192812364,0,90.4959934708637,0,30.743465067009,0,"normal","un",33,1500,0.5,0,0,0,0,FALSE,0.5,200,TRUE,27
34.571048983848,0,0,34.571048983848,100.238450004856,0,33.1629192812364,0,86.5863453280684,0,34.1853828336004,0,"normal","un",33,1500,0.5,0,0,0,0,FALSE,0.5,200,TRUE,27
34.571048983848,0,0,34.571048983848,100.238450004856,0,33.1629192812364,0,110.58591181383,0,33.4137667224153,0,"normal","un",33,1500,0.5,0,0,0,0,FALSE,0.5,200,TRUE,27
34.571048983848,0,0,34.571048983848,100.238450004856,0,33.1629192812364,0,88.5474288181926,0,31.1424638000463,0,"normal","un",33,1500,0.5,0,0,0,0,FALSE,0.5,200,TRUE,27
34.571048983848,0,0,34.571048983848,100.238450004856,0,33.1629192812364,0,98.781116436864,0,33.7657946101408,0,"normal","un",33,1500,0.5,0,0,0,0,FALSE,0.5,200,TRUE,27
34.571048983848,0,0,34.571048983848,100.238450004856,0,33.1629192812364,0,95.784435699911,0,32.9917522738864,0,"normal","un",33,1500,0.5,0,0,0,0,FALSE,0.5,200,TRUE,27
34.571048983848,0,0,34.571048983848,100.238450004856,0,33.1629192812364,0,102.925304568817,0,34.042100404279,0,"normal","un",33,1500,0.5,0,0,0,0,FALSE,0.5,200,TRUE,27
34.571048983848,0,0,34.571048983848,100.238450004856,0,33.1629192812364,0,107.287111074544,0,34.5391013480552,0,"normal","un",33,1500,0.5,0,0,0,0,FALSE,0.5,200,TRUE,27
34.571048983848,0,0,34.571048983848,100.238450004856,0,33.1629192812364,0,107.794895750857,0,34.3680760118185,0,"normal","un",33,1500,0.5,0,0,0,0,FALSE,0.5,200,TRUE,27
34.571048983848,0,0,34.571048983848,100.238450004856,0,33.1629192812364,0,108.412678223847,0,32.5549733971598,0,"normal","un",33,1500,0.5,0,0,0,0,FALSE,0.5,200,TRUE,27
34.571048983848,0,0,34.571048983848,100.238450004856,0,33.1629192812364,0,115.939949220668,0,34.5435466234554,0,"normal","un",33,1500,0.5,0,0,0,0,FALSE,0.5,200,TRUE,27
34.571048983848,0,0,34.571048983848,100.238450004856,0,33.1629192812364,0,98.1473815575647,0,29.0957164167621,0,"normal","un",33,1500,0.5,0,0,0,0,FALSE,0.5,200,TRUE,27
34.571048983848,0,0,34.571048983848,100.238450004856,0,33.1629192812364,0,79.6035356454349,0,32.2603330741686,0,"normal","un",33,1500,0.5,0,0,0,0,FALSE,0.5,200,TRUE,27
34.571048983848,0,0,34.571048983848,100.238450004856,0,33.1629192812364,0,93.4754516870963,0,33.2665002183872,0,"normal","un",33,1500,0.5,0,0,0,0,FALSE,0.5,200,TRUE,27
34.571048983848,0,0,34.571048983848,100.238450004856,0,33.1629192812364,0,105.405931851411,0,32.2884303658044,0,"normal","un",33,1500,0.5,0,0,0,0,FALSE,0.5,200,TRUE,27
34.571048983848,0,0,34.571048983848,100.238450004856,0,33.1629192812364,0,101.173855828512,0,35.7061518482835,0,"normal","un",33,1500,0.5,0,0,0,0,FALSE,0.5,200,TRUE,27
34.571048983848,0,0,34.571048983848,100.238450004856,0,33.1629192812364,0,99.243507798322,0,35.5301253646607,0,"normal","un",33,1500,0.5,0,0,0,0,FALSE,0.5,200,TRUE,27
34.571048983848,0,0,34.571048983848,100.238450004856,0,33.1629192812364,0,91.0102760854653,0,30.4639502118532,0,"normal","un",33,1500,0.5,0,0,0,0,FALSE,0.5,200,TRUE,27
34.571048983848,0,0,34.571048983848,100.238450004856,0,33.1629192812364,0,101.852082682867,0,34.4038357301304,0,"normal","un",33,1500,0.5,0,0,0,0,FALSE,0.5,200,TRUE,27
34.571048983848,0,0,34.571048983848,100.238450004856,0,33.1629192812364,0,92.2577915528132,0,31.2637630321462,0,"normal","un",33,1500,0.5,0,0,0,0,FALSE,0.5,200,TRUE,27
34.571048983848,0,0,34.571048983848,100.238450004856,0,33.1629192812364,0,100.688861997798,0,30.835670926157,0,"normal","un",33,1500,0.5,0,0,0,0,FALSE,0.5,200,TRUE,27
34.571048983848,0,0,34.571048983848,100.238450004856,0,33.1629192812364,0,120.512947956701,0,34.0567175076551,0,"normal","un",33,1500,0.5,0,0,0,0,FALSE,0.5,200,TRUE,27
34.571048983848,0,0,34.571048983848,100.238450004856,0,33.1629192812364,0,80.5502077452682,0,29.3933351818403,0,"normal","un",33,1500,0.5,0,0,0,0,FALSE,0.5,200,TRUE,27
34.571048983848,0,0,34.571048983848,100.238450004856,0,33.1629192812364,0,84.4992121902737,0,34.6067318054766,0,"normal","un",33,1500,0.5,0,0,0,0,FALSE,0.5,200,TRUE,27
34.571048983848,0,0,34.571048983848,100.238450004856,0,33.1629192812364,0,98.8634940270228,0,33.9929338091071,0,"normal","un",33,1500,0.5,0,0,0,0,FALSE,0.5,200,TRUE,27
34.571048983848,0,0,34.571048983848,100.238450004856,0,33.1629192812364,0,90.3619101196899,0,32.2859792994002,0,"normal","un",33,1500,0.5,0,0,0,0,FALSE,0.5,200,TRUE,27
34.571048983848,0,0,34.571048983848,100.238450004856,0,33.1629192812364,0,95.3889487434775,0,30.3253615663083,0,"normal","un",33,1500,0.5,0,0,0,0,FALSE,0.5,200,TRUE,27
34.571048983848,0,0,34.571048983848,100.238450004856,0,33.1629192812364,0,81.60484419499,0,34.0197889872137,0,"normal","un",33,1500,0.5,0,0,0,0,FALSE,0.5,200,TRUE,27
34.571048983848,0,0,34.571048983848,100.238450004856,0,33.1629192812364,0,94.6556741367136,0,30.7236918186683,0,"normal","un",33,1500,0.5,0,0,0,0,FALSE,0.5,200,TRUE,27
34.571048983848,0,0,34.571048983848,100.238450004856,0,33.1629192812364,0,100.457751312124,0,33.3294935785686,0,"normal","un",33,1500,0.5,0,0,0,0,FALSE,0.5,200,TRUE,27
34.571048983848,0,0,34.571048983848,100.238450004856,0,33.1629192812364,0,96.6295827371531,0,35.1574585652843,0,"normal","un",33,1500,0.5,0,0,0,0,FALSE,0.5,200,TRUE,27
34.571048983848,0,0,34.571048983848,100.238450004856,0,33.1629192812364,0,104.297515230422,0,32.9202881696444,0,"normal","un",33,1500,0.5,0,0,0,0,FALSE,0.5,200,TRUE,27
34.571048983848,0,0,34.571048983848,100.238450004856,0,33.1629192812364,0,100.189432013742,0,34.1748008095602,0,"normal","un",33,1500,0.5,0,0,0,0,FALSE,0.5,200,TRUE,27
34.571048983848,0,0,34.571048983848,100.238450004856,0,33.1629192812364,0,97.8245949785717,0,32.7333996826418,0,"normal","un",33,1500,0.5,0,0,0,0,FALSE,0.5,200,TRUE,27
34.571048983848,0,0,34.571048983848,100.238450004856,0,33.1629192812364,0,85.2472893737924,0,34.6382713493193,0,"normal","un",33,1500,0.5,0,0,0,0,FALSE,0.5,200,TRUE,27
34.571048983848,0,0,34.571048983848,100.238450004856,0,33.1629192812364,0,120.865245752887,0,33.3879264754923,0,"normal","un",33,1500,0.5,0,0,0,0,FALSE,0.5,200,TRUE,27
34.571048983848,0,0,34.571048983848,100.238450004856,0,33.1629192812364,0,94.1556465869942,0,35.303510057421,0,"normal","un",33,1500,0.5,0,0,0,0,FALSE,0.5,200,TRUE,27
34.571048983848,0,0,34.571048983848,100.238450004856,0,33.1629192812364,0,94.6165520955745,0,32.7926896193586,0,"normal","un",33,1500,0.5,0,0,0,0,FALSE,0.5,200,TRUE,27
34.571048983848,0,0,34.571048983848,100.238450004856,0,33.1629192812364,0,90.3267048845091,0,32.6709494029792,0,"normal","un",33,1500,0.5,0,0,0,0,FALSE,0.5,200,TRUE,27
34.571048983848,0,0,34.571048983848,100.238450004856,0,33.1629192812364,0,96.8883072667384,0,32.0589800011312,0,"normal","un",33,1500,0.5,0,0,0,0,FALSE,0.5,200,TRUE,27
34.571048983848,0,0,34.571048983848,100.238450004856,0,33.1629192812364,0,98.7943498787883,0,36.1406370191661,0,"normal","un",33,1500,0.5,0,0,0,0,FALSE,0.5,200,TRUE,27
34.571048983848,0,0,34.571048983848,100.238450004856,0,33.1629192812364,0,108.784146451284,0,33.8585537096776,0,"normal","un",33,1500,0.5,0,0,0,0,FALSE,0.5,200,TRUE,27
34.571048983848,0,0,34.571048983848,100.238450004856,0,33.1629192812364,0,100.531678114762,0,34.3478717225173,0,"normal","un",33,1500,0.5,0,0,0,0,FALSE,0.5,200,TRUE,27
34.571048983848,0,0,34.571048983848,100.238450004856,0,33.1629192812364,0,119.195053296821,0,37.0064607129467,0,"normal","un",33,1500,0.5,0,0,0,0,FALSE,0.5,200,TRUE,27
34.571048983848,0,0,34.571048983848,100.238450004856,0,33.1629192812364,0,92.5086302358891,0,35.4949088680689,0,"normal","un",33,1500,0.5,0,0,0,0,FALSE,0.5,200,TRUE,27
34.571048983848,0,0,34.571048983848,100.238450004856,0,33.1629192812364,0,95.0069072199087,0,34.7224231930018,0,"normal","un",33,1500,0.5,0,0,0,0,FALSE,0.5,200,TRUE,27
34.571048983848,0,0,34.571048983848,100.238450004856,0,33.1629192812364,0,97.674299814975,0,33.5729545922472,0,"normal","un",33,1500,0.5,0,0,0,0,FALSE,0.5,200,TRUE,27
34.571048983848,0,0,34.571048983848,100.238450004856,0,33.1629192812364,0,121.754265237211,0,30.8254903263187,0,"normal","un",33,1500,0.5,0,0,0,0,FALSE,0.5,200,TRUE,27
34.571048983848,0,0,34.571048983848,100.238450004856,0,33.1629192812364,0,86.7821234551116,0,31.4942986686112,0,"normal","un",33,1500,0.5,0,0,0,0,FALSE,0.5,200,TRUE,27
34.571048983848,0,0,34.571048983848,100.238450004856,0,33.1629192812364,0,103.563282570261,0,33.427968538935,0,"normal","un",33,1500,0.5,0,0,0,0,FALSE,0.5,200,TRUE,27
34.571048983848,0,0,34.571048983848,100.238450004856,0,33.1629192812364,0,125.558811527881,0,34.1025104905557,0,"normal","un",33,1500,0.5,0,0,0,0,FALSE,0.5,200,TRUE,27
34.571048983848,0,0,34.571048983848,100.238450004856,0,33.1629192812364,0,104.093863444509,0,33.3100957985324,0,"normal","un",33,1500,0.5,0,0,0,0,FALSE,0.5,200,TRUE,27
34.571048983848,0,0,34.571048983848,100.238450004856,0,33.1629192812364,0,100.209272937373,0,33.6906112576674,0,"normal","un",33,1500,0.5,0,0,0,0,FALSE,0.5,200,TRUE,27
34.571048983848,0,0,34.571048983848,100.238450004856,0,33.1629192812364,0,100.396869790974,0,32.5341935124035,0,"normal","un",33,1500,0.5,0,0,0,0,FALSE,0.5,200,TRUE,27
34.571048983848,0,0,34.571048983848,100.238450004856,0,33.1629192812364,0,99.2012128747755,0,33.5443207475644,0,"normal","un",33,1500,0.5,0,0,0,0,FALSE,0.5,200,TRUE,27
34.571048983848,0,0,34.571048983848,100.238450004856,0,33.1629192812364,0,92.0224895753452,0,31.1950183108506,0,"normal","un",33,1500,0.5,0,0,0,0,FALSE,0.5,200,TRUE,27
34.571048983848,0,0,34.571048983848,100.238450004856,0,33.1629192812364,0,105.303962942383,0,31.8541062767451,0,"normal","un",33,1500,0.5,0,0,0,0,FALSE,0.5,200,TRUE,27
34.571048983848,0,0,34.571048983848,100.238450004856,0,33.1629192812364,0,89.8790202139453,0,33.8191717902333,0,"normal","un",33,1500,0.5,0,0,0,0,FALSE,0.5,200,TRUE,27
34.571048983848,0,0,34.571048983848,100.238450004856,0,33.1629192812364,0,107.558649969072,0,36.2237632264538,0,"normal","un",33,1500,0.5,0,0,0,0,FALSE,0.5,200,TRUE,27
34.571048983848,0,0,34.571048983848,100.238450004856,0,33.1629192812364,0,110.155685918462,0,34.1634145709737,0,"normal","un",33,1500,0.5,0,0,0,0,FALSE,0.5,200,TRUE,27
34.571048983848,0,0,34.571048983848,100.238450004856,0,33.1629192812364,0,101.364851429336,0,28.2306369833345,0,"normal","un",33,1500,0.5,0,0,0,0,FALSE,0.5,200,TRUE,27
34.571048983848,0,0,34.571048983848,100.238450004856,0,33.1629192812364,0,85.4096782581732,0,34.5817532114382,0,"normal","un",33,1500,0.5,0,0,0,0,FALSE,0.5,200,TRUE,27
34.571048983848,0,0,34.571048983848,100.238450004856,0,33.1629192812364,0,84.7137856256272,0,31.2271299564712,0,"normal","un",33,1500,0.5,0,0,0,0,FALSE,0.5,200,TRUE,27
34.571048983848,0,0,34.571048983848,100.238450004856,0,33.1629192812364,0,97.1926302253774,0,31.7771918757535,0,"normal","un",33,1500,0.5,0,0,0,0,FALSE,0.5,200,TRUE,27
34.571048983848,0,0,34.571048983848,100.238450004856,0,33.1629192812364,0,94.157546400922,0,31.0126204886202,0,"normal","un",33,1500,0.5,0,0,0,0,FALSE,0.5,200,TRUE,27
34.571048983848,0,0,34.571048983848,100.238450004856,0,33.1629192812364,0,103.281641925367,0,34.3839919086908,0,"normal","un",33,1500,0.5,0,0,0,0,FALSE,0.5,200,TRUE,27
34.571048983848,0,0,34.571048983848,100.238450004856,0,33.1629192812364,0,99.6384183841929,0,31.0805586571475,0,"normal","un",33,1500,0.5,0,0,0,0,FALSE,0.5,200,TRUE,27
34.571048983848,0,0,34.571048983848,100.238450004856,0,33.1629192812364,0,104.00842283935,0,34.400018353117,0,"normal","un",33,1500,0.5,0,0,0,0,FALSE,0.5,200,TRUE,27
34.571048983848,0,0,34.571048983848,100.238450004856,0,33.1629192812364,0,101.303798763991,0,32.1440745346943,0,"normal","un",33,1500,0.5,0,0,0,0,FALSE,0.5,200,TRUE,27
34.571048983848,0,0,34.571048983848,100.238450004856,0,33.1629192812364,0,112.595642571914,0,33.3569800211266,0,"normal","un",33,1500,0.5,0,0,0,0,FALSE,0.5,200,TRUE,27
34.571048983848,0,0,34.571048983848,100.238450004856,0,33.1629192812364,0,113.947348052351,0,37.048737711869,0,"normal","un",33,1500,0.5,0,0,0,0,FALSE,0.5,200,TRUE,27
34.571048983848,0,0,34.571048983848,100.238450004856,0,33.1629192812364,0,93.1467392034115,0,31.6311820829294,0,"normal","un",33,1500,0.5,0,0,0,0,FALSE,0.5,200,TRUE,27
34.571048983848,0,0,34.571048983848,100.238450004856,0,33.1629192812364,0,101.685041881157,0,30.2551570747243,0,"normal","un",33,1500,0.5,0,0,0,0,FALSE,0.5,200,TRUE,27
34.571048983848,0,0,34.571048983848,100.238450004856,0,33.1629192812364,0,102.35286439228,0,36.6963588260788,0,"normal","un",33,1500,0.5,0,0,0,0,FALSE,0.5,200,TRUE,27
34.571048983848,0,0,34.571048983848,100.238450004856,0,33.1629192812364,0,99.948177227334,0,34.8026550086671,0,"normal","un",33,1500,0.5,0,0,0,0,FALSE,0.5,200,TRUE,27
34.571048983848,0,0,34.571048983848,100.238450004856,0,33.1629192812364,0,94.6330710431853,0,32.6012162540472,0,"normal","un",33,1500,0.5,0,0,0,0,FALSE,0.5,200,TRUE,27
34.571048983848,0,0,34.571048983848,100.238450004856,0,33.1629192812364,0,90.2816553816061,0,33.6921181425233,0,"normal","un",33,1500,0.5,0,0,0,0,FALSE,0.5,200,TRUE,27
34.571048983848,0,0,34.571048983848,100.238450004856,0,33.1629192812364,0,99.4825291324452,0,30.8300158643947,0,"normal","un",33,1500,0.5,0,0,0,0,FALSE,0.5,200,TRUE,27
34.571048983848,0,0,34.571048983848,100.238450004856,0,33.1629192812364,0,117.213653933986,0,30.7763070828609,0,"normal","un",33,1500,0.5,0,0,0,0,FALSE,0.5,200,TRUE,27
34.571048983848,0,0,34.571048983848,100.238450004856,0,33.1629192812364,0,85.3090401824602,0,32.2921624650442,0,"normal","un",33,1500,0.5,0,0,0,0,FALSE,0.5,200,TRUE,27
34.571048983848,0,0,34.571048983848,100.238450004856,0,33.1629192812364,0,130.802876752106,0,34.8444890596777,0,"normal","un",33,1500,0.5,0,0,0,0,FALSE,0.5,200,TRUE,27
34.571048983848,0,0,34.571048983848,100.238450004856,0,33.1629192812364,0,112.974083808481,0,34.5422032671211,0,"normal","un",33,1500,0.5,0,0,0,0,FALSE,0.5,200,TRUE,27
34.571048983848,0,0,34.571048983848,100.238450004856,0,33.1629192812364,0,92.0102617145211,0,33.0004952934745,0,"normal","un",33,1500,0.5,0,0,0,0,FALSE,0.5,200,TRUE,27
34.571048983848,0,0,34.571048983848,100.238450004856,0,33.1629192812364,0,115.7423971441,0,31.6252041370611,0,"normal","un",33,1500,0.5,0,0,0,0,FALSE,0.5,200,TRUE,27
34.571048983848,0,0,34.571048983848,100.238450004856,0,33.1629192812364,0,93.5722101854811,0,31.7534607749752,0,"normal","un",33,1500,0.5,0,0,0,0,FALSE,0.5,200,TRUE,27
34.571048983848,0,0,34.571048983848,100.238450004856,0,33.1629192812364,0,92.7423743184214,0,31.8618445852039,0,"normal","un",33,1500,0.5,0,0,0,0,FALSE,0.5,200,TRUE,27
