"var_main_effect","var_inter_effect","cov_main_inter_effect","var_total_effect","EigenPrism_total","EigenPrism_CI1","EigenPrism_CI2","sub_EigenPrism_total","sub_EigenPrism_CI1","sub_EigenPrism_CI2","GCTA_total","GCTA_inter","sub_GCTA_total","sub_GCTA_inter","x_dist","structure","p","n","main_fixed_var","main_random_var","inter_fixed_var","inter_random_var","decor","interact","combine","pro","bs","n_sub","rho_e","emp_n","inter_std","i"
8,2,1.83697771289037,13.6739554257808,NA,NA,NA,NA,NA,NA,23.3293899189776,0,23.3609205178137,0,"chi","un",21,500,0.5,0,0.1,0,FALSE,0,TRUE,101,"leave-1",500,0.5,1e+05,FALSE,20
8,2,1.83697771289037,13.6739554257808,NA,NA,NA,NA,NA,NA,23.3293899189776,0,23.2822779770443,0,"chi","un",21,500,0.5,0,0.1,0,FALSE,0,TRUE,101,"leave-1",500,0.5,1e+05,FALSE,20
8,2,1.83697771289037,13.6739554257808,NA,NA,NA,NA,NA,NA,23.3293899189776,0,23.2786596956764,0,"chi","un",21,500,0.5,0,0.1,0,FALSE,0,TRUE,101,"leave-1",500,0.5,1e+05,FALSE,20
8,2,1.83697771289037,13.6739554257808,NA,NA,NA,NA,NA,NA,23.3293899189776,0,23.0608586009327,0,"chi","un",21,500,0.5,0,0.1,0,FALSE,0,TRUE,101,"leave-1",500,0.5,1e+05,FALSE,20
8,2,1.83697771289037,13.6739554257808,NA,NA,NA,NA,NA,NA,23.3293899189776,0,23.1019377411324,0,"chi","un",21,500,0.5,0,0.1,0,FALSE,0,TRUE,101,"leave-1",500,0.5,1e+05,FALSE,20
8,2,1.83697771289037,13.6739554257808,NA,NA,NA,NA,NA,NA,23.3293899189776,0,23.3532670895996,0,"chi","un",21,500,0.5,0,0.1,0,FALSE,0,TRUE,101,"leave-1",500,0.5,1e+05,FALSE,20
8,2,1.83697771289037,13.6739554257808,NA,NA,NA,NA,NA,NA,23.3293899189776,0,23.6192361524908,0,"chi","un",21,500,0.5,0,0.1,0,FALSE,0,TRUE,101,"leave-1",500,0.5,1e+05,FALSE,20
8,2,1.83697771289037,13.6739554257808,NA,NA,NA,NA,NA,NA,23.3293899189776,0,23.4012019522123,0,"chi","un",21,500,0.5,0,0.1,0,FALSE,0,TRUE,101,"leave-1",500,0.5,1e+05,FALSE,20
8,2,1.83697771289037,13.6739554257808,NA,NA,NA,NA,NA,NA,23.3293899189776,0,23.356927376586,0,"chi","un",21,500,0.5,0,0.1,0,FALSE,0,TRUE,101,"leave-1",500,0.5,1e+05,FALSE,20
8,2,1.83697771289037,13.6739554257808,NA,NA,NA,NA,NA,NA,23.3293899189776,0,23.4255172815208,0,"chi","un",21,500,0.5,0,0.1,0,FALSE,0,TRUE,101,"leave-1",500,0.5,1e+05,FALSE,20
8,2,1.83697771289037,13.6739554257808,NA,NA,NA,NA,NA,NA,23.3293899189776,0,23.3200733358923,0,"chi","un",21,500,0.5,0,0.1,0,FALSE,0,TRUE,101,"leave-1",500,0.5,1e+05,FALSE,20
8,2,1.83697771289037,13.6739554257808,NA,NA,NA,NA,NA,NA,23.3293899189776,0,23.6862689641579,0,"chi","un",21,500,0.5,0,0.1,0,FALSE,0,TRUE,101,"leave-1",500,0.5,1e+05,FALSE,20
8,2,1.83697771289037,13.6739554257808,NA,NA,NA,NA,NA,NA,23.3293899189776,0,23.176348860885,0,"chi","un",21,500,0.5,0,0.1,0,FALSE,0,TRUE,101,"leave-1",500,0.5,1e+05,FALSE,20
8,2,1.83697771289037,13.6739554257808,NA,NA,NA,NA,NA,NA,23.3293899189776,0,23.4174318357155,0,"chi","un",21,500,0.5,0,0.1,0,FALSE,0,TRUE,101,"leave-1",500,0.5,1e+05,FALSE,20
8,2,1.83697771289037,13.6739554257808,NA,NA,NA,NA,NA,NA,23.3293899189776,0,23.4440218569619,0,"chi","un",21,500,0.5,0,0.1,0,FALSE,0,TRUE,101,"leave-1",500,0.5,1e+05,FALSE,20
8,2,1.83697771289037,13.6739554257808,NA,NA,NA,NA,NA,NA,23.3293899189776,0,23.3072942706044,0,"chi","un",21,500,0.5,0,0.1,0,FALSE,0,TRUE,101,"leave-1",500,0.5,1e+05,FALSE,20
8,2,1.83697771289037,13.6739554257808,NA,NA,NA,NA,NA,NA,23.3293899189776,0,23.3466827870112,0,"chi","un",21,500,0.5,0,0.1,0,FALSE,0,TRUE,101,"leave-1",500,0.5,1e+05,FALSE,20
8,2,1.83697771289037,13.6739554257808,NA,NA,NA,NA,NA,NA,23.3293899189776,0,23.414700394911,0,"chi","un",21,500,0.5,0,0.1,0,FALSE,0,TRUE,101,"leave-1",500,0.5,1e+05,FALSE,20
8,2,1.83697771289037,13.6739554257808,NA,NA,NA,NA,NA,NA,23.3293899189776,0,23.3731162471739,0,"chi","un",21,500,0.5,0,0.1,0,FALSE,0,TRUE,101,"leave-1",500,0.5,1e+05,FALSE,20
8,2,1.83697771289037,13.6739554257808,NA,NA,NA,NA,NA,NA,23.3293899189776,0,23.3009440593094,0,"chi","un",21,500,0.5,0,0.1,0,FALSE,0,TRUE,101,"leave-1",500,0.5,1e+05,FALSE,20
8,2,1.83697771289037,13.6739554257808,NA,NA,NA,NA,NA,NA,23.3293899189776,0,23.342962563554,0,"chi","un",21,500,0.5,0,0.1,0,FALSE,0,TRUE,101,"leave-1",500,0.5,1e+05,FALSE,20
8,2,1.83697771289037,13.6739554257808,NA,NA,NA,NA,NA,NA,23.3293899189776,0,23.4636005602093,0,"chi","un",21,500,0.5,0,0.1,0,FALSE,0,TRUE,101,"leave-1",500,0.5,1e+05,FALSE,20
8,2,1.83697771289037,13.6739554257808,NA,NA,NA,NA,NA,NA,23.3293899189776,0,23.317188610347,0,"chi","un",21,500,0.5,0,0.1,0,FALSE,0,TRUE,101,"leave-1",500,0.5,1e+05,FALSE,20
8,2,1.83697771289037,13.6739554257808,NA,NA,NA,NA,NA,NA,23.3293899189776,0,22.5824906331255,0,"chi","un",21,500,0.5,0,0.1,0,FALSE,0,TRUE,101,"leave-1",500,0.5,1e+05,FALSE,20
8,2,1.83697771289037,13.6739554257808,NA,NA,NA,NA,NA,NA,23.3293899189776,0,23.4838099287949,0,"chi","un",21,500,0.5,0,0.1,0,FALSE,0,TRUE,101,"leave-1",500,0.5,1e+05,FALSE,20
8,2,1.83697771289037,13.6739554257808,NA,NA,NA,NA,NA,NA,23.3293899189776,0,23.3282361479615,0,"chi","un",21,500,0.5,0,0.1,0,FALSE,0,TRUE,101,"leave-1",500,0.5,1e+05,FALSE,20
8,2,1.83697771289037,13.6739554257808,NA,NA,NA,NA,NA,NA,23.3293899189776,0,23.4637322852031,0,"chi","un",21,500,0.5,0,0.1,0,FALSE,0,TRUE,101,"leave-1",500,0.5,1e+05,FALSE,20
8,2,1.83697771289037,13.6739554257808,NA,NA,NA,NA,NA,NA,23.3293899189776,0,23.5900197661648,0,"chi","un",21,500,0.5,0,0.1,0,FALSE,0,TRUE,101,"leave-1",500,0.5,1e+05,FALSE,20
8,2,1.83697771289037,13.6739554257808,NA,NA,NA,NA,NA,NA,23.3293899189776,0,23.2610984012954,0,"chi","un",21,500,0.5,0,0.1,0,FALSE,0,TRUE,101,"leave-1",500,0.5,1e+05,FALSE,20
8,2,1.83697771289037,13.6739554257808,NA,NA,NA,NA,NA,NA,23.3293899189776,0,23.3517129636408,0,"chi","un",21,500,0.5,0,0.1,0,FALSE,0,TRUE,101,"leave-1",500,0.5,1e+05,FALSE,20
8,2,1.83697771289037,13.6739554257808,NA,NA,NA,NA,NA,NA,23.3293899189776,0,23.4950961142135,0,"chi","un",21,500,0.5,0,0.1,0,FALSE,0,TRUE,101,"leave-1",500,0.5,1e+05,FALSE,20
8,2,1.83697771289037,13.6739554257808,NA,NA,NA,NA,NA,NA,23.3293899189776,0,23.3254526595391,0,"chi","un",21,500,0.5,0,0.1,0,FALSE,0,TRUE,101,"leave-1",500,0.5,1e+05,FALSE,20
8,2,1.83697771289037,13.6739554257808,NA,NA,NA,NA,NA,NA,23.3293899189776,0,23.3972288980296,0,"chi","un",21,500,0.5,0,0.1,0,FALSE,0,TRUE,101,"leave-1",500,0.5,1e+05,FALSE,20
8,2,1.83697771289037,13.6739554257808,NA,NA,NA,NA,NA,NA,23.3293899189776,0,23.3370218098647,0,"chi","un",21,500,0.5,0,0.1,0,FALSE,0,TRUE,101,"leave-1",500,0.5,1e+05,FALSE,20
8,2,1.83697771289037,13.6739554257808,NA,NA,NA,NA,NA,NA,23.3293899189776,0,23.3460120500803,0,"chi","un",21,500,0.5,0,0.1,0,FALSE,0,TRUE,101,"leave-1",500,0.5,1e+05,FALSE,20
8,2,1.83697771289037,13.6739554257808,NA,NA,NA,NA,NA,NA,23.3293899189776,0,23.406265253456,0,"chi","un",21,500,0.5,0,0.1,0,FALSE,0,TRUE,101,"leave-1",500,0.5,1e+05,FALSE,20
8,2,1.83697771289037,13.6739554257808,NA,NA,NA,NA,NA,NA,23.3293899189776,0,23.3835255534666,0,"chi","un",21,500,0.5,0,0.1,0,FALSE,0,TRUE,101,"leave-1",500,0.5,1e+05,FALSE,20
8,2,1.83697771289037,13.6739554257808,NA,NA,NA,NA,NA,NA,23.3293899189776,0,23.138787384592,0,"chi","un",21,500,0.5,0,0.1,0,FALSE,0,TRUE,101,"leave-1",500,0.5,1e+05,FALSE,20
8,2,1.83697771289037,13.6739554257808,NA,NA,NA,NA,NA,NA,23.3293899189776,0,23.3348454293976,0,"chi","un",21,500,0.5,0,0.1,0,FALSE,0,TRUE,101,"leave-1",500,0.5,1e+05,FALSE,20
8,2,1.83697771289037,13.6739554257808,NA,NA,NA,NA,NA,NA,23.3293899189776,0,23.2389212365814,0,"chi","un",21,500,0.5,0,0.1,0,FALSE,0,TRUE,101,"leave-1",500,0.5,1e+05,FALSE,20
8,2,1.83697771289037,13.6739554257808,NA,NA,NA,NA,NA,NA,23.3293899189776,0,23.3888398945702,0,"chi","un",21,500,0.5,0,0.1,0,FALSE,0,TRUE,101,"leave-1",500,0.5,1e+05,FALSE,20
8,2,1.83697771289037,13.6739554257808,NA,NA,NA,NA,NA,NA,23.3293899189776,0,23.6749553430032,0,"chi","un",21,500,0.5,0,0.1,0,FALSE,0,TRUE,101,"leave-1",500,0.5,1e+05,FALSE,20
8,2,1.83697771289037,13.6739554257808,NA,NA,NA,NA,NA,NA,23.3293899189776,0,23.3546290157195,0,"chi","un",21,500,0.5,0,0.1,0,FALSE,0,TRUE,101,"leave-1",500,0.5,1e+05,FALSE,20
8,2,1.83697771289037,13.6739554257808,NA,NA,NA,NA,NA,NA,23.3293899189776,0,23.582638189299,0,"chi","un",21,500,0.5,0,0.1,0,FALSE,0,TRUE,101,"leave-1",500,0.5,1e+05,FALSE,20
8,2,1.83697771289037,13.6739554257808,NA,NA,NA,NA,NA,NA,23.3293899189776,0,23.1303927414279,0,"chi","un",21,500,0.5,0,0.1,0,FALSE,0,TRUE,101,"leave-1",500,0.5,1e+05,FALSE,20
8,2,1.83697771289037,13.6739554257808,NA,NA,NA,NA,NA,NA,23.3293899189776,0,23.2824082774687,0,"chi","un",21,500,0.5,0,0.1,0,FALSE,0,TRUE,101,"leave-1",500,0.5,1e+05,FALSE,20
8,2,1.83697771289037,13.6739554257808,NA,NA,NA,NA,NA,NA,23.3293899189776,0,23.3651271336038,0,"chi","un",21,500,0.5,0,0.1,0,FALSE,0,TRUE,101,"leave-1",500,0.5,1e+05,FALSE,20
8,2,1.83697771289037,13.6739554257808,NA,NA,NA,NA,NA,NA,23.3293899189776,0,23.3705720185658,0,"chi","un",21,500,0.5,0,0.1,0,FALSE,0,TRUE,101,"leave-1",500,0.5,1e+05,FALSE,20
8,2,1.83697771289037,13.6739554257808,NA,NA,NA,NA,NA,NA,23.3293899189776,0,23.2342456842484,0,"chi","un",21,500,0.5,0,0.1,0,FALSE,0,TRUE,101,"leave-1",500,0.5,1e+05,FALSE,20
8,2,1.83697771289037,13.6739554257808,NA,NA,NA,NA,NA,NA,23.3293899189776,0,23.337571303942,0,"chi","un",21,500,0.5,0,0.1,0,FALSE,0,TRUE,101,"leave-1",500,0.5,1e+05,FALSE,20
8,2,1.83697771289037,13.6739554257808,NA,NA,NA,NA,NA,NA,23.3293899189776,0,23.4327035230601,0,"chi","un",21,500,0.5,0,0.1,0,FALSE,0,TRUE,101,"leave-1",500,0.5,1e+05,FALSE,20
8,2,1.83697771289037,13.6739554257808,NA,NA,NA,NA,NA,NA,23.3293899189776,0,23.2960375177379,0,"chi","un",21,500,0.5,0,0.1,0,FALSE,0,TRUE,101,"leave-1",500,0.5,1e+05,FALSE,20
8,2,1.83697771289037,13.6739554257808,NA,NA,NA,NA,NA,NA,23.3293899189776,0,23.2031424861214,0,"chi","un",21,500,0.5,0,0.1,0,FALSE,0,TRUE,101,"leave-1",500,0.5,1e+05,FALSE,20
8,2,1.83697771289037,13.6739554257808,NA,NA,NA,NA,NA,NA,23.3293899189776,0,23.2881844076014,0,"chi","un",21,500,0.5,0,0.1,0,FALSE,0,TRUE,101,"leave-1",500,0.5,1e+05,FALSE,20
8,2,1.83697771289037,13.6739554257808,NA,NA,NA,NA,NA,NA,23.3293899189776,0,23.4739676015776,0,"chi","un",21,500,0.5,0,0.1,0,FALSE,0,TRUE,101,"leave-1",500,0.5,1e+05,FALSE,20
8,2,1.83697771289037,13.6739554257808,NA,NA,NA,NA,NA,NA,23.3293899189776,0,23.3401010118326,0,"chi","un",21,500,0.5,0,0.1,0,FALSE,0,TRUE,101,"leave-1",500,0.5,1e+05,FALSE,20
8,2,1.83697771289037,13.6739554257808,NA,NA,NA,NA,NA,NA,23.3293899189776,0,23.4191719178013,0,"chi","un",21,500,0.5,0,0.1,0,FALSE,0,TRUE,101,"leave-1",500,0.5,1e+05,FALSE,20
8,2,1.83697771289037,13.6739554257808,NA,NA,NA,NA,NA,NA,23.3293899189776,0,23.2825282680274,0,"chi","un",21,500,0.5,0,0.1,0,FALSE,0,TRUE,101,"leave-1",500,0.5,1e+05,FALSE,20
8,2,1.83697771289037,13.6739554257808,NA,NA,NA,NA,NA,NA,23.3293899189776,0,23.5162625917493,0,"chi","un",21,500,0.5,0,0.1,0,FALSE,0,TRUE,101,"leave-1",500,0.5,1e+05,FALSE,20
8,2,1.83697771289037,13.6739554257808,NA,NA,NA,NA,NA,NA,23.3293899189776,0,23.3988441130765,0,"chi","un",21,500,0.5,0,0.1,0,FALSE,0,TRUE,101,"leave-1",500,0.5,1e+05,FALSE,20
8,2,1.83697771289037,13.6739554257808,NA,NA,NA,NA,NA,NA,23.3293899189776,0,23.1999843103211,0,"chi","un",21,500,0.5,0,0.1,0,FALSE,0,TRUE,101,"leave-1",500,0.5,1e+05,FALSE,20
8,2,1.83697771289037,13.6739554257808,NA,NA,NA,NA,NA,NA,23.3293899189776,0,23.3656892763006,0,"chi","un",21,500,0.5,0,0.1,0,FALSE,0,TRUE,101,"leave-1",500,0.5,1e+05,FALSE,20
8,2,1.83697771289037,13.6739554257808,NA,NA,NA,NA,NA,NA,23.3293899189776,0,23.5005638125568,0,"chi","un",21,500,0.5,0,0.1,0,FALSE,0,TRUE,101,"leave-1",500,0.5,1e+05,FALSE,20
8,2,1.83697771289037,13.6739554257808,NA,NA,NA,NA,NA,NA,23.3293899189776,0,23.4375920186201,0,"chi","un",21,500,0.5,0,0.1,0,FALSE,0,TRUE,101,"leave-1",500,0.5,1e+05,FALSE,20
8,2,1.83697771289037,13.6739554257808,NA,NA,NA,NA,NA,NA,23.3293899189776,0,23.4013204515639,0,"chi","un",21,500,0.5,0,0.1,0,FALSE,0,TRUE,101,"leave-1",500,0.5,1e+05,FALSE,20
8,2,1.83697771289037,13.6739554257808,NA,NA,NA,NA,NA,NA,23.3293899189776,0,23.5844977047432,0,"chi","un",21,500,0.5,0,0.1,0,FALSE,0,TRUE,101,"leave-1",500,0.5,1e+05,FALSE,20
8,2,1.83697771289037,13.6739554257808,NA,NA,NA,NA,NA,NA,23.3293899189776,0,23.3513799119201,0,"chi","un",21,500,0.5,0,0.1,0,FALSE,0,TRUE,101,"leave-1",500,0.5,1e+05,FALSE,20
8,2,1.83697771289037,13.6739554257808,NA,NA,NA,NA,NA,NA,23.3293899189776,0,23.8764062942872,0,"chi","un",21,500,0.5,0,0.1,0,FALSE,0,TRUE,101,"leave-1",500,0.5,1e+05,FALSE,20
8,2,1.83697771289037,13.6739554257808,NA,NA,NA,NA,NA,NA,23.3293899189776,0,23.3476032054477,0,"chi","un",21,500,0.5,0,0.1,0,FALSE,0,TRUE,101,"leave-1",500,0.5,1e+05,FALSE,20
8,2,1.83697771289037,13.6739554257808,NA,NA,NA,NA,NA,NA,23.3293899189776,0,23.4793166822525,0,"chi","un",21,500,0.5,0,0.1,0,FALSE,0,TRUE,101,"leave-1",500,0.5,1e+05,FALSE,20
8,2,1.83697771289037,13.6739554257808,NA,NA,NA,NA,NA,NA,23.3293899189776,0,23.3345276851944,0,"chi","un",21,500,0.5,0,0.1,0,FALSE,0,TRUE,101,"leave-1",500,0.5,1e+05,FALSE,20
8,2,1.83697771289037,13.6739554257808,NA,NA,NA,NA,NA,NA,23.3293899189776,0,23.3393751340348,0,"chi","un",21,500,0.5,0,0.1,0,FALSE,0,TRUE,101,"leave-1",500,0.5,1e+05,FALSE,20
8,2,1.83697771289037,13.6739554257808,NA,NA,NA,NA,NA,NA,23.3293899189776,0,23.2053321346925,0,"chi","un",21,500,0.5,0,0.1,0,FALSE,0,TRUE,101,"leave-1",500,0.5,1e+05,FALSE,20
8,2,1.83697771289037,13.6739554257808,NA,NA,NA,NA,NA,NA,23.3293899189776,0,23.6454516151797,0,"chi","un",21,500,0.5,0,0.1,0,FALSE,0,TRUE,101,"leave-1",500,0.5,1e+05,FALSE,20
8,2,1.83697771289037,13.6739554257808,NA,NA,NA,NA,NA,NA,23.3293899189776,0,22.2997626519741,0,"chi","un",21,500,0.5,0,0.1,0,FALSE,0,TRUE,101,"leave-1",500,0.5,1e+05,FALSE,20
8,2,1.83697771289037,13.6739554257808,NA,NA,NA,NA,NA,NA,23.3293899189776,0,23.2008506279171,0,"chi","un",21,500,0.5,0,0.1,0,FALSE,0,TRUE,101,"leave-1",500,0.5,1e+05,FALSE,20
8,2,1.83697771289037,13.6739554257808,NA,NA,NA,NA,NA,NA,23.3293899189776,0,23.7033045242773,0,"chi","un",21,500,0.5,0,0.1,0,FALSE,0,TRUE,101,"leave-1",500,0.5,1e+05,FALSE,20
8,2,1.83697771289037,13.6739554257808,NA,NA,NA,NA,NA,NA,23.3293899189776,0,23.3410305189417,0,"chi","un",21,500,0.5,0,0.1,0,FALSE,0,TRUE,101,"leave-1",500,0.5,1e+05,FALSE,20
8,2,1.83697771289037,13.6739554257808,NA,NA,NA,NA,NA,NA,23.3293899189776,0,23.3232329097918,0,"chi","un",21,500,0.5,0,0.1,0,FALSE,0,TRUE,101,"leave-1",500,0.5,1e+05,FALSE,20
8,2,1.83697771289037,13.6739554257808,NA,NA,NA,NA,NA,NA,23.3293899189776,0,22.7737179757007,0,"chi","un",21,500,0.5,0,0.1,0,FALSE,0,TRUE,101,"leave-1",500,0.5,1e+05,FALSE,20
8,2,1.83697771289037,13.6739554257808,NA,NA,NA,NA,NA,NA,23.3293899189776,0,23.4491140766012,0,"chi","un",21,500,0.5,0,0.1,0,FALSE,0,TRUE,101,"leave-1",500,0.5,1e+05,FALSE,20
8,2,1.83697771289037,13.6739554257808,NA,NA,NA,NA,NA,NA,23.3293899189776,0,23.5804980413519,0,"chi","un",21,500,0.5,0,0.1,0,FALSE,0,TRUE,101,"leave-1",500,0.5,1e+05,FALSE,20
8,2,1.83697771289037,13.6739554257808,NA,NA,NA,NA,NA,NA,23.3293899189776,0,23.3536138072993,0,"chi","un",21,500,0.5,0,0.1,0,FALSE,0,TRUE,101,"leave-1",500,0.5,1e+05,FALSE,20
8,2,1.83697771289037,13.6739554257808,NA,NA,NA,NA,NA,NA,23.3293899189776,0,23.2764575404168,0,"chi","un",21,500,0.5,0,0.1,0,FALSE,0,TRUE,101,"leave-1",500,0.5,1e+05,FALSE,20
8,2,1.83697771289037,13.6739554257808,NA,NA,NA,NA,NA,NA,23.3293899189776,0,23.3206933570347,0,"chi","un",21,500,0.5,0,0.1,0,FALSE,0,TRUE,101,"leave-1",500,0.5,1e+05,FALSE,20
8,2,1.83697771289037,13.6739554257808,NA,NA,NA,NA,NA,NA,23.3293899189776,0,23.360813166727,0,"chi","un",21,500,0.5,0,0.1,0,FALSE,0,TRUE,101,"leave-1",500,0.5,1e+05,FALSE,20
8,2,1.83697771289037,13.6739554257808,NA,NA,NA,NA,NA,NA,23.3293899189776,0,23.4514207806163,0,"chi","un",21,500,0.5,0,0.1,0,FALSE,0,TRUE,101,"leave-1",500,0.5,1e+05,FALSE,20
8,2,1.83697771289037,13.6739554257808,NA,NA,NA,NA,NA,NA,23.3293899189776,0,23.270533894504,0,"chi","un",21,500,0.5,0,0.1,0,FALSE,0,TRUE,101,"leave-1",500,0.5,1e+05,FALSE,20
8,2,1.83697771289037,13.6739554257808,NA,NA,NA,NA,NA,NA,23.3293899189776,0,23.3232016203548,0,"chi","un",21,500,0.5,0,0.1,0,FALSE,0,TRUE,101,"leave-1",500,0.5,1e+05,FALSE,20
8,2,1.83697771289037,13.6739554257808,NA,NA,NA,NA,NA,NA,23.3293899189776,0,23.062165372269,0,"chi","un",21,500,0.5,0,0.1,0,FALSE,0,TRUE,101,"leave-1",500,0.5,1e+05,FALSE,20
8,2,1.83697771289037,13.6739554257808,NA,NA,NA,NA,NA,NA,23.3293899189776,0,23.5617209951042,0,"chi","un",21,500,0.5,0,0.1,0,FALSE,0,TRUE,101,"leave-1",500,0.5,1e+05,FALSE,20
8,2,1.83697771289037,13.6739554257808,NA,NA,NA,NA,NA,NA,23.3293899189776,0,23.380713962597,0,"chi","un",21,500,0.5,0,0.1,0,FALSE,0,TRUE,101,"leave-1",500,0.5,1e+05,FALSE,20
8,2,1.83697771289037,13.6739554257808,NA,NA,NA,NA,NA,NA,23.3293899189776,0,23.3612046299009,0,"chi","un",21,500,0.5,0,0.1,0,FALSE,0,TRUE,101,"leave-1",500,0.5,1e+05,FALSE,20
8,2,1.83697771289037,13.6739554257808,NA,NA,NA,NA,NA,NA,23.3293899189776,0,23.5619202372538,0,"chi","un",21,500,0.5,0,0.1,0,FALSE,0,TRUE,101,"leave-1",500,0.5,1e+05,FALSE,20
8,2,1.83697771289037,13.6739554257808,NA,NA,NA,NA,NA,NA,23.3293899189776,0,23.1658056015647,0,"chi","un",21,500,0.5,0,0.1,0,FALSE,0,TRUE,101,"leave-1",500,0.5,1e+05,FALSE,20
8,2,1.83697771289037,13.6739554257808,NA,NA,NA,NA,NA,NA,23.3293899189776,0,23.3784031567101,0,"chi","un",21,500,0.5,0,0.1,0,FALSE,0,TRUE,101,"leave-1",500,0.5,1e+05,FALSE,20
8,2,1.83697771289037,13.6739554257808,NA,NA,NA,NA,NA,NA,23.3293899189776,0,23.1701851299691,0,"chi","un",21,500,0.5,0,0.1,0,FALSE,0,TRUE,101,"leave-1",500,0.5,1e+05,FALSE,20
8,2,1.83697771289037,13.6739554257808,NA,NA,NA,NA,NA,NA,23.3293899189776,0,22.6789651539186,0,"chi","un",21,500,0.5,0,0.1,0,FALSE,0,TRUE,101,"leave-1",500,0.5,1e+05,FALSE,20
8,2,1.83697771289037,13.6739554257808,NA,NA,NA,NA,NA,NA,23.3293899189776,0,23.2296077945427,0,"chi","un",21,500,0.5,0,0.1,0,FALSE,0,TRUE,101,"leave-1",500,0.5,1e+05,FALSE,20
8,2,1.83697771289037,13.6739554257808,NA,NA,NA,NA,NA,NA,23.3293899189776,0,23.1733101884329,0,"chi","un",21,500,0.5,0,0.1,0,FALSE,0,TRUE,101,"leave-1",500,0.5,1e+05,FALSE,20
8,2,1.83697771289037,13.6739554257808,NA,NA,NA,NA,NA,NA,23.3293899189776,0,23.396654982423,0,"chi","un",21,500,0.5,0,0.1,0,FALSE,0,TRUE,101,"leave-1",500,0.5,1e+05,FALSE,20
8,2,1.83697771289037,13.6739554257808,NA,NA,NA,NA,NA,NA,23.3293899189776,0,23.3629369227973,0,"chi","un",21,500,0.5,0,0.1,0,FALSE,0,TRUE,101,"leave-1",500,0.5,1e+05,FALSE,20
8,2,1.83697771289037,13.6739554257808,NA,NA,NA,NA,NA,NA,23.3293899189776,0,23.4118828485494,0,"chi","un",21,500,0.5,0,0.1,0,FALSE,0,TRUE,101,"leave-1",500,0.5,1e+05,FALSE,20
8,2,1.83697771289037,13.6739554257808,NA,NA,NA,NA,NA,NA,23.3293899189776,0,23.5319652287347,0,"chi","un",21,500,0.5,0,0.1,0,FALSE,0,TRUE,101,"leave-1",500,0.5,1e+05,FALSE,20
8,2,1.83697771289037,13.6739554257808,NA,NA,NA,NA,NA,NA,23.3293899189776,0,23.4485525377059,0,"chi","un",21,500,0.5,0,0.1,0,FALSE,0,TRUE,101,"leave-1",500,0.5,1e+05,FALSE,20
8,2,1.83697771289037,13.6739554257808,NA,NA,NA,NA,NA,NA,23.3293899189776,0,23.3346662199871,0,"chi","un",21,500,0.5,0,0.1,0,FALSE,0,TRUE,101,"leave-1",500,0.5,1e+05,FALSE,20
8,2,1.83697771289037,13.6739554257808,NA,NA,NA,NA,NA,NA,23.3293899189776,0,23.5131325364501,0,"chi","un",21,500,0.5,0,0.1,0,FALSE,0,TRUE,101,"leave-1",500,0.5,1e+05,FALSE,20
8,2,1.83697771289037,13.6739554257808,NA,NA,NA,NA,NA,NA,23.3293899189776,0,23.3521287618558,0,"chi","un",21,500,0.5,0,0.1,0,FALSE,0,TRUE,101,"leave-1",500,0.5,1e+05,FALSE,20
8,2,1.83697771289037,13.6739554257808,NA,NA,NA,NA,NA,NA,23.3293899189776,0,23.4740375843298,0,"chi","un",21,500,0.5,0,0.1,0,FALSE,0,TRUE,101,"leave-1",500,0.5,1e+05,FALSE,20
8,2,1.83697771289037,13.6739554257808,NA,NA,NA,NA,NA,NA,23.3293899189776,0,23.3691314310818,0,"chi","un",21,500,0.5,0,0.1,0,FALSE,0,TRUE,101,"leave-1",500,0.5,1e+05,FALSE,20
8,2,1.83697771289037,13.6739554257808,NA,NA,NA,NA,NA,NA,23.3293899189776,0,23.3232674538829,0,"chi","un",21,500,0.5,0,0.1,0,FALSE,0,TRUE,101,"leave-1",500,0.5,1e+05,FALSE,20
8,2,1.83697771289037,13.6739554257808,NA,NA,NA,NA,NA,NA,23.3293899189776,0,23.4003355379732,0,"chi","un",21,500,0.5,0,0.1,0,FALSE,0,TRUE,101,"leave-1",500,0.5,1e+05,FALSE,20
8,2,1.83697771289037,13.6739554257808,NA,NA,NA,NA,NA,NA,23.3293899189776,0,23.3741977832603,0,"chi","un",21,500,0.5,0,0.1,0,FALSE,0,TRUE,101,"leave-1",500,0.5,1e+05,FALSE,20
8,2,1.83697771289037,13.6739554257808,NA,NA,NA,NA,NA,NA,23.3293899189776,0,23.4825298237702,0,"chi","un",21,500,0.5,0,0.1,0,FALSE,0,TRUE,101,"leave-1",500,0.5,1e+05,FALSE,20
8,2,1.83697771289037,13.6739554257808,NA,NA,NA,NA,NA,NA,23.3293899189776,0,23.3257333367889,0,"chi","un",21,500,0.5,0,0.1,0,FALSE,0,TRUE,101,"leave-1",500,0.5,1e+05,FALSE,20
8,2,1.83697771289037,13.6739554257808,NA,NA,NA,NA,NA,NA,23.3293899189776,0,23.4271873977659,0,"chi","un",21,500,0.5,0,0.1,0,FALSE,0,TRUE,101,"leave-1",500,0.5,1e+05,FALSE,20
8,2,1.83697771289037,13.6739554257808,NA,NA,NA,NA,NA,NA,23.3293899189776,0,23.3468060085466,0,"chi","un",21,500,0.5,0,0.1,0,FALSE,0,TRUE,101,"leave-1",500,0.5,1e+05,FALSE,20
8,2,1.83697771289037,13.6739554257808,NA,NA,NA,NA,NA,NA,23.3293899189776,0,23.3523059782331,0,"chi","un",21,500,0.5,0,0.1,0,FALSE,0,TRUE,101,"leave-1",500,0.5,1e+05,FALSE,20
8,2,1.83697771289037,13.6739554257808,NA,NA,NA,NA,NA,NA,23.3293899189776,0,23.5578188235796,0,"chi","un",21,500,0.5,0,0.1,0,FALSE,0,TRUE,101,"leave-1",500,0.5,1e+05,FALSE,20
8,2,1.83697771289037,13.6739554257808,NA,NA,NA,NA,NA,NA,23.3293899189776,0,23.3786774357335,0,"chi","un",21,500,0.5,0,0.1,0,FALSE,0,TRUE,101,"leave-1",500,0.5,1e+05,FALSE,20
8,2,1.83697771289037,13.6739554257808,NA,NA,NA,NA,NA,NA,23.3293899189776,0,23.4435343018678,0,"chi","un",21,500,0.5,0,0.1,0,FALSE,0,TRUE,101,"leave-1",500,0.5,1e+05,FALSE,20
8,2,1.83697771289037,13.6739554257808,NA,NA,NA,NA,NA,NA,23.3293899189776,0,23.267595946275,0,"chi","un",21,500,0.5,0,0.1,0,FALSE,0,TRUE,101,"leave-1",500,0.5,1e+05,FALSE,20
8,2,1.83697771289037,13.6739554257808,NA,NA,NA,NA,NA,NA,23.3293899189776,0,23.4668237269968,0,"chi","un",21,500,0.5,0,0.1,0,FALSE,0,TRUE,101,"leave-1",500,0.5,1e+05,FALSE,20
8,2,1.83697771289037,13.6739554257808,NA,NA,NA,NA,NA,NA,23.3293899189776,0,23.3136776326748,0,"chi","un",21,500,0.5,0,0.1,0,FALSE,0,TRUE,101,"leave-1",500,0.5,1e+05,FALSE,20
8,2,1.83697771289037,13.6739554257808,NA,NA,NA,NA,NA,NA,23.3293899189776,0,23.2273556994924,0,"chi","un",21,500,0.5,0,0.1,0,FALSE,0,TRUE,101,"leave-1",500,0.5,1e+05,FALSE,20
8,2,1.83697771289037,13.6739554257808,NA,NA,NA,NA,NA,NA,23.3293899189776,0,23.1420404094422,0,"chi","un",21,500,0.5,0,0.1,0,FALSE,0,TRUE,101,"leave-1",500,0.5,1e+05,FALSE,20
8,2,1.83697771289037,13.6739554257808,NA,NA,NA,NA,NA,NA,23.3293899189776,0,23.3778535349946,0,"chi","un",21,500,0.5,0,0.1,0,FALSE,0,TRUE,101,"leave-1",500,0.5,1e+05,FALSE,20
8,2,1.83697771289037,13.6739554257808,NA,NA,NA,NA,NA,NA,23.3293899189776,0,22.6692030821011,0,"chi","un",21,500,0.5,0,0.1,0,FALSE,0,TRUE,101,"leave-1",500,0.5,1e+05,FALSE,20
8,2,1.83697771289037,13.6739554257808,NA,NA,NA,NA,NA,NA,23.3293899189776,0,23.3316504203468,0,"chi","un",21,500,0.5,0,0.1,0,FALSE,0,TRUE,101,"leave-1",500,0.5,1e+05,FALSE,20
8,2,1.83697771289037,13.6739554257808,NA,NA,NA,NA,NA,NA,23.3293899189776,0,23.5878603784068,0,"chi","un",21,500,0.5,0,0.1,0,FALSE,0,TRUE,101,"leave-1",500,0.5,1e+05,FALSE,20
8,2,1.83697771289037,13.6739554257808,NA,NA,NA,NA,NA,NA,23.3293899189776,0,23.5153242494855,0,"chi","un",21,500,0.5,0,0.1,0,FALSE,0,TRUE,101,"leave-1",500,0.5,1e+05,FALSE,20
8,2,1.83697771289037,13.6739554257808,NA,NA,NA,NA,NA,NA,23.3293899189776,0,23.3009362758621,0,"chi","un",21,500,0.5,0,0.1,0,FALSE,0,TRUE,101,"leave-1",500,0.5,1e+05,FALSE,20
8,2,1.83697771289037,13.6739554257808,NA,NA,NA,NA,NA,NA,23.3293899189776,0,23.4017249042654,0,"chi","un",21,500,0.5,0,0.1,0,FALSE,0,TRUE,101,"leave-1",500,0.5,1e+05,FALSE,20
8,2,1.83697771289037,13.6739554257808,NA,NA,NA,NA,NA,NA,23.3293899189776,0,23.3491661042681,0,"chi","un",21,500,0.5,0,0.1,0,FALSE,0,TRUE,101,"leave-1",500,0.5,1e+05,FALSE,20
8,2,1.83697771289037,13.6739554257808,NA,NA,NA,NA,NA,NA,23.3293899189776,0,23.3627036345263,0,"chi","un",21,500,0.5,0,0.1,0,FALSE,0,TRUE,101,"leave-1",500,0.5,1e+05,FALSE,20
8,2,1.83697771289037,13.6739554257808,NA,NA,NA,NA,NA,NA,23.3293899189776,0,23.3939129323086,0,"chi","un",21,500,0.5,0,0.1,0,FALSE,0,TRUE,101,"leave-1",500,0.5,1e+05,FALSE,20
8,2,1.83697771289037,13.6739554257808,NA,NA,NA,NA,NA,NA,23.3293899189776,0,23.200800636074,0,"chi","un",21,500,0.5,0,0.1,0,FALSE,0,TRUE,101,"leave-1",500,0.5,1e+05,FALSE,20
8,2,1.83697771289037,13.6739554257808,NA,NA,NA,NA,NA,NA,23.3293899189776,0,23.4175045210963,0,"chi","un",21,500,0.5,0,0.1,0,FALSE,0,TRUE,101,"leave-1",500,0.5,1e+05,FALSE,20
8,2,1.83697771289037,13.6739554257808,NA,NA,NA,NA,NA,NA,23.3293899189776,0,23.2061086644055,0,"chi","un",21,500,0.5,0,0.1,0,FALSE,0,TRUE,101,"leave-1",500,0.5,1e+05,FALSE,20
8,2,1.83697771289037,13.6739554257808,NA,NA,NA,NA,NA,NA,23.3293899189776,0,22.3047054987563,0,"chi","un",21,500,0.5,0,0.1,0,FALSE,0,TRUE,101,"leave-1",500,0.5,1e+05,FALSE,20
8,2,1.83697771289037,13.6739554257808,NA,NA,NA,NA,NA,NA,23.3293899189776,0,23.2635085097756,0,"chi","un",21,500,0.5,0,0.1,0,FALSE,0,TRUE,101,"leave-1",500,0.5,1e+05,FALSE,20
8,2,1.83697771289037,13.6739554257808,NA,NA,NA,NA,NA,NA,23.3293899189776,0,23.4854154347977,0,"chi","un",21,500,0.5,0,0.1,0,FALSE,0,TRUE,101,"leave-1",500,0.5,1e+05,FALSE,20
8,2,1.83697771289037,13.6739554257808,NA,NA,NA,NA,NA,NA,23.3293899189776,0,23.3051061258143,0,"chi","un",21,500,0.5,0,0.1,0,FALSE,0,TRUE,101,"leave-1",500,0.5,1e+05,FALSE,20
8,2,1.83697771289037,13.6739554257808,NA,NA,NA,NA,NA,NA,23.3293899189776,0,23.2922842039505,0,"chi","un",21,500,0.5,0,0.1,0,FALSE,0,TRUE,101,"leave-1",500,0.5,1e+05,FALSE,20
8,2,1.83697771289037,13.6739554257808,NA,NA,NA,NA,NA,NA,23.3293899189776,0,23.4075438281024,0,"chi","un",21,500,0.5,0,0.1,0,FALSE,0,TRUE,101,"leave-1",500,0.5,1e+05,FALSE,20
8,2,1.83697771289037,13.6739554257808,NA,NA,NA,NA,NA,NA,23.3293899189776,0,23.5237048457246,0,"chi","un",21,500,0.5,0,0.1,0,FALSE,0,TRUE,101,"leave-1",500,0.5,1e+05,FALSE,20
8,2,1.83697771289037,13.6739554257808,NA,NA,NA,NA,NA,NA,23.3293899189776,0,23.3453390385252,0,"chi","un",21,500,0.5,0,0.1,0,FALSE,0,TRUE,101,"leave-1",500,0.5,1e+05,FALSE,20
8,2,1.83697771289037,13.6739554257808,NA,NA,NA,NA,NA,NA,23.3293899189776,0,22.9785633864767,0,"chi","un",21,500,0.5,0,0.1,0,FALSE,0,TRUE,101,"leave-1",500,0.5,1e+05,FALSE,20
8,2,1.83697771289037,13.6739554257808,NA,NA,NA,NA,NA,NA,23.3293899189776,0,23.4496840283957,0,"chi","un",21,500,0.5,0,0.1,0,FALSE,0,TRUE,101,"leave-1",500,0.5,1e+05,FALSE,20
8,2,1.83697771289037,13.6739554257808,NA,NA,NA,NA,NA,NA,23.3293899189776,0,23.3435291770544,0,"chi","un",21,500,0.5,0,0.1,0,FALSE,0,TRUE,101,"leave-1",500,0.5,1e+05,FALSE,20
8,2,1.83697771289037,13.6739554257808,NA,NA,NA,NA,NA,NA,23.3293899189776,0,23.2798957484883,0,"chi","un",21,500,0.5,0,0.1,0,FALSE,0,TRUE,101,"leave-1",500,0.5,1e+05,FALSE,20
8,2,1.83697771289037,13.6739554257808,NA,NA,NA,NA,NA,NA,23.3293899189776,0,23.4722506028196,0,"chi","un",21,500,0.5,0,0.1,0,FALSE,0,TRUE,101,"leave-1",500,0.5,1e+05,FALSE,20
8,2,1.83697771289037,13.6739554257808,NA,NA,NA,NA,NA,NA,23.3293899189776,0,23.5744713200426,0,"chi","un",21,500,0.5,0,0.1,0,FALSE,0,TRUE,101,"leave-1",500,0.5,1e+05,FALSE,20
8,2,1.83697771289037,13.6739554257808,NA,NA,NA,NA,NA,NA,23.3293899189776,0,23.4496750260919,0,"chi","un",21,500,0.5,0,0.1,0,FALSE,0,TRUE,101,"leave-1",500,0.5,1e+05,FALSE,20
8,2,1.83697771289037,13.6739554257808,NA,NA,NA,NA,NA,NA,23.3293899189776,0,23.5560161675789,0,"chi","un",21,500,0.5,0,0.1,0,FALSE,0,TRUE,101,"leave-1",500,0.5,1e+05,FALSE,20
8,2,1.83697771289037,13.6739554257808,NA,NA,NA,NA,NA,NA,23.3293899189776,0,23.3276646043703,0,"chi","un",21,500,0.5,0,0.1,0,FALSE,0,TRUE,101,"leave-1",500,0.5,1e+05,FALSE,20
8,2,1.83697771289037,13.6739554257808,NA,NA,NA,NA,NA,NA,23.3293899189776,0,23.5252757809201,0,"chi","un",21,500,0.5,0,0.1,0,FALSE,0,TRUE,101,"leave-1",500,0.5,1e+05,FALSE,20
8,2,1.83697771289037,13.6739554257808,NA,NA,NA,NA,NA,NA,23.3293899189776,0,23.2427975000564,0,"chi","un",21,500,0.5,0,0.1,0,FALSE,0,TRUE,101,"leave-1",500,0.5,1e+05,FALSE,20
8,2,1.83697771289037,13.6739554257808,NA,NA,NA,NA,NA,NA,23.3293899189776,0,23.3322645206127,0,"chi","un",21,500,0.5,0,0.1,0,FALSE,0,TRUE,101,"leave-1",500,0.5,1e+05,FALSE,20
8,2,1.83697771289037,13.6739554257808,NA,NA,NA,NA,NA,NA,23.3293899189776,0,23.3423492148847,0,"chi","un",21,500,0.5,0,0.1,0,FALSE,0,TRUE,101,"leave-1",500,0.5,1e+05,FALSE,20
8,2,1.83697771289037,13.6739554257808,NA,NA,NA,NA,NA,NA,23.3293899189776,0,23.7125166591617,0,"chi","un",21,500,0.5,0,0.1,0,FALSE,0,TRUE,101,"leave-1",500,0.5,1e+05,FALSE,20
8,2,1.83697771289037,13.6739554257808,NA,NA,NA,NA,NA,NA,23.3293899189776,0,23.3423398850856,0,"chi","un",21,500,0.5,0,0.1,0,FALSE,0,TRUE,101,"leave-1",500,0.5,1e+05,FALSE,20
8,2,1.83697771289037,13.6739554257808,NA,NA,NA,NA,NA,NA,23.3293899189776,0,23.3996516673892,0,"chi","un",21,500,0.5,0,0.1,0,FALSE,0,TRUE,101,"leave-1",500,0.5,1e+05,FALSE,20
8,2,1.83697771289037,13.6739554257808,NA,NA,NA,NA,NA,NA,23.3293899189776,0,23.3398983294751,0,"chi","un",21,500,0.5,0,0.1,0,FALSE,0,TRUE,101,"leave-1",500,0.5,1e+05,FALSE,20
8,2,1.83697771289037,13.6739554257808,NA,NA,NA,NA,NA,NA,23.3293899189776,0,23.4570593766407,0,"chi","un",21,500,0.5,0,0.1,0,FALSE,0,TRUE,101,"leave-1",500,0.5,1e+05,FALSE,20
8,2,1.83697771289037,13.6739554257808,NA,NA,NA,NA,NA,NA,23.3293899189776,0,23.5182471989621,0,"chi","un",21,500,0.5,0,0.1,0,FALSE,0,TRUE,101,"leave-1",500,0.5,1e+05,FALSE,20
8,2,1.83697771289037,13.6739554257808,NA,NA,NA,NA,NA,NA,23.3293899189776,0,23.2711020847552,0,"chi","un",21,500,0.5,0,0.1,0,FALSE,0,TRUE,101,"leave-1",500,0.5,1e+05,FALSE,20
8,2,1.83697771289037,13.6739554257808,NA,NA,NA,NA,NA,NA,23.3293899189776,0,23.2701865923579,0,"chi","un",21,500,0.5,0,0.1,0,FALSE,0,TRUE,101,"leave-1",500,0.5,1e+05,FALSE,20
8,2,1.83697771289037,13.6739554257808,NA,NA,NA,NA,NA,NA,23.3293899189776,0,23.7069374324665,0,"chi","un",21,500,0.5,0,0.1,0,FALSE,0,TRUE,101,"leave-1",500,0.5,1e+05,FALSE,20
8,2,1.83697771289037,13.6739554257808,NA,NA,NA,NA,NA,NA,23.3293899189776,0,23.4647132874714,0,"chi","un",21,500,0.5,0,0.1,0,FALSE,0,TRUE,101,"leave-1",500,0.5,1e+05,FALSE,20
8,2,1.83697771289037,13.6739554257808,NA,NA,NA,NA,NA,NA,23.3293899189776,0,23.3547176057905,0,"chi","un",21,500,0.5,0,0.1,0,FALSE,0,TRUE,101,"leave-1",500,0.5,1e+05,FALSE,20
8,2,1.83697771289037,13.6739554257808,NA,NA,NA,NA,NA,NA,23.3293899189776,0,23.310817022734,0,"chi","un",21,500,0.5,0,0.1,0,FALSE,0,TRUE,101,"leave-1",500,0.5,1e+05,FALSE,20
8,2,1.83697771289037,13.6739554257808,NA,NA,NA,NA,NA,NA,23.3293899189776,0,20.8900974010712,0,"chi","un",21,500,0.5,0,0.1,0,FALSE,0,TRUE,101,"leave-1",500,0.5,1e+05,FALSE,20
8,2,1.83697771289037,13.6739554257808,NA,NA,NA,NA,NA,NA,23.3293899189776,0,23.1088995257203,0,"chi","un",21,500,0.5,0,0.1,0,FALSE,0,TRUE,101,"leave-1",500,0.5,1e+05,FALSE,20
8,2,1.83697771289037,13.6739554257808,NA,NA,NA,NA,NA,NA,23.3293899189776,0,23.3473263390679,0,"chi","un",21,500,0.5,0,0.1,0,FALSE,0,TRUE,101,"leave-1",500,0.5,1e+05,FALSE,20
8,2,1.83697771289037,13.6739554257808,NA,NA,NA,NA,NA,NA,23.3293899189776,0,23.3238333703321,0,"chi","un",21,500,0.5,0,0.1,0,FALSE,0,TRUE,101,"leave-1",500,0.5,1e+05,FALSE,20
8,2,1.83697771289037,13.6739554257808,NA,NA,NA,NA,NA,NA,23.3293899189776,0,23.8615007520546,0,"chi","un",21,500,0.5,0,0.1,0,FALSE,0,TRUE,101,"leave-1",500,0.5,1e+05,FALSE,20
8,2,1.83697771289037,13.6739554257808,NA,NA,NA,NA,NA,NA,23.3293899189776,0,23.3813340902199,0,"chi","un",21,500,0.5,0,0.1,0,FALSE,0,TRUE,101,"leave-1",500,0.5,1e+05,FALSE,20
8,2,1.83697771289037,13.6739554257808,NA,NA,NA,NA,NA,NA,23.3293899189776,0,23.4103362144004,0,"chi","un",21,500,0.5,0,0.1,0,FALSE,0,TRUE,101,"leave-1",500,0.5,1e+05,FALSE,20
8,2,1.83697771289037,13.6739554257808,NA,NA,NA,NA,NA,NA,23.3293899189776,0,23.1523507211697,0,"chi","un",21,500,0.5,0,0.1,0,FALSE,0,TRUE,101,"leave-1",500,0.5,1e+05,FALSE,20
8,2,1.83697771289037,13.6739554257808,NA,NA,NA,NA,NA,NA,23.3293899189776,0,23.3622539054038,0,"chi","un",21,500,0.5,0,0.1,0,FALSE,0,TRUE,101,"leave-1",500,0.5,1e+05,FALSE,20
8,2,1.83697771289037,13.6739554257808,NA,NA,NA,NA,NA,NA,23.3293899189776,0,23.2243114523413,0,"chi","un",21,500,0.5,0,0.1,0,FALSE,0,TRUE,101,"leave-1",500,0.5,1e+05,FALSE,20
8,2,1.83697771289037,13.6739554257808,NA,NA,NA,NA,NA,NA,23.3293899189776,0,22.9811637357189,0,"chi","un",21,500,0.5,0,0.1,0,FALSE,0,TRUE,101,"leave-1",500,0.5,1e+05,FALSE,20
8,2,1.83697771289037,13.6739554257808,NA,NA,NA,NA,NA,NA,23.3293899189776,0,23.0705245993949,0,"chi","un",21,500,0.5,0,0.1,0,FALSE,0,TRUE,101,"leave-1",500,0.5,1e+05,FALSE,20
8,2,1.83697771289037,13.6739554257808,NA,NA,NA,NA,NA,NA,23.3293899189776,0,23.367137395513,0,"chi","un",21,500,0.5,0,0.1,0,FALSE,0,TRUE,101,"leave-1",500,0.5,1e+05,FALSE,20
8,2,1.83697771289037,13.6739554257808,NA,NA,NA,NA,NA,NA,23.3293899189776,0,23.6228754573423,0,"chi","un",21,500,0.5,0,0.1,0,FALSE,0,TRUE,101,"leave-1",500,0.5,1e+05,FALSE,20
8,2,1.83697771289037,13.6739554257808,NA,NA,NA,NA,NA,NA,23.3293899189776,0,23.4168450358059,0,"chi","un",21,500,0.5,0,0.1,0,FALSE,0,TRUE,101,"leave-1",500,0.5,1e+05,FALSE,20
8,2,1.83697771289037,13.6739554257808,NA,NA,NA,NA,NA,NA,23.3293899189776,0,23.373675052854,0,"chi","un",21,500,0.5,0,0.1,0,FALSE,0,TRUE,101,"leave-1",500,0.5,1e+05,FALSE,20
8,2,1.83697771289037,13.6739554257808,NA,NA,NA,NA,NA,NA,23.3293899189776,0,23.4647186997531,0,"chi","un",21,500,0.5,0,0.1,0,FALSE,0,TRUE,101,"leave-1",500,0.5,1e+05,FALSE,20
8,2,1.83697771289037,13.6739554257808,NA,NA,NA,NA,NA,NA,23.3293899189776,0,23.4817678938252,0,"chi","un",21,500,0.5,0,0.1,0,FALSE,0,TRUE,101,"leave-1",500,0.5,1e+05,FALSE,20
8,2,1.83697771289037,13.6739554257808,NA,NA,NA,NA,NA,NA,23.3293899189776,0,23.1748759738194,0,"chi","un",21,500,0.5,0,0.1,0,FALSE,0,TRUE,101,"leave-1",500,0.5,1e+05,FALSE,20
8,2,1.83697771289037,13.6739554257808,NA,NA,NA,NA,NA,NA,23.3293899189776,0,23.3284450878853,0,"chi","un",21,500,0.5,0,0.1,0,FALSE,0,TRUE,101,"leave-1",500,0.5,1e+05,FALSE,20
8,2,1.83697771289037,13.6739554257808,NA,NA,NA,NA,NA,NA,23.3293899189776,0,23.5271621066688,0,"chi","un",21,500,0.5,0,0.1,0,FALSE,0,TRUE,101,"leave-1",500,0.5,1e+05,FALSE,20
8,2,1.83697771289037,13.6739554257808,NA,NA,NA,NA,NA,NA,23.3293899189776,0,23.022745069868,0,"chi","un",21,500,0.5,0,0.1,0,FALSE,0,TRUE,101,"leave-1",500,0.5,1e+05,FALSE,20
8,2,1.83697771289037,13.6739554257808,NA,NA,NA,NA,NA,NA,23.3293899189776,0,23.3823861374838,0,"chi","un",21,500,0.5,0,0.1,0,FALSE,0,TRUE,101,"leave-1",500,0.5,1e+05,FALSE,20
8,2,1.83697771289037,13.6739554257808,NA,NA,NA,NA,NA,NA,23.3293899189776,0,23.331086597061,0,"chi","un",21,500,0.5,0,0.1,0,FALSE,0,TRUE,101,"leave-1",500,0.5,1e+05,FALSE,20
8,2,1.83697771289037,13.6739554257808,NA,NA,NA,NA,NA,NA,23.3293899189776,0,23.4034588828878,0,"chi","un",21,500,0.5,0,0.1,0,FALSE,0,TRUE,101,"leave-1",500,0.5,1e+05,FALSE,20
8,2,1.83697771289037,13.6739554257808,NA,NA,NA,NA,NA,NA,23.3293899189776,0,23.3408019162558,0,"chi","un",21,500,0.5,0,0.1,0,FALSE,0,TRUE,101,"leave-1",500,0.5,1e+05,FALSE,20
8,2,1.83697771289037,13.6739554257808,NA,NA,NA,NA,NA,NA,23.3293899189776,0,23.2898968052209,0,"chi","un",21,500,0.5,0,0.1,0,FALSE,0,TRUE,101,"leave-1",500,0.5,1e+05,FALSE,20
8,2,1.83697771289037,13.6739554257808,NA,NA,NA,NA,NA,NA,23.3293899189776,0,23.3126687568092,0,"chi","un",21,500,0.5,0,0.1,0,FALSE,0,TRUE,101,"leave-1",500,0.5,1e+05,FALSE,20
8,2,1.83697771289037,13.6739554257808,NA,NA,NA,NA,NA,NA,23.3293899189776,0,22.486340549336,0,"chi","un",21,500,0.5,0,0.1,0,FALSE,0,TRUE,101,"leave-1",500,0.5,1e+05,FALSE,20
8,2,1.83697771289037,13.6739554257808,NA,NA,NA,NA,NA,NA,23.3293899189776,0,23.2714809055558,0,"chi","un",21,500,0.5,0,0.1,0,FALSE,0,TRUE,101,"leave-1",500,0.5,1e+05,FALSE,20
8,2,1.83697771289037,13.6739554257808,NA,NA,NA,NA,NA,NA,23.3293899189776,0,22.823214670881,0,"chi","un",21,500,0.5,0,0.1,0,FALSE,0,TRUE,101,"leave-1",500,0.5,1e+05,FALSE,20
8,2,1.83697771289037,13.6739554257808,NA,NA,NA,NA,NA,NA,23.3293899189776,0,23.3971979764571,0,"chi","un",21,500,0.5,0,0.1,0,FALSE,0,TRUE,101,"leave-1",500,0.5,1e+05,FALSE,20
8,2,1.83697771289037,13.6739554257808,NA,NA,NA,NA,NA,NA,23.3293899189776,0,23.3622524804175,0,"chi","un",21,500,0.5,0,0.1,0,FALSE,0,TRUE,101,"leave-1",500,0.5,1e+05,FALSE,20
8,2,1.83697771289037,13.6739554257808,NA,NA,NA,NA,NA,NA,23.3293899189776,0,23.2960001399437,0,"chi","un",21,500,0.5,0,0.1,0,FALSE,0,TRUE,101,"leave-1",500,0.5,1e+05,FALSE,20
8,2,1.83697771289037,13.6739554257808,NA,NA,NA,NA,NA,NA,23.3293899189776,0,23.3418181497934,0,"chi","un",21,500,0.5,0,0.1,0,FALSE,0,TRUE,101,"leave-1",500,0.5,1e+05,FALSE,20
8,2,1.83697771289037,13.6739554257808,NA,NA,NA,NA,NA,NA,23.3293899189776,0,23.3134772027547,0,"chi","un",21,500,0.5,0,0.1,0,FALSE,0,TRUE,101,"leave-1",500,0.5,1e+05,FALSE,20
8,2,1.83697771289037,13.6739554257808,NA,NA,NA,NA,NA,NA,23.3293899189776,0,23.3810296767263,0,"chi","un",21,500,0.5,0,0.1,0,FALSE,0,TRUE,101,"leave-1",500,0.5,1e+05,FALSE,20
8,2,1.83697771289037,13.6739554257808,NA,NA,NA,NA,NA,NA,23.3293899189776,0,23.3799358484188,0,"chi","un",21,500,0.5,0,0.1,0,FALSE,0,TRUE,101,"leave-1",500,0.5,1e+05,FALSE,20
8,2,1.83697771289037,13.6739554257808,NA,NA,NA,NA,NA,NA,23.3293899189776,0,23.4548463741999,0,"chi","un",21,500,0.5,0,0.1,0,FALSE,0,TRUE,101,"leave-1",500,0.5,1e+05,FALSE,20
8,2,1.83697771289037,13.6739554257808,NA,NA,NA,NA,NA,NA,23.3293899189776,0,23.5975285259614,0,"chi","un",21,500,0.5,0,0.1,0,FALSE,0,TRUE,101,"leave-1",500,0.5,1e+05,FALSE,20
8,2,1.83697771289037,13.6739554257808,NA,NA,NA,NA,NA,NA,23.3293899189776,0,23.439055762449,0,"chi","un",21,500,0.5,0,0.1,0,FALSE,0,TRUE,101,"leave-1",500,0.5,1e+05,FALSE,20
8,2,1.83697771289037,13.6739554257808,NA,NA,NA,NA,NA,NA,23.3293899189776,0,23.3277519170406,0,"chi","un",21,500,0.5,0,0.1,0,FALSE,0,TRUE,101,"leave-1",500,0.5,1e+05,FALSE,20
8,2,1.83697771289037,13.6739554257808,NA,NA,NA,NA,NA,NA,23.3293899189776,0,23.4275967085596,0,"chi","un",21,500,0.5,0,0.1,0,FALSE,0,TRUE,101,"leave-1",500,0.5,1e+05,FALSE,20
8,2,1.83697771289037,13.6739554257808,NA,NA,NA,NA,NA,NA,23.3293899189776,0,23.3236989679067,0,"chi","un",21,500,0.5,0,0.1,0,FALSE,0,TRUE,101,"leave-1",500,0.5,1e+05,FALSE,20
8,2,1.83697771289037,13.6739554257808,NA,NA,NA,NA,NA,NA,23.3293899189776,0,23.4054554379851,0,"chi","un",21,500,0.5,0,0.1,0,FALSE,0,TRUE,101,"leave-1",500,0.5,1e+05,FALSE,20
8,2,1.83697771289037,13.6739554257808,NA,NA,NA,NA,NA,NA,23.3293899189776,0,23.2076079499762,0,"chi","un",21,500,0.5,0,0.1,0,FALSE,0,TRUE,101,"leave-1",500,0.5,1e+05,FALSE,20
8,2,1.83697771289037,13.6739554257808,NA,NA,NA,NA,NA,NA,23.3293899189776,0,23.3204362212708,0,"chi","un",21,500,0.5,0,0.1,0,FALSE,0,TRUE,101,"leave-1",500,0.5,1e+05,FALSE,20
8,2,1.83697771289037,13.6739554257808,NA,NA,NA,NA,NA,NA,23.3293899189776,0,23.4337402159299,0,"chi","un",21,500,0.5,0,0.1,0,FALSE,0,TRUE,101,"leave-1",500,0.5,1e+05,FALSE,20
8,2,1.83697771289037,13.6739554257808,NA,NA,NA,NA,NA,NA,23.3293899189776,0,23.4800920507723,0,"chi","un",21,500,0.5,0,0.1,0,FALSE,0,TRUE,101,"leave-1",500,0.5,1e+05,FALSE,20
8,2,1.83697771289037,13.6739554257808,NA,NA,NA,NA,NA,NA,23.3293899189776,0,23.2885075590957,0,"chi","un",21,500,0.5,0,0.1,0,FALSE,0,TRUE,101,"leave-1",500,0.5,1e+05,FALSE,20
8,2,1.83697771289037,13.6739554257808,NA,NA,NA,NA,NA,NA,23.3293899189776,0,23.3517401634379,0,"chi","un",21,500,0.5,0,0.1,0,FALSE,0,TRUE,101,"leave-1",500,0.5,1e+05,FALSE,20
8,2,1.83697771289037,13.6739554257808,NA,NA,NA,NA,NA,NA,23.3293899189776,0,23.320898000778,0,"chi","un",21,500,0.5,0,0.1,0,FALSE,0,TRUE,101,"leave-1",500,0.5,1e+05,FALSE,20
8,2,1.83697771289037,13.6739554257808,NA,NA,NA,NA,NA,NA,23.3293899189776,0,23.3476648484462,0,"chi","un",21,500,0.5,0,0.1,0,FALSE,0,TRUE,101,"leave-1",500,0.5,1e+05,FALSE,20
8,2,1.83697771289037,13.6739554257808,NA,NA,NA,NA,NA,NA,23.3293899189776,0,23.2918315648876,0,"chi","un",21,500,0.5,0,0.1,0,FALSE,0,TRUE,101,"leave-1",500,0.5,1e+05,FALSE,20
8,2,1.83697771289037,13.6739554257808,NA,NA,NA,NA,NA,NA,23.3293899189776,0,22.3742583700033,0,"chi","un",21,500,0.5,0,0.1,0,FALSE,0,TRUE,101,"leave-1",500,0.5,1e+05,FALSE,20
8,2,1.83697771289037,13.6739554257808,NA,NA,NA,NA,NA,NA,23.3293899189776,0,23.2634735335576,0,"chi","un",21,500,0.5,0,0.1,0,FALSE,0,TRUE,101,"leave-1",500,0.5,1e+05,FALSE,20
8,2,1.83697771289037,13.6739554257808,NA,NA,NA,NA,NA,NA,23.3293899189776,0,22.9518669301321,0,"chi","un",21,500,0.5,0,0.1,0,FALSE,0,TRUE,101,"leave-1",500,0.5,1e+05,FALSE,20
8,2,1.83697771289037,13.6739554257808,NA,NA,NA,NA,NA,NA,23.3293899189776,0,23.2407363464828,0,"chi","un",21,500,0.5,0,0.1,0,FALSE,0,TRUE,101,"leave-1",500,0.5,1e+05,FALSE,20
8,2,1.83697771289037,13.6739554257808,NA,NA,NA,NA,NA,NA,23.3293899189776,0,23.5313191371443,0,"chi","un",21,500,0.5,0,0.1,0,FALSE,0,TRUE,101,"leave-1",500,0.5,1e+05,FALSE,20
8,2,1.83697771289037,13.6739554257808,NA,NA,NA,NA,NA,NA,23.3293899189776,0,23.2318043779706,0,"chi","un",21,500,0.5,0,0.1,0,FALSE,0,TRUE,101,"leave-1",500,0.5,1e+05,FALSE,20
8,2,1.83697771289037,13.6739554257808,NA,NA,NA,NA,NA,NA,23.3293899189776,0,23.3675256437692,0,"chi","un",21,500,0.5,0,0.1,0,FALSE,0,TRUE,101,"leave-1",500,0.5,1e+05,FALSE,20
8,2,1.83697771289037,13.6739554257808,NA,NA,NA,NA,NA,NA,23.3293899189776,0,23.3362554175078,0,"chi","un",21,500,0.5,0,0.1,0,FALSE,0,TRUE,101,"leave-1",500,0.5,1e+05,FALSE,20
8,2,1.83697771289037,13.6739554257808,NA,NA,NA,NA,NA,NA,23.3293899189776,0,23.3660074341333,0,"chi","un",21,500,0.5,0,0.1,0,FALSE,0,TRUE,101,"leave-1",500,0.5,1e+05,FALSE,20
8,2,1.83697771289037,13.6739554257808,NA,NA,NA,NA,NA,NA,23.3293899189776,0,23.2657856424534,0,"chi","un",21,500,0.5,0,0.1,0,FALSE,0,TRUE,101,"leave-1",500,0.5,1e+05,FALSE,20
8,2,1.83697771289037,13.6739554257808,NA,NA,NA,NA,NA,NA,23.3293899189776,0,23.3726902215889,0,"chi","un",21,500,0.5,0,0.1,0,FALSE,0,TRUE,101,"leave-1",500,0.5,1e+05,FALSE,20
8,2,1.83697771289037,13.6739554257808,NA,NA,NA,NA,NA,NA,23.3293899189776,0,23.3065404192473,0,"chi","un",21,500,0.5,0,0.1,0,FALSE,0,TRUE,101,"leave-1",500,0.5,1e+05,FALSE,20
8,2,1.83697771289037,13.6739554257808,NA,NA,NA,NA,NA,NA,23.3293899189776,0,22.7610564087892,0,"chi","un",21,500,0.5,0,0.1,0,FALSE,0,TRUE,101,"leave-1",500,0.5,1e+05,FALSE,20
8,2,1.83697771289037,13.6739554257808,NA,NA,NA,NA,NA,NA,23.3293899189776,0,23.4155011393418,0,"chi","un",21,500,0.5,0,0.1,0,FALSE,0,TRUE,101,"leave-1",500,0.5,1e+05,FALSE,20
8,2,1.83697771289037,13.6739554257808,NA,NA,NA,NA,NA,NA,23.3293899189776,0,23.2355694676547,0,"chi","un",21,500,0.5,0,0.1,0,FALSE,0,TRUE,101,"leave-1",500,0.5,1e+05,FALSE,20
8,2,1.83697771289037,13.6739554257808,NA,NA,NA,NA,NA,NA,23.3293899189776,0,23.3289470549143,0,"chi","un",21,500,0.5,0,0.1,0,FALSE,0,TRUE,101,"leave-1",500,0.5,1e+05,FALSE,20
8,2,1.83697771289037,13.6739554257808,NA,NA,NA,NA,NA,NA,23.3293899189776,0,23.3128233118117,0,"chi","un",21,500,0.5,0,0.1,0,FALSE,0,TRUE,101,"leave-1",500,0.5,1e+05,FALSE,20
8,2,1.83697771289037,13.6739554257808,NA,NA,NA,NA,NA,NA,23.3293899189776,0,23.3468927622405,0,"chi","un",21,500,0.5,0,0.1,0,FALSE,0,TRUE,101,"leave-1",500,0.5,1e+05,FALSE,20
8,2,1.83697771289037,13.6739554257808,NA,NA,NA,NA,NA,NA,23.3293899189776,0,23.4669153650143,0,"chi","un",21,500,0.5,0,0.1,0,FALSE,0,TRUE,101,"leave-1",500,0.5,1e+05,FALSE,20
8,2,1.83697771289037,13.6739554257808,NA,NA,NA,NA,NA,NA,23.3293899189776,0,23.3487667404224,0,"chi","un",21,500,0.5,0,0.1,0,FALSE,0,TRUE,101,"leave-1",500,0.5,1e+05,FALSE,20
8,2,1.83697771289037,13.6739554257808,NA,NA,NA,NA,NA,NA,23.3293899189776,0,23.4537003013357,0,"chi","un",21,500,0.5,0,0.1,0,FALSE,0,TRUE,101,"leave-1",500,0.5,1e+05,FALSE,20
8,2,1.83697771289037,13.6739554257808,NA,NA,NA,NA,NA,NA,23.3293899189776,0,23.3617236124103,0,"chi","un",21,500,0.5,0,0.1,0,FALSE,0,TRUE,101,"leave-1",500,0.5,1e+05,FALSE,20
8,2,1.83697771289037,13.6739554257808,NA,NA,NA,NA,NA,NA,23.3293899189776,0,23.3980031040224,0,"chi","un",21,500,0.5,0,0.1,0,FALSE,0,TRUE,101,"leave-1",500,0.5,1e+05,FALSE,20
8,2,1.83697771289037,13.6739554257808,NA,NA,NA,NA,NA,NA,23.3293899189776,0,23.2939193010101,0,"chi","un",21,500,0.5,0,0.1,0,FALSE,0,TRUE,101,"leave-1",500,0.5,1e+05,FALSE,20
8,2,1.83697771289037,13.6739554257808,NA,NA,NA,NA,NA,NA,23.3293899189776,0,23.3167982487114,0,"chi","un",21,500,0.5,0,0.1,0,FALSE,0,TRUE,101,"leave-1",500,0.5,1e+05,FALSE,20
8,2,1.83697771289037,13.6739554257808,NA,NA,NA,NA,NA,NA,23.3293899189776,0,23.3933414242309,0,"chi","un",21,500,0.5,0,0.1,0,FALSE,0,TRUE,101,"leave-1",500,0.5,1e+05,FALSE,20
8,2,1.83697771289037,13.6739554257808,NA,NA,NA,NA,NA,NA,23.3293899189776,0,23.3499770681795,0,"chi","un",21,500,0.5,0,0.1,0,FALSE,0,TRUE,101,"leave-1",500,0.5,1e+05,FALSE,20
8,2,1.83697771289037,13.6739554257808,NA,NA,NA,NA,NA,NA,23.3293899189776,0,23.3722363702644,0,"chi","un",21,500,0.5,0,0.1,0,FALSE,0,TRUE,101,"leave-1",500,0.5,1e+05,FALSE,20
8,2,1.83697771289037,13.6739554257808,NA,NA,NA,NA,NA,NA,23.3293899189776,0,23.4020246758097,0,"chi","un",21,500,0.5,0,0.1,0,FALSE,0,TRUE,101,"leave-1",500,0.5,1e+05,FALSE,20
8,2,1.83697771289037,13.6739554257808,NA,NA,NA,NA,NA,NA,23.3293899189776,0,23.4061745159696,0,"chi","un",21,500,0.5,0,0.1,0,FALSE,0,TRUE,101,"leave-1",500,0.5,1e+05,FALSE,20
8,2,1.83697771289037,13.6739554257808,NA,NA,NA,NA,NA,NA,23.3293899189776,0,23.409482690496,0,"chi","un",21,500,0.5,0,0.1,0,FALSE,0,TRUE,101,"leave-1",500,0.5,1e+05,FALSE,20
8,2,1.83697771289037,13.6739554257808,NA,NA,NA,NA,NA,NA,23.3293899189776,0,22.6485416991437,0,"chi","un",21,500,0.5,0,0.1,0,FALSE,0,TRUE,101,"leave-1",500,0.5,1e+05,FALSE,20
8,2,1.83697771289037,13.6739554257808,NA,NA,NA,NA,NA,NA,23.3293899189776,0,23.4346253138603,0,"chi","un",21,500,0.5,0,0.1,0,FALSE,0,TRUE,101,"leave-1",500,0.5,1e+05,FALSE,20
8,2,1.83697771289037,13.6739554257808,NA,NA,NA,NA,NA,NA,23.3293899189776,0,23.357032458272,0,"chi","un",21,500,0.5,0,0.1,0,FALSE,0,TRUE,101,"leave-1",500,0.5,1e+05,FALSE,20
8,2,1.83697771289037,13.6739554257808,NA,NA,NA,NA,NA,NA,23.3293899189776,0,23.0132413645733,0,"chi","un",21,500,0.5,0,0.1,0,FALSE,0,TRUE,101,"leave-1",500,0.5,1e+05,FALSE,20
8,2,1.83697771289037,13.6739554257808,NA,NA,NA,NA,NA,NA,23.3293899189776,0,23.986516402573,0,"chi","un",21,500,0.5,0,0.1,0,FALSE,0,TRUE,101,"leave-1",500,0.5,1e+05,FALSE,20
8,2,1.83697771289037,13.6739554257808,NA,NA,NA,NA,NA,NA,23.3293899189776,0,23.3681489792387,0,"chi","un",21,500,0.5,0,0.1,0,FALSE,0,TRUE,101,"leave-1",500,0.5,1e+05,FALSE,20
8,2,1.83697771289037,13.6739554257808,NA,NA,NA,NA,NA,NA,23.3293899189776,0,23.4830529558985,0,"chi","un",21,500,0.5,0,0.1,0,FALSE,0,TRUE,101,"leave-1",500,0.5,1e+05,FALSE,20
8,2,1.83697771289037,13.6739554257808,NA,NA,NA,NA,NA,NA,23.3293899189776,0,23.3413854086205,0,"chi","un",21,500,0.5,0,0.1,0,FALSE,0,TRUE,101,"leave-1",500,0.5,1e+05,FALSE,20
8,2,1.83697771289037,13.6739554257808,NA,NA,NA,NA,NA,NA,23.3293899189776,0,23.3737987413547,0,"chi","un",21,500,0.5,0,0.1,0,FALSE,0,TRUE,101,"leave-1",500,0.5,1e+05,FALSE,20
8,2,1.83697771289037,13.6739554257808,NA,NA,NA,NA,NA,NA,23.3293899189776,0,23.334764183674,0,"chi","un",21,500,0.5,0,0.1,0,FALSE,0,TRUE,101,"leave-1",500,0.5,1e+05,FALSE,20
8,2,1.83697771289037,13.6739554257808,NA,NA,NA,NA,NA,NA,23.3293899189776,0,23.2515799339898,0,"chi","un",21,500,0.5,0,0.1,0,FALSE,0,TRUE,101,"leave-1",500,0.5,1e+05,FALSE,20
8,2,1.83697771289037,13.6739554257808,NA,NA,NA,NA,NA,NA,23.3293899189776,0,23.485117277184,0,"chi","un",21,500,0.5,0,0.1,0,FALSE,0,TRUE,101,"leave-1",500,0.5,1e+05,FALSE,20
8,2,1.83697771289037,13.6739554257808,NA,NA,NA,NA,NA,NA,23.3293899189776,0,23.3588741827305,0,"chi","un",21,500,0.5,0,0.1,0,FALSE,0,TRUE,101,"leave-1",500,0.5,1e+05,FALSE,20
8,2,1.83697771289037,13.6739554257808,NA,NA,NA,NA,NA,NA,23.3293899189776,0,23.3922790100582,0,"chi","un",21,500,0.5,0,0.1,0,FALSE,0,TRUE,101,"leave-1",500,0.5,1e+05,FALSE,20
8,2,1.83697771289037,13.6739554257808,NA,NA,NA,NA,NA,NA,23.3293899189776,0,23.3365535959072,0,"chi","un",21,500,0.5,0,0.1,0,FALSE,0,TRUE,101,"leave-1",500,0.5,1e+05,FALSE,20
8,2,1.83697771289037,13.6739554257808,NA,NA,NA,NA,NA,NA,23.3293899189776,0,23.2522099923403,0,"chi","un",21,500,0.5,0,0.1,0,FALSE,0,TRUE,101,"leave-1",500,0.5,1e+05,FALSE,20
8,2,1.83697771289037,13.6739554257808,NA,NA,NA,NA,NA,NA,23.3293899189776,0,23.3223386989609,0,"chi","un",21,500,0.5,0,0.1,0,FALSE,0,TRUE,101,"leave-1",500,0.5,1e+05,FALSE,20
8,2,1.83697771289037,13.6739554257808,NA,NA,NA,NA,NA,NA,23.3293899189776,0,23.3232912485293,0,"chi","un",21,500,0.5,0,0.1,0,FALSE,0,TRUE,101,"leave-1",500,0.5,1e+05,FALSE,20
8,2,1.83697771289037,13.6739554257808,NA,NA,NA,NA,NA,NA,23.3293899189776,0,23.0706497412002,0,"chi","un",21,500,0.5,0,0.1,0,FALSE,0,TRUE,101,"leave-1",500,0.5,1e+05,FALSE,20
8,2,1.83697771289037,13.6739554257808,NA,NA,NA,NA,NA,NA,23.3293899189776,0,23.5899861028539,0,"chi","un",21,500,0.5,0,0.1,0,FALSE,0,TRUE,101,"leave-1",500,0.5,1e+05,FALSE,20
8,2,1.83697771289037,13.6739554257808,NA,NA,NA,NA,NA,NA,23.3293899189776,0,23.3514125497815,0,"chi","un",21,500,0.5,0,0.1,0,FALSE,0,TRUE,101,"leave-1",500,0.5,1e+05,FALSE,20
8,2,1.83697771289037,13.6739554257808,NA,NA,NA,NA,NA,NA,23.3293899189776,0,23.3737096751474,0,"chi","un",21,500,0.5,0,0.1,0,FALSE,0,TRUE,101,"leave-1",500,0.5,1e+05,FALSE,20
8,2,1.83697771289037,13.6739554257808,NA,NA,NA,NA,NA,NA,23.3293899189776,0,23.2586495908307,0,"chi","un",21,500,0.5,0,0.1,0,FALSE,0,TRUE,101,"leave-1",500,0.5,1e+05,FALSE,20
8,2,1.83697771289037,13.6739554257808,NA,NA,NA,NA,NA,NA,23.3293899189776,0,23.3383338402605,0,"chi","un",21,500,0.5,0,0.1,0,FALSE,0,TRUE,101,"leave-1",500,0.5,1e+05,FALSE,20
8,2,1.83697771289037,13.6739554257808,NA,NA,NA,NA,NA,NA,23.3293899189776,0,23.1944377424634,0,"chi","un",21,500,0.5,0,0.1,0,FALSE,0,TRUE,101,"leave-1",500,0.5,1e+05,FALSE,20
8,2,1.83697771289037,13.6739554257808,NA,NA,NA,NA,NA,NA,23.3293899189776,0,23.3328663650038,0,"chi","un",21,500,0.5,0,0.1,0,FALSE,0,TRUE,101,"leave-1",500,0.5,1e+05,FALSE,20
8,2,1.83697771289037,13.6739554257808,NA,NA,NA,NA,NA,NA,23.3293899189776,0,23.4293894140988,0,"chi","un",21,500,0.5,0,0.1,0,FALSE,0,TRUE,101,"leave-1",500,0.5,1e+05,FALSE,20
8,2,1.83697771289037,13.6739554257808,NA,NA,NA,NA,NA,NA,23.3293899189776,0,23.3482608305904,0,"chi","un",21,500,0.5,0,0.1,0,FALSE,0,TRUE,101,"leave-1",500,0.5,1e+05,FALSE,20
8,2,1.83697771289037,13.6739554257808,NA,NA,NA,NA,NA,NA,23.3293899189776,0,23.3643242947526,0,"chi","un",21,500,0.5,0,0.1,0,FALSE,0,TRUE,101,"leave-1",500,0.5,1e+05,FALSE,20
8,2,1.83697771289037,13.6739554257808,NA,NA,NA,NA,NA,NA,23.3293899189776,0,23.5048716635677,0,"chi","un",21,500,0.5,0,0.1,0,FALSE,0,TRUE,101,"leave-1",500,0.5,1e+05,FALSE,20
8,2,1.83697771289037,13.6739554257808,NA,NA,NA,NA,NA,NA,23.3293899189776,0,23.3587614875606,0,"chi","un",21,500,0.5,0,0.1,0,FALSE,0,TRUE,101,"leave-1",500,0.5,1e+05,FALSE,20
8,2,1.83697771289037,13.6739554257808,NA,NA,NA,NA,NA,NA,23.3293899189776,0,23.3280086545496,0,"chi","un",21,500,0.5,0,0.1,0,FALSE,0,TRUE,101,"leave-1",500,0.5,1e+05,FALSE,20
8,2,1.83697771289037,13.6739554257808,NA,NA,NA,NA,NA,NA,23.3293899189776,0,23.3401420626805,0,"chi","un",21,500,0.5,0,0.1,0,FALSE,0,TRUE,101,"leave-1",500,0.5,1e+05,FALSE,20
8,2,1.83697771289037,13.6739554257808,NA,NA,NA,NA,NA,NA,23.3293899189776,0,23.4042005064126,0,"chi","un",21,500,0.5,0,0.1,0,FALSE,0,TRUE,101,"leave-1",500,0.5,1e+05,FALSE,20
8,2,1.83697771289037,13.6739554257808,NA,NA,NA,NA,NA,NA,23.3293899189776,0,23.3035944896251,0,"chi","un",21,500,0.5,0,0.1,0,FALSE,0,TRUE,101,"leave-1",500,0.5,1e+05,FALSE,20
8,2,1.83697771289037,13.6739554257808,NA,NA,NA,NA,NA,NA,23.3293899189776,0,22.8987176848837,0,"chi","un",21,500,0.5,0,0.1,0,FALSE,0,TRUE,101,"leave-1",500,0.5,1e+05,FALSE,20
8,2,1.83697771289037,13.6739554257808,NA,NA,NA,NA,NA,NA,23.3293899189776,0,23.2012672620411,0,"chi","un",21,500,0.5,0,0.1,0,FALSE,0,TRUE,101,"leave-1",500,0.5,1e+05,FALSE,20
8,2,1.83697771289037,13.6739554257808,NA,NA,NA,NA,NA,NA,23.3293899189776,0,23.2888233336208,0,"chi","un",21,500,0.5,0,0.1,0,FALSE,0,TRUE,101,"leave-1",500,0.5,1e+05,FALSE,20
8,2,1.83697771289037,13.6739554257808,NA,NA,NA,NA,NA,NA,23.3293899189776,0,23.3196302775364,0,"chi","un",21,500,0.5,0,0.1,0,FALSE,0,TRUE,101,"leave-1",500,0.5,1e+05,FALSE,20
8,2,1.83697771289037,13.6739554257808,NA,NA,NA,NA,NA,NA,23.3293899189776,0,23.4518612390632,0,"chi","un",21,500,0.5,0,0.1,0,FALSE,0,TRUE,101,"leave-1",500,0.5,1e+05,FALSE,20
8,2,1.83697771289037,13.6739554257808,NA,NA,NA,NA,NA,NA,23.3293899189776,0,23.3415241059601,0,"chi","un",21,500,0.5,0,0.1,0,FALSE,0,TRUE,101,"leave-1",500,0.5,1e+05,FALSE,20
8,2,1.83697771289037,13.6739554257808,NA,NA,NA,NA,NA,NA,23.3293899189776,0,23.2431409367998,0,"chi","un",21,500,0.5,0,0.1,0,FALSE,0,TRUE,101,"leave-1",500,0.5,1e+05,FALSE,20
8,2,1.83697771289037,13.6739554257808,NA,NA,NA,NA,NA,NA,23.3293899189776,0,23.3630530742834,0,"chi","un",21,500,0.5,0,0.1,0,FALSE,0,TRUE,101,"leave-1",500,0.5,1e+05,FALSE,20
8,2,1.83697771289037,13.6739554257808,NA,NA,NA,NA,NA,NA,23.3293899189776,0,23.1164352239979,0,"chi","un",21,500,0.5,0,0.1,0,FALSE,0,TRUE,101,"leave-1",500,0.5,1e+05,FALSE,20
8,2,1.83697771289037,13.6739554257808,NA,NA,NA,NA,NA,NA,23.3293899189776,0,22.0299267500824,0,"chi","un",21,500,0.5,0,0.1,0,FALSE,0,TRUE,101,"leave-1",500,0.5,1e+05,FALSE,20
8,2,1.83697771289037,13.6739554257808,NA,NA,NA,NA,NA,NA,23.3293899189776,0,23.3964061049148,0,"chi","un",21,500,0.5,0,0.1,0,FALSE,0,TRUE,101,"leave-1",500,0.5,1e+05,FALSE,20
8,2,1.83697771289037,13.6739554257808,NA,NA,NA,NA,NA,NA,23.3293899189776,0,23.451651752578,0,"chi","un",21,500,0.5,0,0.1,0,FALSE,0,TRUE,101,"leave-1",500,0.5,1e+05,FALSE,20
8,2,1.83697771289037,13.6739554257808,NA,NA,NA,NA,NA,NA,23.3293899189776,0,23.35932963647,0,"chi","un",21,500,0.5,0,0.1,0,FALSE,0,TRUE,101,"leave-1",500,0.5,1e+05,FALSE,20
8,2,1.83697771289037,13.6739554257808,NA,NA,NA,NA,NA,NA,23.3293899189776,0,23.3050898727674,0,"chi","un",21,500,0.5,0,0.1,0,FALSE,0,TRUE,101,"leave-1",500,0.5,1e+05,FALSE,20
8,2,1.83697771289037,13.6739554257808,NA,NA,NA,NA,NA,NA,23.3293899189776,0,23.4518398742013,0,"chi","un",21,500,0.5,0,0.1,0,FALSE,0,TRUE,101,"leave-1",500,0.5,1e+05,FALSE,20
8,2,1.83697771289037,13.6739554257808,NA,NA,NA,NA,NA,NA,23.3293899189776,0,23.351239196333,0,"chi","un",21,500,0.5,0,0.1,0,FALSE,0,TRUE,101,"leave-1",500,0.5,1e+05,FALSE,20
8,2,1.83697771289037,13.6739554257808,NA,NA,NA,NA,NA,NA,23.3293899189776,0,22.954018744177,0,"chi","un",21,500,0.5,0,0.1,0,FALSE,0,TRUE,101,"leave-1",500,0.5,1e+05,FALSE,20
8,2,1.83697771289037,13.6739554257808,NA,NA,NA,NA,NA,NA,23.3293899189776,0,23.3253625903504,0,"chi","un",21,500,0.5,0,0.1,0,FALSE,0,TRUE,101,"leave-1",500,0.5,1e+05,FALSE,20
8,2,1.83697771289037,13.6739554257808,NA,NA,NA,NA,NA,NA,23.3293899189776,0,23.3591515514429,0,"chi","un",21,500,0.5,0,0.1,0,FALSE,0,TRUE,101,"leave-1",500,0.5,1e+05,FALSE,20
8,2,1.83697771289037,13.6739554257808,NA,NA,NA,NA,NA,NA,23.3293899189776,0,23.5254406437998,0,"chi","un",21,500,0.5,0,0.1,0,FALSE,0,TRUE,101,"leave-1",500,0.5,1e+05,FALSE,20
8,2,1.83697771289037,13.6739554257808,NA,NA,NA,NA,NA,NA,23.3293899189776,0,23.3981727685998,0,"chi","un",21,500,0.5,0,0.1,0,FALSE,0,TRUE,101,"leave-1",500,0.5,1e+05,FALSE,20
8,2,1.83697771289037,13.6739554257808,NA,NA,NA,NA,NA,NA,23.3293899189776,0,23.3630949118602,0,"chi","un",21,500,0.5,0,0.1,0,FALSE,0,TRUE,101,"leave-1",500,0.5,1e+05,FALSE,20
8,2,1.83697771289037,13.6739554257808,NA,NA,NA,NA,NA,NA,23.3293899189776,0,23.3769522812785,0,"chi","un",21,500,0.5,0,0.1,0,FALSE,0,TRUE,101,"leave-1",500,0.5,1e+05,FALSE,20
8,2,1.83697771289037,13.6739554257808,NA,NA,NA,NA,NA,NA,23.3293899189776,0,23.2977953187305,0,"chi","un",21,500,0.5,0,0.1,0,FALSE,0,TRUE,101,"leave-1",500,0.5,1e+05,FALSE,20
8,2,1.83697771289037,13.6739554257808,NA,NA,NA,NA,NA,NA,23.3293899189776,0,23.3484539051249,0,"chi","un",21,500,0.5,0,0.1,0,FALSE,0,TRUE,101,"leave-1",500,0.5,1e+05,FALSE,20
8,2,1.83697771289037,13.6739554257808,NA,NA,NA,NA,NA,NA,23.3293899189776,0,23.1249171392563,0,"chi","un",21,500,0.5,0,0.1,0,FALSE,0,TRUE,101,"leave-1",500,0.5,1e+05,FALSE,20
8,2,1.83697771289037,13.6739554257808,NA,NA,NA,NA,NA,NA,23.3293899189776,0,23.2537632802939,0,"chi","un",21,500,0.5,0,0.1,0,FALSE,0,TRUE,101,"leave-1",500,0.5,1e+05,FALSE,20
8,2,1.83697771289037,13.6739554257808,NA,NA,NA,NA,NA,NA,23.3293899189776,0,23.2419652324259,0,"chi","un",21,500,0.5,0,0.1,0,FALSE,0,TRUE,101,"leave-1",500,0.5,1e+05,FALSE,20
8,2,1.83697771289037,13.6739554257808,NA,NA,NA,NA,NA,NA,23.3293899189776,0,23.3438878919146,0,"chi","un",21,500,0.5,0,0.1,0,FALSE,0,TRUE,101,"leave-1",500,0.5,1e+05,FALSE,20
8,2,1.83697771289037,13.6739554257808,NA,NA,NA,NA,NA,NA,23.3293899189776,0,23.2917391124124,0,"chi","un",21,500,0.5,0,0.1,0,FALSE,0,TRUE,101,"leave-1",500,0.5,1e+05,FALSE,20
8,2,1.83697771289037,13.6739554257808,NA,NA,NA,NA,NA,NA,23.3293899189776,0,23.2029352012598,0,"chi","un",21,500,0.5,0,0.1,0,FALSE,0,TRUE,101,"leave-1",500,0.5,1e+05,FALSE,20
8,2,1.83697771289037,13.6739554257808,NA,NA,NA,NA,NA,NA,23.3293899189776,0,23.6730237625265,0,"chi","un",21,500,0.5,0,0.1,0,FALSE,0,TRUE,101,"leave-1",500,0.5,1e+05,FALSE,20
8,2,1.83697771289037,13.6739554257808,NA,NA,NA,NA,NA,NA,23.3293899189776,0,23.3934141061644,0,"chi","un",21,500,0.5,0,0.1,0,FALSE,0,TRUE,101,"leave-1",500,0.5,1e+05,FALSE,20
8,2,1.83697771289037,13.6739554257808,NA,NA,NA,NA,NA,NA,23.3293899189776,0,23.3141334080082,0,"chi","un",21,500,0.5,0,0.1,0,FALSE,0,TRUE,101,"leave-1",500,0.5,1e+05,FALSE,20
8,2,1.83697771289037,13.6739554257808,NA,NA,NA,NA,NA,NA,23.3293899189776,0,23.5735834349065,0,"chi","un",21,500,0.5,0,0.1,0,FALSE,0,TRUE,101,"leave-1",500,0.5,1e+05,FALSE,20
8,2,1.83697771289037,13.6739554257808,NA,NA,NA,NA,NA,NA,23.3293899189776,0,23.236746178869,0,"chi","un",21,500,0.5,0,0.1,0,FALSE,0,TRUE,101,"leave-1",500,0.5,1e+05,FALSE,20
8,2,1.83697771289037,13.6739554257808,NA,NA,NA,NA,NA,NA,23.3293899189776,0,23.3351818008391,0,"chi","un",21,500,0.5,0,0.1,0,FALSE,0,TRUE,101,"leave-1",500,0.5,1e+05,FALSE,20
8,2,1.83697771289037,13.6739554257808,NA,NA,NA,NA,NA,NA,23.3293899189776,0,23.4658077050442,0,"chi","un",21,500,0.5,0,0.1,0,FALSE,0,TRUE,101,"leave-1",500,0.5,1e+05,FALSE,20
8,2,1.83697771289037,13.6739554257808,NA,NA,NA,NA,NA,NA,23.3293899189776,0,23.5782363683868,0,"chi","un",21,500,0.5,0,0.1,0,FALSE,0,TRUE,101,"leave-1",500,0.5,1e+05,FALSE,20
8,2,1.83697771289037,13.6739554257808,NA,NA,NA,NA,NA,NA,23.3293899189776,0,23.1796921425127,0,"chi","un",21,500,0.5,0,0.1,0,FALSE,0,TRUE,101,"leave-1",500,0.5,1e+05,FALSE,20
8,2,1.83697771289037,13.6739554257808,NA,NA,NA,NA,NA,NA,23.3293899189776,0,23.386625536305,0,"chi","un",21,500,0.5,0,0.1,0,FALSE,0,TRUE,101,"leave-1",500,0.5,1e+05,FALSE,20
8,2,1.83697771289037,13.6739554257808,NA,NA,NA,NA,NA,NA,23.3293899189776,0,23.2543294802506,0,"chi","un",21,500,0.5,0,0.1,0,FALSE,0,TRUE,101,"leave-1",500,0.5,1e+05,FALSE,20
8,2,1.83697771289037,13.6739554257808,NA,NA,NA,NA,NA,NA,23.3293899189776,0,23.5138503660264,0,"chi","un",21,500,0.5,0,0.1,0,FALSE,0,TRUE,101,"leave-1",500,0.5,1e+05,FALSE,20
8,2,1.83697771289037,13.6739554257808,NA,NA,NA,NA,NA,NA,23.3293899189776,0,23.2013230476711,0,"chi","un",21,500,0.5,0,0.1,0,FALSE,0,TRUE,101,"leave-1",500,0.5,1e+05,FALSE,20
8,2,1.83697771289037,13.6739554257808,NA,NA,NA,NA,NA,NA,23.3293899189776,0,23.3062846365812,0,"chi","un",21,500,0.5,0,0.1,0,FALSE,0,TRUE,101,"leave-1",500,0.5,1e+05,FALSE,20
8,2,1.83697771289037,13.6739554257808,NA,NA,NA,NA,NA,NA,23.3293899189776,0,23.3722474214844,0,"chi","un",21,500,0.5,0,0.1,0,FALSE,0,TRUE,101,"leave-1",500,0.5,1e+05,FALSE,20
8,2,1.83697771289037,13.6739554257808,NA,NA,NA,NA,NA,NA,23.3293899189776,0,23.3302802122511,0,"chi","un",21,500,0.5,0,0.1,0,FALSE,0,TRUE,101,"leave-1",500,0.5,1e+05,FALSE,20
8,2,1.83697771289037,13.6739554257808,NA,NA,NA,NA,NA,NA,23.3293899189776,0,23.4977434334161,0,"chi","un",21,500,0.5,0,0.1,0,FALSE,0,TRUE,101,"leave-1",500,0.5,1e+05,FALSE,20
8,2,1.83697771289037,13.6739554257808,NA,NA,NA,NA,NA,NA,23.3293899189776,0,23.6465852877706,0,"chi","un",21,500,0.5,0,0.1,0,FALSE,0,TRUE,101,"leave-1",500,0.5,1e+05,FALSE,20
8,2,1.83697771289037,13.6739554257808,NA,NA,NA,NA,NA,NA,23.3293899189776,0,23.3594898383204,0,"chi","un",21,500,0.5,0,0.1,0,FALSE,0,TRUE,101,"leave-1",500,0.5,1e+05,FALSE,20
8,2,1.83697771289037,13.6739554257808,NA,NA,NA,NA,NA,NA,23.3293899189776,0,23.4412880406147,0,"chi","un",21,500,0.5,0,0.1,0,FALSE,0,TRUE,101,"leave-1",500,0.5,1e+05,FALSE,20
8,2,1.83697771289037,13.6739554257808,NA,NA,NA,NA,NA,NA,23.3293899189776,0,23.5722084140509,0,"chi","un",21,500,0.5,0,0.1,0,FALSE,0,TRUE,101,"leave-1",500,0.5,1e+05,FALSE,20
8,2,1.83697771289037,13.6739554257808,NA,NA,NA,NA,NA,NA,23.3293899189776,0,23.3412484644128,0,"chi","un",21,500,0.5,0,0.1,0,FALSE,0,TRUE,101,"leave-1",500,0.5,1e+05,FALSE,20
8,2,1.83697771289037,13.6739554257808,NA,NA,NA,NA,NA,NA,23.3293899189776,0,23.5086327158329,0,"chi","un",21,500,0.5,0,0.1,0,FALSE,0,TRUE,101,"leave-1",500,0.5,1e+05,FALSE,20
8,2,1.83697771289037,13.6739554257808,NA,NA,NA,NA,NA,NA,23.3293899189776,0,23.369889131039,0,"chi","un",21,500,0.5,0,0.1,0,FALSE,0,TRUE,101,"leave-1",500,0.5,1e+05,FALSE,20
8,2,1.83697771289037,13.6739554257808,NA,NA,NA,NA,NA,NA,23.3293899189776,0,23.4141709736162,0,"chi","un",21,500,0.5,0,0.1,0,FALSE,0,TRUE,101,"leave-1",500,0.5,1e+05,FALSE,20
8,2,1.83697771289037,13.6739554257808,NA,NA,NA,NA,NA,NA,23.3293899189776,0,23.310610320661,0,"chi","un",21,500,0.5,0,0.1,0,FALSE,0,TRUE,101,"leave-1",500,0.5,1e+05,FALSE,20
8,2,1.83697771289037,13.6739554257808,NA,NA,NA,NA,NA,NA,23.3293899189776,0,23.4607147632116,0,"chi","un",21,500,0.5,0,0.1,0,FALSE,0,TRUE,101,"leave-1",500,0.5,1e+05,FALSE,20
8,2,1.83697771289037,13.6739554257808,NA,NA,NA,NA,NA,NA,23.3293899189776,0,23.5935123327861,0,"chi","un",21,500,0.5,0,0.1,0,FALSE,0,TRUE,101,"leave-1",500,0.5,1e+05,FALSE,20
8,2,1.83697771289037,13.6739554257808,NA,NA,NA,NA,NA,NA,23.3293899189776,0,23.4264247612454,0,"chi","un",21,500,0.5,0,0.1,0,FALSE,0,TRUE,101,"leave-1",500,0.5,1e+05,FALSE,20
8,2,1.83697771289037,13.6739554257808,NA,NA,NA,NA,NA,NA,23.3293899189776,0,23.6729895314399,0,"chi","un",21,500,0.5,0,0.1,0,FALSE,0,TRUE,101,"leave-1",500,0.5,1e+05,FALSE,20
8,2,1.83697771289037,13.6739554257808,NA,NA,NA,NA,NA,NA,23.3293899189776,0,23.0993165467163,0,"chi","un",21,500,0.5,0,0.1,0,FALSE,0,TRUE,101,"leave-1",500,0.5,1e+05,FALSE,20
8,2,1.83697771289037,13.6739554257808,NA,NA,NA,NA,NA,NA,23.3293899189776,0,23.2350345984156,0,"chi","un",21,500,0.5,0,0.1,0,FALSE,0,TRUE,101,"leave-1",500,0.5,1e+05,FALSE,20
8,2,1.83697771289037,13.6739554257808,NA,NA,NA,NA,NA,NA,23.3293899189776,0,23.6347766248045,0,"chi","un",21,500,0.5,0,0.1,0,FALSE,0,TRUE,101,"leave-1",500,0.5,1e+05,FALSE,20
8,2,1.83697771289037,13.6739554257808,NA,NA,NA,NA,NA,NA,23.3293899189776,0,23.573352397001,0,"chi","un",21,500,0.5,0,0.1,0,FALSE,0,TRUE,101,"leave-1",500,0.5,1e+05,FALSE,20
8,2,1.83697771289037,13.6739554257808,NA,NA,NA,NA,NA,NA,23.3293899189776,0,23.3594972701708,0,"chi","un",21,500,0.5,0,0.1,0,FALSE,0,TRUE,101,"leave-1",500,0.5,1e+05,FALSE,20
8,2,1.83697771289037,13.6739554257808,NA,NA,NA,NA,NA,NA,23.3293899189776,0,23.1394029858671,0,"chi","un",21,500,0.5,0,0.1,0,FALSE,0,TRUE,101,"leave-1",500,0.5,1e+05,FALSE,20
8,2,1.83697771289037,13.6739554257808,NA,NA,NA,NA,NA,NA,23.3293899189776,0,23.3655576336655,0,"chi","un",21,500,0.5,0,0.1,0,FALSE,0,TRUE,101,"leave-1",500,0.5,1e+05,FALSE,20
8,2,1.83697771289037,13.6739554257808,NA,NA,NA,NA,NA,NA,23.3293899189776,0,23.3537354013545,0,"chi","un",21,500,0.5,0,0.1,0,FALSE,0,TRUE,101,"leave-1",500,0.5,1e+05,FALSE,20
8,2,1.83697771289037,13.6739554257808,NA,NA,NA,NA,NA,NA,23.3293899189776,0,23.3534849962835,0,"chi","un",21,500,0.5,0,0.1,0,FALSE,0,TRUE,101,"leave-1",500,0.5,1e+05,FALSE,20
8,2,1.83697771289037,13.6739554257808,NA,NA,NA,NA,NA,NA,23.3293899189776,0,23.4520707343687,0,"chi","un",21,500,0.5,0,0.1,0,FALSE,0,TRUE,101,"leave-1",500,0.5,1e+05,FALSE,20
8,2,1.83697771289037,13.6739554257808,NA,NA,NA,NA,NA,NA,23.3293899189776,0,23.3220279690146,0,"chi","un",21,500,0.5,0,0.1,0,FALSE,0,TRUE,101,"leave-1",500,0.5,1e+05,FALSE,20
8,2,1.83697771289037,13.6739554257808,NA,NA,NA,NA,NA,NA,23.3293899189776,0,23.3744824407305,0,"chi","un",21,500,0.5,0,0.1,0,FALSE,0,TRUE,101,"leave-1",500,0.5,1e+05,FALSE,20
8,2,1.83697771289037,13.6739554257808,NA,NA,NA,NA,NA,NA,23.3293899189776,0,23.1921144807105,0,"chi","un",21,500,0.5,0,0.1,0,FALSE,0,TRUE,101,"leave-1",500,0.5,1e+05,FALSE,20
8,2,1.83697771289037,13.6739554257808,NA,NA,NA,NA,NA,NA,23.3293899189776,0,23.9100966558312,0,"chi","un",21,500,0.5,0,0.1,0,FALSE,0,TRUE,101,"leave-1",500,0.5,1e+05,FALSE,20
8,2,1.83697771289037,13.6739554257808,NA,NA,NA,NA,NA,NA,23.3293899189776,0,23.3483895011067,0,"chi","un",21,500,0.5,0,0.1,0,FALSE,0,TRUE,101,"leave-1",500,0.5,1e+05,FALSE,20
8,2,1.83697771289037,13.6739554257808,NA,NA,NA,NA,NA,NA,23.3293899189776,0,23.2707109857688,0,"chi","un",21,500,0.5,0,0.1,0,FALSE,0,TRUE,101,"leave-1",500,0.5,1e+05,FALSE,20
8,2,1.83697771289037,13.6739554257808,NA,NA,NA,NA,NA,NA,23.3293899189776,0,23.315683187773,0,"chi","un",21,500,0.5,0,0.1,0,FALSE,0,TRUE,101,"leave-1",500,0.5,1e+05,FALSE,20
8,2,1.83697771289037,13.6739554257808,NA,NA,NA,NA,NA,NA,23.3293899189776,0,22.5311602659831,0,"chi","un",21,500,0.5,0,0.1,0,FALSE,0,TRUE,101,"leave-1",500,0.5,1e+05,FALSE,20
8,2,1.83697771289037,13.6739554257808,NA,NA,NA,NA,NA,NA,23.3293899189776,0,23.1190009294231,0,"chi","un",21,500,0.5,0,0.1,0,FALSE,0,TRUE,101,"leave-1",500,0.5,1e+05,FALSE,20
8,2,1.83697771289037,13.6739554257808,NA,NA,NA,NA,NA,NA,23.3293899189776,0,23.5582719292999,0,"chi","un",21,500,0.5,0,0.1,0,FALSE,0,TRUE,101,"leave-1",500,0.5,1e+05,FALSE,20
8,2,1.83697771289037,13.6739554257808,NA,NA,NA,NA,NA,NA,23.3293899189776,0,23.50103089015,0,"chi","un",21,500,0.5,0,0.1,0,FALSE,0,TRUE,101,"leave-1",500,0.5,1e+05,FALSE,20
8,2,1.83697771289037,13.6739554257808,NA,NA,NA,NA,NA,NA,23.3293899189776,0,23.2662711879163,0,"chi","un",21,500,0.5,0,0.1,0,FALSE,0,TRUE,101,"leave-1",500,0.5,1e+05,FALSE,20
8,2,1.83697771289037,13.6739554257808,NA,NA,NA,NA,NA,NA,23.3293899189776,0,23.3963779604655,0,"chi","un",21,500,0.5,0,0.1,0,FALSE,0,TRUE,101,"leave-1",500,0.5,1e+05,FALSE,20
8,2,1.83697771289037,13.6739554257808,NA,NA,NA,NA,NA,NA,23.3293899189776,0,23.3424658439968,0,"chi","un",21,500,0.5,0,0.1,0,FALSE,0,TRUE,101,"leave-1",500,0.5,1e+05,FALSE,20
8,2,1.83697771289037,13.6739554257808,NA,NA,NA,NA,NA,NA,23.3293899189776,0,22.9091403973491,0,"chi","un",21,500,0.5,0,0.1,0,FALSE,0,TRUE,101,"leave-1",500,0.5,1e+05,FALSE,20
8,2,1.83697771289037,13.6739554257808,NA,NA,NA,NA,NA,NA,23.3293899189776,0,23.3223664860724,0,"chi","un",21,500,0.5,0,0.1,0,FALSE,0,TRUE,101,"leave-1",500,0.5,1e+05,FALSE,20
8,2,1.83697771289037,13.6739554257808,NA,NA,NA,NA,NA,NA,23.3293899189776,0,23.504388861239,0,"chi","un",21,500,0.5,0,0.1,0,FALSE,0,TRUE,101,"leave-1",500,0.5,1e+05,FALSE,20
8,2,1.83697771289037,13.6739554257808,NA,NA,NA,NA,NA,NA,23.3293899189776,0,23.3829279187814,0,"chi","un",21,500,0.5,0,0.1,0,FALSE,0,TRUE,101,"leave-1",500,0.5,1e+05,FALSE,20
8,2,1.83697771289037,13.6739554257808,NA,NA,NA,NA,NA,NA,23.3293899189776,0,23.5352920427601,0,"chi","un",21,500,0.5,0,0.1,0,FALSE,0,TRUE,101,"leave-1",500,0.5,1e+05,FALSE,20
8,2,1.83697771289037,13.6739554257808,NA,NA,NA,NA,NA,NA,23.3293899189776,0,23.1111972124576,0,"chi","un",21,500,0.5,0,0.1,0,FALSE,0,TRUE,101,"leave-1",500,0.5,1e+05,FALSE,20
8,2,1.83697771289037,13.6739554257808,NA,NA,NA,NA,NA,NA,23.3293899189776,0,23.3620543339216,0,"chi","un",21,500,0.5,0,0.1,0,FALSE,0,TRUE,101,"leave-1",500,0.5,1e+05,FALSE,20
8,2,1.83697771289037,13.6739554257808,NA,NA,NA,NA,NA,NA,23.3293899189776,0,23.3502663078549,0,"chi","un",21,500,0.5,0,0.1,0,FALSE,0,TRUE,101,"leave-1",500,0.5,1e+05,FALSE,20
8,2,1.83697771289037,13.6739554257808,NA,NA,NA,NA,NA,NA,23.3293899189776,0,23.3718624539722,0,"chi","un",21,500,0.5,0,0.1,0,FALSE,0,TRUE,101,"leave-1",500,0.5,1e+05,FALSE,20
8,2,1.83697771289037,13.6739554257808,NA,NA,NA,NA,NA,NA,23.3293899189776,0,23.1433048133379,0,"chi","un",21,500,0.5,0,0.1,0,FALSE,0,TRUE,101,"leave-1",500,0.5,1e+05,FALSE,20
8,2,1.83697771289037,13.6739554257808,NA,NA,NA,NA,NA,NA,23.3293899189776,0,23.3848680564596,0,"chi","un",21,500,0.5,0,0.1,0,FALSE,0,TRUE,101,"leave-1",500,0.5,1e+05,FALSE,20
8,2,1.83697771289037,13.6739554257808,NA,NA,NA,NA,NA,NA,23.3293899189776,0,23.3034248859376,0,"chi","un",21,500,0.5,0,0.1,0,FALSE,0,TRUE,101,"leave-1",500,0.5,1e+05,FALSE,20
8,2,1.83697771289037,13.6739554257808,NA,NA,NA,NA,NA,NA,23.3293899189776,0,23.3468839631178,0,"chi","un",21,500,0.5,0,0.1,0,FALSE,0,TRUE,101,"leave-1",500,0.5,1e+05,FALSE,20
8,2,1.83697771289037,13.6739554257808,NA,NA,NA,NA,NA,NA,23.3293899189776,0,23.4320158111919,0,"chi","un",21,500,0.5,0,0.1,0,FALSE,0,TRUE,101,"leave-1",500,0.5,1e+05,FALSE,20
8,2,1.83697771289037,13.6739554257808,NA,NA,NA,NA,NA,NA,23.3293899189776,0,22.8144367693057,0,"chi","un",21,500,0.5,0,0.1,0,FALSE,0,TRUE,101,"leave-1",500,0.5,1e+05,FALSE,20
8,2,1.83697771289037,13.6739554257808,NA,NA,NA,NA,NA,NA,23.3293899189776,0,23.4254266833388,0,"chi","un",21,500,0.5,0,0.1,0,FALSE,0,TRUE,101,"leave-1",500,0.5,1e+05,FALSE,20
8,2,1.83697771289037,13.6739554257808,NA,NA,NA,NA,NA,NA,23.3293899189776,0,23.924504024199,0,"chi","un",21,500,0.5,0,0.1,0,FALSE,0,TRUE,101,"leave-1",500,0.5,1e+05,FALSE,20
8,2,1.83697771289037,13.6739554257808,NA,NA,NA,NA,NA,NA,23.3293899189776,0,23.286712194337,0,"chi","un",21,500,0.5,0,0.1,0,FALSE,0,TRUE,101,"leave-1",500,0.5,1e+05,FALSE,20
8,2,1.83697771289037,13.6739554257808,NA,NA,NA,NA,NA,NA,23.3293899189776,0,23.4602915514633,0,"chi","un",21,500,0.5,0,0.1,0,FALSE,0,TRUE,101,"leave-1",500,0.5,1e+05,FALSE,20
8,2,1.83697771289037,13.6739554257808,NA,NA,NA,NA,NA,NA,23.3293899189776,0,23.1227465825532,0,"chi","un",21,500,0.5,0,0.1,0,FALSE,0,TRUE,101,"leave-1",500,0.5,1e+05,FALSE,20
8,2,1.83697771289037,13.6739554257808,NA,NA,NA,NA,NA,NA,23.3293899189776,0,23.3305666576542,0,"chi","un",21,500,0.5,0,0.1,0,FALSE,0,TRUE,101,"leave-1",500,0.5,1e+05,FALSE,20
8,2,1.83697771289037,13.6739554257808,NA,NA,NA,NA,NA,NA,23.3293899189776,0,23.3473649241349,0,"chi","un",21,500,0.5,0,0.1,0,FALSE,0,TRUE,101,"leave-1",500,0.5,1e+05,FALSE,20
8,2,1.83697771289037,13.6739554257808,NA,NA,NA,NA,NA,NA,23.3293899189776,0,23.3358258658228,0,"chi","un",21,500,0.5,0,0.1,0,FALSE,0,TRUE,101,"leave-1",500,0.5,1e+05,FALSE,20
8,2,1.83697771289037,13.6739554257808,NA,NA,NA,NA,NA,NA,23.3293899189776,0,23.3553224163213,0,"chi","un",21,500,0.5,0,0.1,0,FALSE,0,TRUE,101,"leave-1",500,0.5,1e+05,FALSE,20
8,2,1.83697771289037,13.6739554257808,NA,NA,NA,NA,NA,NA,23.3293899189776,0,23.4480759569287,0,"chi","un",21,500,0.5,0,0.1,0,FALSE,0,TRUE,101,"leave-1",500,0.5,1e+05,FALSE,20
8,2,1.83697771289037,13.6739554257808,NA,NA,NA,NA,NA,NA,23.3293899189776,0,23.7424648139415,0,"chi","un",21,500,0.5,0,0.1,0,FALSE,0,TRUE,101,"leave-1",500,0.5,1e+05,FALSE,20
8,2,1.83697771289037,13.6739554257808,NA,NA,NA,NA,NA,NA,23.3293899189776,0,23.3158703342404,0,"chi","un",21,500,0.5,0,0.1,0,FALSE,0,TRUE,101,"leave-1",500,0.5,1e+05,FALSE,20
8,2,1.83697771289037,13.6739554257808,NA,NA,NA,NA,NA,NA,23.3293899189776,0,23.3405992754602,0,"chi","un",21,500,0.5,0,0.1,0,FALSE,0,TRUE,101,"leave-1",500,0.5,1e+05,FALSE,20
8,2,1.83697771289037,13.6739554257808,NA,NA,NA,NA,NA,NA,23.3293899189776,0,23.5993552279135,0,"chi","un",21,500,0.5,0,0.1,0,FALSE,0,TRUE,101,"leave-1",500,0.5,1e+05,FALSE,20
8,2,1.83697771289037,13.6739554257808,NA,NA,NA,NA,NA,NA,23.3293899189776,0,23.6365471210482,0,"chi","un",21,500,0.5,0,0.1,0,FALSE,0,TRUE,101,"leave-1",500,0.5,1e+05,FALSE,20
8,2,1.83697771289037,13.6739554257808,NA,NA,NA,NA,NA,NA,23.3293899189776,0,23.3414609149186,0,"chi","un",21,500,0.5,0,0.1,0,FALSE,0,TRUE,101,"leave-1",500,0.5,1e+05,FALSE,20
8,2,1.83697771289037,13.6739554257808,NA,NA,NA,NA,NA,NA,23.3293899189776,0,23.4299041199526,0,"chi","un",21,500,0.5,0,0.1,0,FALSE,0,TRUE,101,"leave-1",500,0.5,1e+05,FALSE,20
8,2,1.83697771289037,13.6739554257808,NA,NA,NA,NA,NA,NA,23.3293899189776,0,23.4261420409827,0,"chi","un",21,500,0.5,0,0.1,0,FALSE,0,TRUE,101,"leave-1",500,0.5,1e+05,FALSE,20
8,2,1.83697771289037,13.6739554257808,NA,NA,NA,NA,NA,NA,23.3293899189776,0,23.419426177334,0,"chi","un",21,500,0.5,0,0.1,0,FALSE,0,TRUE,101,"leave-1",500,0.5,1e+05,FALSE,20
8,2,1.83697771289037,13.6739554257808,NA,NA,NA,NA,NA,NA,23.3293899189776,0,23.4432146124816,0,"chi","un",21,500,0.5,0,0.1,0,FALSE,0,TRUE,101,"leave-1",500,0.5,1e+05,FALSE,20
8,2,1.83697771289037,13.6739554257808,NA,NA,NA,NA,NA,NA,23.3293899189776,0,23.4568655280644,0,"chi","un",21,500,0.5,0,0.1,0,FALSE,0,TRUE,101,"leave-1",500,0.5,1e+05,FALSE,20
8,2,1.83697771289037,13.6739554257808,NA,NA,NA,NA,NA,NA,23.3293899189776,0,23.3697917255735,0,"chi","un",21,500,0.5,0,0.1,0,FALSE,0,TRUE,101,"leave-1",500,0.5,1e+05,FALSE,20
8,2,1.83697771289037,13.6739554257808,NA,NA,NA,NA,NA,NA,23.3293899189776,0,23.4886479513788,0,"chi","un",21,500,0.5,0,0.1,0,FALSE,0,TRUE,101,"leave-1",500,0.5,1e+05,FALSE,20
8,2,1.83697771289037,13.6739554257808,NA,NA,NA,NA,NA,NA,23.3293899189776,0,23.3753436352237,0,"chi","un",21,500,0.5,0,0.1,0,FALSE,0,TRUE,101,"leave-1",500,0.5,1e+05,FALSE,20
8,2,1.83697771289037,13.6739554257808,NA,NA,NA,NA,NA,NA,23.3293899189776,0,23.3690498470911,0,"chi","un",21,500,0.5,0,0.1,0,FALSE,0,TRUE,101,"leave-1",500,0.5,1e+05,FALSE,20
8,2,1.83697771289037,13.6739554257808,NA,NA,NA,NA,NA,NA,23.3293899189776,0,23.2605649869959,0,"chi","un",21,500,0.5,0,0.1,0,FALSE,0,TRUE,101,"leave-1",500,0.5,1e+05,FALSE,20
8,2,1.83697771289037,13.6739554257808,NA,NA,NA,NA,NA,NA,23.3293899189776,0,23.2135841022433,0,"chi","un",21,500,0.5,0,0.1,0,FALSE,0,TRUE,101,"leave-1",500,0.5,1e+05,FALSE,20
8,2,1.83697771289037,13.6739554257808,NA,NA,NA,NA,NA,NA,23.3293899189776,0,23.3806490042173,0,"chi","un",21,500,0.5,0,0.1,0,FALSE,0,TRUE,101,"leave-1",500,0.5,1e+05,FALSE,20
8,2,1.83697771289037,13.6739554257808,NA,NA,NA,NA,NA,NA,23.3293899189776,0,23.3246959236118,0,"chi","un",21,500,0.5,0,0.1,0,FALSE,0,TRUE,101,"leave-1",500,0.5,1e+05,FALSE,20
8,2,1.83697771289037,13.6739554257808,NA,NA,NA,NA,NA,NA,23.3293899189776,0,23.347646281413,0,"chi","un",21,500,0.5,0,0.1,0,FALSE,0,TRUE,101,"leave-1",500,0.5,1e+05,FALSE,20
8,2,1.83697771289037,13.6739554257808,NA,NA,NA,NA,NA,NA,23.3293899189776,0,23.2698489523851,0,"chi","un",21,500,0.5,0,0.1,0,FALSE,0,TRUE,101,"leave-1",500,0.5,1e+05,FALSE,20
8,2,1.83697771289037,13.6739554257808,NA,NA,NA,NA,NA,NA,23.3293899189776,0,23.2690104811062,0,"chi","un",21,500,0.5,0,0.1,0,FALSE,0,TRUE,101,"leave-1",500,0.5,1e+05,FALSE,20
8,2,1.83697771289037,13.6739554257808,NA,NA,NA,NA,NA,NA,23.3293899189776,0,23.262805176348,0,"chi","un",21,500,0.5,0,0.1,0,FALSE,0,TRUE,101,"leave-1",500,0.5,1e+05,FALSE,20
8,2,1.83697771289037,13.6739554257808,NA,NA,NA,NA,NA,NA,23.3293899189776,0,22.9279897571156,0,"chi","un",21,500,0.5,0,0.1,0,FALSE,0,TRUE,101,"leave-1",500,0.5,1e+05,FALSE,20
8,2,1.83697771289037,13.6739554257808,NA,NA,NA,NA,NA,NA,23.3293899189776,0,23.4764896876873,0,"chi","un",21,500,0.5,0,0.1,0,FALSE,0,TRUE,101,"leave-1",500,0.5,1e+05,FALSE,20
8,2,1.83697771289037,13.6739554257808,NA,NA,NA,NA,NA,NA,23.3293899189776,0,23.1772793291504,0,"chi","un",21,500,0.5,0,0.1,0,FALSE,0,TRUE,101,"leave-1",500,0.5,1e+05,FALSE,20
8,2,1.83697771289037,13.6739554257808,NA,NA,NA,NA,NA,NA,23.3293899189776,0,19.8600409361819,0,"chi","un",21,500,0.5,0,0.1,0,FALSE,0,TRUE,101,"leave-1",500,0.5,1e+05,FALSE,20
8,2,1.83697771289037,13.6739554257808,NA,NA,NA,NA,NA,NA,23.3293899189776,0,23.3168661980813,0,"chi","un",21,500,0.5,0,0.1,0,FALSE,0,TRUE,101,"leave-1",500,0.5,1e+05,FALSE,20
8,2,1.83697771289037,13.6739554257808,NA,NA,NA,NA,NA,NA,23.3293899189776,0,23.2344386368002,0,"chi","un",21,500,0.5,0,0.1,0,FALSE,0,TRUE,101,"leave-1",500,0.5,1e+05,FALSE,20
8,2,1.83697771289037,13.6739554257808,NA,NA,NA,NA,NA,NA,23.3293899189776,0,23.3837153741771,0,"chi","un",21,500,0.5,0,0.1,0,FALSE,0,TRUE,101,"leave-1",500,0.5,1e+05,FALSE,20
8,2,1.83697771289037,13.6739554257808,NA,NA,NA,NA,NA,NA,23.3293899189776,0,23.2816722130535,0,"chi","un",21,500,0.5,0,0.1,0,FALSE,0,TRUE,101,"leave-1",500,0.5,1e+05,FALSE,20
8,2,1.83697771289037,13.6739554257808,NA,NA,NA,NA,NA,NA,23.3293899189776,0,23.4138552147035,0,"chi","un",21,500,0.5,0,0.1,0,FALSE,0,TRUE,101,"leave-1",500,0.5,1e+05,FALSE,20
8,2,1.83697771289037,13.6739554257808,NA,NA,NA,NA,NA,NA,23.3293899189776,0,23.4568772974762,0,"chi","un",21,500,0.5,0,0.1,0,FALSE,0,TRUE,101,"leave-1",500,0.5,1e+05,FALSE,20
8,2,1.83697771289037,13.6739554257808,NA,NA,NA,NA,NA,NA,23.3293899189776,0,23.3204069410155,0,"chi","un",21,500,0.5,0,0.1,0,FALSE,0,TRUE,101,"leave-1",500,0.5,1e+05,FALSE,20
8,2,1.83697771289037,13.6739554257808,NA,NA,NA,NA,NA,NA,23.3293899189776,0,23.3605727317555,0,"chi","un",21,500,0.5,0,0.1,0,FALSE,0,TRUE,101,"leave-1",500,0.5,1e+05,FALSE,20
8,2,1.83697771289037,13.6739554257808,NA,NA,NA,NA,NA,NA,23.3293899189776,0,23.1740135565227,0,"chi","un",21,500,0.5,0,0.1,0,FALSE,0,TRUE,101,"leave-1",500,0.5,1e+05,FALSE,20
8,2,1.83697771289037,13.6739554257808,NA,NA,NA,NA,NA,NA,23.3293899189776,0,23.4988871868786,0,"chi","un",21,500,0.5,0,0.1,0,FALSE,0,TRUE,101,"leave-1",500,0.5,1e+05,FALSE,20
8,2,1.83697771289037,13.6739554257808,NA,NA,NA,NA,NA,NA,23.3293899189776,0,23.2301538372155,0,"chi","un",21,500,0.5,0,0.1,0,FALSE,0,TRUE,101,"leave-1",500,0.5,1e+05,FALSE,20
8,2,1.83697771289037,13.6739554257808,NA,NA,NA,NA,NA,NA,23.3293899189776,0,23.337339891203,0,"chi","un",21,500,0.5,0,0.1,0,FALSE,0,TRUE,101,"leave-1",500,0.5,1e+05,FALSE,20
8,2,1.83697771289037,13.6739554257808,NA,NA,NA,NA,NA,NA,23.3293899189776,0,23.4087722758487,0,"chi","un",21,500,0.5,0,0.1,0,FALSE,0,TRUE,101,"leave-1",500,0.5,1e+05,FALSE,20
8,2,1.83697771289037,13.6739554257808,NA,NA,NA,NA,NA,NA,23.3293899189776,0,23.4542945317949,0,"chi","un",21,500,0.5,0,0.1,0,FALSE,0,TRUE,101,"leave-1",500,0.5,1e+05,FALSE,20
8,2,1.83697771289037,13.6739554257808,NA,NA,NA,NA,NA,NA,23.3293899189776,0,23.1120408579158,0,"chi","un",21,500,0.5,0,0.1,0,FALSE,0,TRUE,101,"leave-1",500,0.5,1e+05,FALSE,20
8,2,1.83697771289037,13.6739554257808,NA,NA,NA,NA,NA,NA,23.3293899189776,0,23.3235435525456,0,"chi","un",21,500,0.5,0,0.1,0,FALSE,0,TRUE,101,"leave-1",500,0.5,1e+05,FALSE,20
8,2,1.83697771289037,13.6739554257808,NA,NA,NA,NA,NA,NA,23.3293899189776,0,23.510763755167,0,"chi","un",21,500,0.5,0,0.1,0,FALSE,0,TRUE,101,"leave-1",500,0.5,1e+05,FALSE,20
8,2,1.83697771289037,13.6739554257808,NA,NA,NA,NA,NA,NA,23.3293899189776,0,23.3921160939786,0,"chi","un",21,500,0.5,0,0.1,0,FALSE,0,TRUE,101,"leave-1",500,0.5,1e+05,FALSE,20
8,2,1.83697771289037,13.6739554257808,NA,NA,NA,NA,NA,NA,23.3293899189776,0,22.452166104028,0,"chi","un",21,500,0.5,0,0.1,0,FALSE,0,TRUE,101,"leave-1",500,0.5,1e+05,FALSE,20
8,2,1.83697771289037,13.6739554257808,NA,NA,NA,NA,NA,NA,23.3293899189776,0,23.4252567859758,0,"chi","un",21,500,0.5,0,0.1,0,FALSE,0,TRUE,101,"leave-1",500,0.5,1e+05,FALSE,20
8,2,1.83697771289037,13.6739554257808,NA,NA,NA,NA,NA,NA,23.3293899189776,0,23.3865774999132,0,"chi","un",21,500,0.5,0,0.1,0,FALSE,0,TRUE,101,"leave-1",500,0.5,1e+05,FALSE,20
8,2,1.83697771289037,13.6739554257808,NA,NA,NA,NA,NA,NA,23.3293899189776,0,23.5095417939821,0,"chi","un",21,500,0.5,0,0.1,0,FALSE,0,TRUE,101,"leave-1",500,0.5,1e+05,FALSE,20
8,2,1.83697771289037,13.6739554257808,NA,NA,NA,NA,NA,NA,23.3293899189776,0,23.3251551438674,0,"chi","un",21,500,0.5,0,0.1,0,FALSE,0,TRUE,101,"leave-1",500,0.5,1e+05,FALSE,20
8,2,1.83697771289037,13.6739554257808,NA,NA,NA,NA,NA,NA,23.3293899189776,0,23.5946461709858,0,"chi","un",21,500,0.5,0,0.1,0,FALSE,0,TRUE,101,"leave-1",500,0.5,1e+05,FALSE,20
8,2,1.83697771289037,13.6739554257808,NA,NA,NA,NA,NA,NA,23.3293899189776,0,23.3812763517713,0,"chi","un",21,500,0.5,0,0.1,0,FALSE,0,TRUE,101,"leave-1",500,0.5,1e+05,FALSE,20
8,2,1.83697771289037,13.6739554257808,NA,NA,NA,NA,NA,NA,23.3293899189776,0,23.4911528480477,0,"chi","un",21,500,0.5,0,0.1,0,FALSE,0,TRUE,101,"leave-1",500,0.5,1e+05,FALSE,20
8,2,1.83697771289037,13.6739554257808,NA,NA,NA,NA,NA,NA,23.3293899189776,0,23.4645894190239,0,"chi","un",21,500,0.5,0,0.1,0,FALSE,0,TRUE,101,"leave-1",500,0.5,1e+05,FALSE,20
8,2,1.83697771289037,13.6739554257808,NA,NA,NA,NA,NA,NA,23.3293899189776,0,23.3431645001683,0,"chi","un",21,500,0.5,0,0.1,0,FALSE,0,TRUE,101,"leave-1",500,0.5,1e+05,FALSE,20
8,2,1.83697771289037,13.6739554257808,NA,NA,NA,NA,NA,NA,23.3293899189776,0,23.4033627766199,0,"chi","un",21,500,0.5,0,0.1,0,FALSE,0,TRUE,101,"leave-1",500,0.5,1e+05,FALSE,20
8,2,1.83697771289037,13.6739554257808,NA,NA,NA,NA,NA,NA,23.3293899189776,0,23.2166609194609,0,"chi","un",21,500,0.5,0,0.1,0,FALSE,0,TRUE,101,"leave-1",500,0.5,1e+05,FALSE,20
8,2,1.83697771289037,13.6739554257808,NA,NA,NA,NA,NA,NA,23.3293899189776,0,23.3651654748349,0,"chi","un",21,500,0.5,0,0.1,0,FALSE,0,TRUE,101,"leave-1",500,0.5,1e+05,FALSE,20
8,2,1.83697771289037,13.6739554257808,NA,NA,NA,NA,NA,NA,23.3293899189776,0,23.6655480397007,0,"chi","un",21,500,0.5,0,0.1,0,FALSE,0,TRUE,101,"leave-1",500,0.5,1e+05,FALSE,20
8,2,1.83697771289037,13.6739554257808,NA,NA,NA,NA,NA,NA,23.3293899189776,0,23.1272090606711,0,"chi","un",21,500,0.5,0,0.1,0,FALSE,0,TRUE,101,"leave-1",500,0.5,1e+05,FALSE,20
8,2,1.83697771289037,13.6739554257808,NA,NA,NA,NA,NA,NA,23.3293899189776,0,23.8040079681055,0,"chi","un",21,500,0.5,0,0.1,0,FALSE,0,TRUE,101,"leave-1",500,0.5,1e+05,FALSE,20
8,2,1.83697771289037,13.6739554257808,NA,NA,NA,NA,NA,NA,23.3293899189776,0,23.5182338396416,0,"chi","un",21,500,0.5,0,0.1,0,FALSE,0,TRUE,101,"leave-1",500,0.5,1e+05,FALSE,20
8,2,1.83697771289037,13.6739554257808,NA,NA,NA,NA,NA,NA,23.3293899189776,0,23.4832211619981,0,"chi","un",21,500,0.5,0,0.1,0,FALSE,0,TRUE,101,"leave-1",500,0.5,1e+05,FALSE,20
8,2,1.83697771289037,13.6739554257808,NA,NA,NA,NA,NA,NA,23.3293899189776,0,23.3447111184142,0,"chi","un",21,500,0.5,0,0.1,0,FALSE,0,TRUE,101,"leave-1",500,0.5,1e+05,FALSE,20
8,2,1.83697771289037,13.6739554257808,NA,NA,NA,NA,NA,NA,23.3293899189776,0,23.3382950439758,0,"chi","un",21,500,0.5,0,0.1,0,FALSE,0,TRUE,101,"leave-1",500,0.5,1e+05,FALSE,20
8,2,1.83697771289037,13.6739554257808,NA,NA,NA,NA,NA,NA,23.3293899189776,0,23.6485424756868,0,"chi","un",21,500,0.5,0,0.1,0,FALSE,0,TRUE,101,"leave-1",500,0.5,1e+05,FALSE,20
8,2,1.83697771289037,13.6739554257808,NA,NA,NA,NA,NA,NA,23.3293899189776,0,23.4065468688344,0,"chi","un",21,500,0.5,0,0.1,0,FALSE,0,TRUE,101,"leave-1",500,0.5,1e+05,FALSE,20
8,2,1.83697771289037,13.6739554257808,NA,NA,NA,NA,NA,NA,23.3293899189776,0,23.3515303923169,0,"chi","un",21,500,0.5,0,0.1,0,FALSE,0,TRUE,101,"leave-1",500,0.5,1e+05,FALSE,20
8,2,1.83697771289037,13.6739554257808,NA,NA,NA,NA,NA,NA,23.3293899189776,0,23.5566821568737,0,"chi","un",21,500,0.5,0,0.1,0,FALSE,0,TRUE,101,"leave-1",500,0.5,1e+05,FALSE,20
8,2,1.83697771289037,13.6739554257808,NA,NA,NA,NA,NA,NA,23.3293899189776,0,23.3475253113691,0,"chi","un",21,500,0.5,0,0.1,0,FALSE,0,TRUE,101,"leave-1",500,0.5,1e+05,FALSE,20
8,2,1.83697771289037,13.6739554257808,NA,NA,NA,NA,NA,NA,23.3293899189776,0,23.4842295869088,0,"chi","un",21,500,0.5,0,0.1,0,FALSE,0,TRUE,101,"leave-1",500,0.5,1e+05,FALSE,20
8,2,1.83697771289037,13.6739554257808,NA,NA,NA,NA,NA,NA,23.3293899189776,0,23.7020999219118,0,"chi","un",21,500,0.5,0,0.1,0,FALSE,0,TRUE,101,"leave-1",500,0.5,1e+05,FALSE,20
8,2,1.83697771289037,13.6739554257808,NA,NA,NA,NA,NA,NA,23.3293899189776,0,23.2139901094409,0,"chi","un",21,500,0.5,0,0.1,0,FALSE,0,TRUE,101,"leave-1",500,0.5,1e+05,FALSE,20
8,2,1.83697771289037,13.6739554257808,NA,NA,NA,NA,NA,NA,23.3293899189776,0,23.4547894517357,0,"chi","un",21,500,0.5,0,0.1,0,FALSE,0,TRUE,101,"leave-1",500,0.5,1e+05,FALSE,20
8,2,1.83697771289037,13.6739554257808,NA,NA,NA,NA,NA,NA,23.3293899189776,0,23.0109420344643,0,"chi","un",21,500,0.5,0,0.1,0,FALSE,0,TRUE,101,"leave-1",500,0.5,1e+05,FALSE,20
8,2,1.83697771289037,13.6739554257808,NA,NA,NA,NA,NA,NA,23.3293899189776,0,23.2891678183321,0,"chi","un",21,500,0.5,0,0.1,0,FALSE,0,TRUE,101,"leave-1",500,0.5,1e+05,FALSE,20
8,2,1.83697771289037,13.6739554257808,NA,NA,NA,NA,NA,NA,23.3293899189776,0,23.7419540802888,0,"chi","un",21,500,0.5,0,0.1,0,FALSE,0,TRUE,101,"leave-1",500,0.5,1e+05,FALSE,20
8,2,1.83697771289037,13.6739554257808,NA,NA,NA,NA,NA,NA,23.3293899189776,0,23.2933874785253,0,"chi","un",21,500,0.5,0,0.1,0,FALSE,0,TRUE,101,"leave-1",500,0.5,1e+05,FALSE,20
8,2,1.83697771289037,13.6739554257808,NA,NA,NA,NA,NA,NA,23.3293899189776,0,23.382328425203,0,"chi","un",21,500,0.5,0,0.1,0,FALSE,0,TRUE,101,"leave-1",500,0.5,1e+05,FALSE,20
8,2,1.83697771289037,13.6739554257808,NA,NA,NA,NA,NA,NA,23.3293899189776,0,23.3584690067613,0,"chi","un",21,500,0.5,0,0.1,0,FALSE,0,TRUE,101,"leave-1",500,0.5,1e+05,FALSE,20
8,2,1.83697771289037,13.6739554257808,NA,NA,NA,NA,NA,NA,23.3293899189776,0,23.3222754518503,0,"chi","un",21,500,0.5,0,0.1,0,FALSE,0,TRUE,101,"leave-1",500,0.5,1e+05,FALSE,20
8,2,1.83697771289037,13.6739554257808,NA,NA,NA,NA,NA,NA,23.3293899189776,0,23.2258718453081,0,"chi","un",21,500,0.5,0,0.1,0,FALSE,0,TRUE,101,"leave-1",500,0.5,1e+05,FALSE,20
8,2,1.83697771289037,13.6739554257808,NA,NA,NA,NA,NA,NA,23.3293899189776,0,23.2018387022915,0,"chi","un",21,500,0.5,0,0.1,0,FALSE,0,TRUE,101,"leave-1",500,0.5,1e+05,FALSE,20
8,2,1.83697771289037,13.6739554257808,NA,NA,NA,NA,NA,NA,23.3293899189776,0,23.3442747195254,0,"chi","un",21,500,0.5,0,0.1,0,FALSE,0,TRUE,101,"leave-1",500,0.5,1e+05,FALSE,20
8,2,1.83697771289037,13.6739554257808,NA,NA,NA,NA,NA,NA,23.3293899189776,0,23.1191999231678,0,"chi","un",21,500,0.5,0,0.1,0,FALSE,0,TRUE,101,"leave-1",500,0.5,1e+05,FALSE,20
8,2,1.83697771289037,13.6739554257808,NA,NA,NA,NA,NA,NA,23.3293899189776,0,23.3851630232425,0,"chi","un",21,500,0.5,0,0.1,0,FALSE,0,TRUE,101,"leave-1",500,0.5,1e+05,FALSE,20
8,2,1.83697771289037,13.6739554257808,NA,NA,NA,NA,NA,NA,23.3293899189776,0,23.7275841978118,0,"chi","un",21,500,0.5,0,0.1,0,FALSE,0,TRUE,101,"leave-1",500,0.5,1e+05,FALSE,20
8,2,1.83697771289037,13.6739554257808,NA,NA,NA,NA,NA,NA,23.3293899189776,0,23.4276936372233,0,"chi","un",21,500,0.5,0,0.1,0,FALSE,0,TRUE,101,"leave-1",500,0.5,1e+05,FALSE,20
8,2,1.83697771289037,13.6739554257808,NA,NA,NA,NA,NA,NA,23.3293899189776,0,23.5690015251425,0,"chi","un",21,500,0.5,0,0.1,0,FALSE,0,TRUE,101,"leave-1",500,0.5,1e+05,FALSE,20
8,2,1.83697771289037,13.6739554257808,NA,NA,NA,NA,NA,NA,23.3293899189776,0,24.2000966145878,0,"chi","un",21,500,0.5,0,0.1,0,FALSE,0,TRUE,101,"leave-1",500,0.5,1e+05,FALSE,20
8,2,1.83697771289037,13.6739554257808,NA,NA,NA,NA,NA,NA,23.3293899189776,0,23.2891513655861,0,"chi","un",21,500,0.5,0,0.1,0,FALSE,0,TRUE,101,"leave-1",500,0.5,1e+05,FALSE,20
8,2,1.83697771289037,13.6739554257808,NA,NA,NA,NA,NA,NA,23.3293899189776,0,23.3956253220034,0,"chi","un",21,500,0.5,0,0.1,0,FALSE,0,TRUE,101,"leave-1",500,0.5,1e+05,FALSE,20
8,2,1.83697771289037,13.6739554257808,NA,NA,NA,NA,NA,NA,23.3293899189776,0,23.3422944338676,0,"chi","un",21,500,0.5,0,0.1,0,FALSE,0,TRUE,101,"leave-1",500,0.5,1e+05,FALSE,20
8,2,1.83697771289037,13.6739554257808,NA,NA,NA,NA,NA,NA,23.3293899189776,0,23.4439164393949,0,"chi","un",21,500,0.5,0,0.1,0,FALSE,0,TRUE,101,"leave-1",500,0.5,1e+05,FALSE,20
8,2,1.83697771289037,13.6739554257808,NA,NA,NA,NA,NA,NA,23.3293899189776,0,23.4583921871964,0,"chi","un",21,500,0.5,0,0.1,0,FALSE,0,TRUE,101,"leave-1",500,0.5,1e+05,FALSE,20
8,2,1.83697771289037,13.6739554257808,NA,NA,NA,NA,NA,NA,23.3293899189776,0,23.3796180390285,0,"chi","un",21,500,0.5,0,0.1,0,FALSE,0,TRUE,101,"leave-1",500,0.5,1e+05,FALSE,20
8,2,1.83697771289037,13.6739554257808,NA,NA,NA,NA,NA,NA,23.3293899189776,0,23.1841931318474,0,"chi","un",21,500,0.5,0,0.1,0,FALSE,0,TRUE,101,"leave-1",500,0.5,1e+05,FALSE,20
8,2,1.83697771289037,13.6739554257808,NA,NA,NA,NA,NA,NA,23.3293899189776,0,23.359594731301,0,"chi","un",21,500,0.5,0,0.1,0,FALSE,0,TRUE,101,"leave-1",500,0.5,1e+05,FALSE,20
